activity_id,museum_name,museum_category,city,activity_url,activity_title,has_digital_experience,digital_experience_description,special_needs_accessible,accessibility_description,target_age,lang_nl,lang_en,lang_de,lang_fr,lang_es,lang_it,lang_pap,lang_ru,lang_ja,lang_zh,lang_uk,lang_ar,lang_pt,lang_ko
1,Rembrandthuis,historical museum; art museum building; museum house,Amsterdam,https://www.rembrandthuis.nl/nl/plan-je-bezoek/bezoekersinformatie/families-kinderen/,Families & Kinderen,True,"multimedia, tablet",True,general accessibility,6+ jaar,True,False,False,False,False,False,False,False,False,False,False,False,False,False
2,Rembrandthuis,historical museum; art museum building; museum house,Amsterdam,https://www.rembrandthuis.nl/nl/plan-je-bezoek/onderwijs/,Onderwijs,True,tablet,True,general accessibility,,True,False,False,False,False,False,False,False,False,False,False,False,False,False
3,Rembrandthuis,historical museum; art museum building; museum house,Amsterdam,https://www.rembrandthuis.nl/en/plan-your-visit/visitor-information/families-with-children/,Families & Children,True,"multimedia, tablet",True,general accessibility,,True,True,False,False,False,False,False,False,False,False,False,False,False,False
4,Rembrandthuis,historical museum; art museum building; museum house,Amsterdam,https://www.rembrandthuis.nl/de/plane-deinen-besuch/besucherinformation/familien-und-kinder/,Familien & Kinder,True,"multimedia, tablet",True,general accessibility,,False,False,True,False,False,False,False,False,False,False,False,False,False,False
5,Rembrandthuis,historical museum; art museum building; museum house,Amsterdam,https://www.rembrandthuis.nl/nl/plan-je-bezoek/activiteiten-voor-families-en-kinderen/,Activiteiten voor families en kinderen,True,tablet,True,general accessibility,10+ jaar; 12+ jaar; 8+ jaar,True,False,False,False,False,False,False,False,False,False,False,False,False,False
6,Rembrandthuis,historical museum; art museum building; museum house,Amsterdam,https://www.rembrandthuis.nl/en/plan-your-visit/education/,education,True,tablet,True,general accessibility,,False,True,False,False,False,False,False,False,False,False,False,False,False,False
7,Drents Museum,,Assen,https://drentsmuseum.nl/deelcollecties/schilders-van-drenthe,Op deze pagina,True,app,True,"people with disabilities, sensory-friendly, sign language support, visual impairment support, wheelchair access",,True,True,False,False,False,False,False,False,False,False,False,False,False,False
8,Drents Museum,,Assen,https://drentsmuseum.nl/zien-en-doen/voor-families,In ons museum beleef je iedere keer weer een nieuw avontuur!,True,app,True,"people with disabilities, sensory-friendly, sign language support, visual impairment support, wheelchair access",,True,True,False,False,False,False,False,False,False,False,False,False,False,False
9,Drents Museum,,Assen,https://drentsmuseum.nl/onderwijs,Onderwijs nieuwsbrieven,True,app,True,"people with disabilities, sensory-friendly, sign language support, visual impairment support, wheelchair access",,True,True,False,False,False,False,False,False,False,False,False,False,False,False
10,Drents Museum,,Assen,https://drentsmuseum.nl/en/subcollections/schilders-van-drenthe,On this page,False,,True,"people with disabilities, sensory-friendly, sign language support, visual impairment support, wheelchair access",,True,True,True,True,False,False,False,False,False,False,False,False,False,False
11,Drents Museum,,Assen,https://drentsmuseum.nl/collectie/kind-onder-bomen-voorstudie-spelende-kinderen,Drents Museum,True,app,True,"people with disabilities, sensory-friendly, sign language support, visual impairment support, wheelchair access",,True,True,False,False,False,False,False,False,False,False,False,False,False,False
12,Drents Museum,,Assen,https://drentsmuseum.nl/onderwijs/hbo-wo,Goed om  te weten,True,app,True,"people with disabilities, sensory-friendly, sign language support, visual impairment support, wheelchair access",,True,True,False,False,False,False,False,False,False,False,False,False,False,False
13,Drents Museum,,Assen,https://drentsmuseum.nl/onderwijs/voortgezet-onderwijs,Nieuwsbrief voortgezet onderwijs,True,app,True,"people with disabilities, sensory-friendly, sign language support, visual impairment support, wheelchair access",,True,True,False,False,False,False,False,False,False,False,False,False,False,False
14,Drents Museum,,Assen,https://drentsmuseum.nl/onderwijs/online-lessen,Programma's,True,"app, interactive",True,"people with disabilities, sensory-friendly, sign language support, visual impairment support, wheelchair access",,True,True,False,False,False,False,False,False,False,False,False,False,False,False
15,Drents Museum,,Assen,https://drentsmuseum.nl/onderwijs/aanbod/wereldgeschiedenis-in-je-achtertuin,Praktische informatie,True,"app, interactive",True,"people with disabilities, sensory-friendly, sign language support, visual impairment support, wheelchair access",,True,True,False,False,False,False,False,False,False,False,False,False,False,False
16,Drents Museum,,Assen,https://drentsmuseum.nl/onderwijs/basisonderwijs,Nieuwsbrief basisonderwijs,True,"app, interactive",True,"people with disabilities, sensory-friendly, sign language support, visual impairment support, wheelchair access",,True,True,False,False,False,False,False,False,False,False,False,False,False,False
17,Drents Museum,,Assen,https://drentsmuseum.nl/onderwijs/aanbod,Enthousiast geworden?,True,app,True,"people with disabilities, sensory-friendly, sign language support, visual impairment support, wheelchair access",,True,True,False,False,False,False,False,False,False,False,False,False,False,False
18,Drents Museum,,Assen,https://drentsmuseum.nl/onderwijs/aanbod/het-grootste-poppenhuis-van-nederland,Praktische informatie,True,"app, interactive",True,"people with disabilities, sensory-friendly, sign language support, visual impairment support, wheelchair access",,True,True,False,False,False,False,False,False,False,False,False,False,False,False
19,Moco Museum,art museum building,Amsterdam,https://www.mocomuseum.com/schools-and-students/,Schools and Students,True,app,True,"general accessibility, wheelchair access",,True,True,True,True,True,False,False,False,False,False,False,False,False,False
20,Moco Museum,art museum building,Amsterdam,https://www.mocomuseum.com/nl/scholen-en-studenten/,Scholen en studenten,True,app,True,"general accessibility, wheelchair access",,True,True,True,True,True,False,False,False,False,False,False,False,False,False
21,Landbouw-Juttersmuseum Swartwoude,,Buren,https://www.amelandermusea.nl/excursies-exposities/freetour-nes/,Startlocatie,False,,False,,,True,False,False,False,False,False,False,False,False,False,False,False,False,False
22,Landbouw-Juttersmuseum Swartwoude,,Buren,https://www.amelandermusea.nl/locaties/koren-en-oliemolen-de-phenix/,Rolstoelvriendelijk,False,,False,,13+ jaar,True,False,True,False,False,False,False,False,False,False,False,False,False,False
23,Landbouw-Juttersmuseum Swartwoude,,Buren,https://www.amelandermusea.nl/locaties/bunkermuseum-ameland/,Niet Rolstoelvriendelijk,False,,False,,,True,False,True,False,False,False,False,False,False,False,False,False,False,False
24,Landbouw-Juttersmuseum Swartwoude,,Buren,https://www.amelandermusea.nl/locaties/de-amelander-vuurtoren/,Niet rolstoelvriendelijk,False,,False,,13+ jaar,True,False,True,False,False,False,False,False,False,False,False,False,False,False
25,Landbouw-Juttersmuseum Swartwoude,,Buren,https://www.amelandermusea.nl/locaties/koren-en-mosterdmolen-de-verwachting/,Rolstoelvriendelijk,False,,False,,13+ jaar,True,False,True,False,False,False,False,False,False,False,False,False,False,False
26,Landbouw-Juttersmuseum Swartwoude,,Buren,https://www.amelandermusea.nl/locaties/amelander-brandspuithuuske/,Rolstoelvriendelijk,False,,False,,,True,False,True,False,False,False,False,False,False,False,False,False,False,False
27,Landbouw-Juttersmuseum Swartwoude,,Buren,https://www.amelandermusea.nl/locaties/maritiem-centrum-abraham-fock/,Rolstoelvriendelijk (gedeeltelijk),False,,False,,13+ jaar,True,False,True,False,False,False,False,False,False,False,False,False,False,False
28,Landbouw-Juttersmuseum Swartwoude,,Buren,https://www.amelandermusea.nl/locaties/amelander-cultuurmuseum/,Rolstoelvriendelijk,False,,False,,,True,False,True,False,False,False,False,False,False,False,False,False,False,False
29,Landbouw-Juttersmuseum Swartwoude,,Buren,https://www.amelandermusea.nl/locaties/natuurcentrum/,Rolstoelvriendelijk,False,,False,,,True,False,True,False,False,False,False,False,False,False,False,False,False,False
30,Timmerfabriek,factory,Maastricht,http://www.bureau-europa.nl/nieuws/2026/01/30/oproep-vrijwilligers-gezocht-textielworkshops/,Oproep - Vrijwilligers gezocht textielworkshops,False,,False,,,True,True,False,False,False,False,False,False,False,False,False,False,False,False
31,SieboldHuis,,Leiden,https://www.sieboldhuis.org/en/activities/,Activities,False,,True,"general accessibility, wheelchair access",,True,True,True,False,False,False,False,False,True,False,False,False,False,False
32,SieboldHuis,,Leiden,https://www.sieboldhuis.org/ja/activities/,ã·ã¼ãã«ãé¢é£æå ±,False,,True,"general accessibility, wheelchair access",,True,True,True,False,False,False,False,False,True,False,False,False,False,False
33,SieboldHuis,,Leiden,https://www.sieboldhuis.org/en/activities-archive/,Archive activities,True,audio guide,True,"general accessibility, wheelchair access",,True,True,True,False,False,False,False,False,True,False,False,False,False,False
34,SieboldHuis,,Leiden,https://www.sieboldhuis.org/activiteiten/,Activiteiten overzicht,True,audio guide,True,"general accessibility, wheelchair access",,True,True,True,False,False,False,False,False,True,False,False,False,False,False
35,Marinemuseum,Marine Museum,Den Helder,https://www.marinemuseum.nl/nl/voortgezet-onderwijs/,Voortgezet onderwijs,True,tablet,True,wheelchair access,,True,True,True,False,False,False,False,False,False,False,False,False,False,False
36,Marinemuseum,Marine Museum,Den Helder,https://www.marinemuseum.nl/nl/bezoek/met-kinderen/,Uitje voor het hele gezin!,True,"game, tablet",True,wheelchair access,13+ jaar; 7+ jaar,True,True,True,False,False,False,False,False,False,False,False,False,False,False
37,Marinemuseum,Marine Museum,Den Helder,https://www.marinemuseum.nl/nl/schilderij/,Schilderij Slag in de Javazee,True,tablet,True,wheelchair access,,True,True,True,False,False,False,False,False,False,False,False,False,False,False
38,Marinemuseum,Marine Museum,Den Helder,https://www.marinemuseum.nl/nl/onderwijs/,Onderwijs,True,tablet,True,wheelchair access,,True,True,True,False,False,False,False,False,False,False,False,False,False,False
39,Marinemuseum,Marine Museum,Den Helder,https://www.marinemuseum.nl/nl/basisonderwijs/,Basisonderwijs,True,tablet,True,wheelchair access,,True,True,True,False,False,False,False,False,False,False,False,False,False,False
40,Marinemuseum,Marine Museum,Den Helder,https://www.marinemuseum.nl/nl/voortgezet-onderwijs/koude-oorlog/,Programma Koude Oorlog,True,tablet,True,wheelchair access,,True,True,True,False,False,False,False,False,False,False,False,False,False,False
41,Marinemuseum,Marine Museum,Den Helder,https://www.marinemuseum.nl/nl/voortgezet-onderwijs/anti-piraterij/,lesprogramma Kaping in de klas,True,tablet,True,wheelchair access,,True,True,True,False,False,False,False,False,False,False,False,False,False,False
42,Marinemuseum,Marine Museum,Den Helder,https://www.marinemuseum.nl/en/visit/with-children/,Fun for kids,True,"app, tablet",True,wheelchair access,,True,True,True,False,False,False,False,False,False,False,False,False,False,False
43,Marinemuseum,Marine Museum,Den Helder,https://www.marinemuseum.nl/nl/schilderij/fase-3/,Fase 3,True,tablet,True,wheelchair access,,True,True,True,False,False,False,False,False,True,False,False,False,False,False
44,Marinemuseum,Marine Museum,Den Helder,https://www.marinemuseum.nl/nl/schilderij/fase-2/,Fase 2,True,tablet,True,wheelchair access,,True,True,True,False,False,False,False,False,False,False,False,False,False,False
45,Marinemuseum,Marine Museum,Den Helder,https://www.marinemuseum.nl/nl/schilderij/fase-1/,Fase 1,True,tablet,True,wheelchair access,,True,True,True,False,False,False,False,False,False,False,False,False,False,False
46,Marinemuseum,Marine Museum,Den Helder,https://www.marinemuseum.nl/nl/basisonderwijs/bso/,BSO,True,tablet,True,wheelchair access,,True,True,True,False,False,False,False,False,False,False,False,False,False,False
47,Marinemuseum,Marine Museum,Den Helder,https://www.marinemuseum.nl/nl/veva-mbo-programma/,VeVa programma,True,tablet,True,wheelchair access,,True,True,True,False,False,False,False,False,False,False,False,False,False,False
48,Het Scheepvaartmuseum,military museum; national museum; shipping museum,Amsterdam,https://www.hetscheepvaartmuseum.nl/doen/families-en-kinderen,Families en kinderen,True,audio guide,True,"general accessibility, hearing impairment support, people with disabilities, wheelchair access",,True,True,False,False,False,False,False,False,False,False,False,False,False,False
49,Het Scheepvaartmuseum,military museum; national museum; shipping museum,Amsterdam,https://www.hetscheepvaartmuseum.nl/bezoek/onderwijs,Onderwijs,False,,True,"general accessibility, hearing impairment support, people with disabilities, wheelchair access",,True,True,False,False,False,False,False,False,False,False,False,False,False,False
50,Het Scheepvaartmuseum,military museum; national museum; shipping museum,Amsterdam,https://www.hetscheepvaartmuseum.nl/doen/tentoonstellingen/duiker-doris,Duiker Doris,False,,True,"general accessibility, hearing impairment support, people with disabilities, wheelchair access",,True,True,False,False,False,False,False,False,False,False,False,False,False,False
51,Het Scheepvaartmuseum,military museum; national museum; shipping museum,Amsterdam,https://www.hetscheepvaartmuseum.nl/doen/families-en-kinderen/junior-audiotour,junior audiotour,True,audio guide,True,"general accessibility, hearing impairment support, people with disabilities, wheelchair access",,True,True,False,False,False,False,False,False,False,False,False,False,False,False
52,Het Scheepvaartmuseum,military museum; national museum; shipping museum,Amsterdam,https://www.hetscheepvaartmuseum.nl/over-ons/nieuwsbrief,nieuwsbrief,False,,True,"general accessibility, hearing impairment support, people with disabilities, wheelchair access",,True,True,False,False,False,False,False,False,False,False,False,False,False,False
53,Het Scheepvaartmuseum,military museum; national museum; shipping museum,Amsterdam,https://www.hetscheepvaartmuseum.nl/doen/agenda/voorjaarsvakantie-het-scheepvaartmuseum,Voorjaarsvakantie,True,audio guide,True,"general accessibility, hearing impairment support, people with disabilities, wheelchair access",6+ jaar,True,True,False,False,False,False,False,False,False,False,False,False,False,False
54,Het Scheepvaartmuseum,military museum; national museum; shipping museum,Amsterdam,https://www.hetscheepvaartmuseum.nl/bezoek/onderwijs/bso,BSO & voorscholen,False,,True,"general accessibility, hearing impairment support, people with disabilities, wheelchair access",,True,True,False,False,False,False,False,False,False,False,False,False,False,False
55,Het Scheepvaartmuseum,military museum; national museum; shipping museum,Amsterdam,https://www.hetscheepvaartmuseum.nl/bezoek/onderwijs/online-onderwijs,Online onderwijs,False,,True,"general accessibility, hearing impairment support, people with disabilities, wheelchair access",,True,True,False,False,False,False,False,False,False,False,False,False,False,False
56,Het Scheepvaartmuseum,military museum; national museum; shipping museum,Amsterdam,https://www.hetscheepvaartmuseum.nl/bezoek/onderwijs/reserveren-vo,Aanvraag onderwijsprogramma,False,,True,"general accessibility, hearing impairment support, people with disabilities, wheelchair access",,True,True,False,False,False,False,False,False,False,False,False,False,False,False
57,Het Scheepvaartmuseum,military museum; national museum; shipping museum,Amsterdam,https://www.hetscheepvaartmuseum.nl/bezoek/onderwijs/hbo-wo,Hbo/wo,False,,True,"general accessibility, hearing impairment support, people with disabilities, wheelchair access",,True,True,False,False,False,False,False,False,False,False,False,False,False,False
58,Het Scheepvaartmuseum,military museum; national museum; shipping museum,Amsterdam,https://www.hetscheepvaartmuseum.nl/bezoek/onderwijs/bo,Basisonderwijs,False,,True,"general accessibility, hearing impairment support, people with disabilities, wheelchair access",,True,True,False,False,False,False,False,False,False,False,False,False,False,False
59,Het Scheepvaartmuseum,military museum; national museum; shipping museum,Amsterdam,https://www.hetscheepvaartmuseum.nl/bezoek/onderwijs/NT2_Nederlands_voor_nieuwkomers,NT2 rondleidingen,True,interactive,True,"general accessibility, hearing impairment support, people with disabilities, wheelchair access",,True,True,False,False,False,False,False,False,False,False,False,False,False,False
60,Het Scheepvaartmuseum,military museum; national museum; shipping museum,Amsterdam,https://www.hetscheepvaartmuseum.nl/form/hbo-wo-reservering-onderwijsprog,Main navigation,False,,True,"general accessibility, hearing impairment support, people with disabilities, wheelchair access",,True,True,False,False,False,False,False,False,False,False,False,False,False,False
61,Het Scheepvaartmuseum,military museum; national museum; shipping museum,Amsterdam,https://www.hetscheepvaartmuseum.nl/bezoek/onderwijs/vo,Voortgezet,False,,True,"general accessibility, hearing impairment support, people with disabilities, wheelchair access",,True,True,False,False,False,False,False,False,False,False,False,False,False,False
62,Het Scheepvaartmuseum,military museum; national museum; shipping museum,Amsterdam,https://www.hetscheepvaartmuseum.nl/bezoek/onderwijs/speciaal-onderwijs,Speciaal onderwijs,False,,True,"general accessibility, hearing impairment support, people with disabilities, wheelchair access",,True,True,False,False,False,False,False,False,False,False,False,False,False,False
63,Het Scheepvaartmuseum,military museum; national museum; shipping museum,Amsterdam,https://www.hetscheepvaartmuseum.nl/bezoek/onderwijs/reserveren-bo,Aanvraag onderwijsprogramma,False,,True,"general accessibility, hearing impairment support, people with disabilities, wheelchair access",,True,True,False,False,False,False,False,False,False,False,False,False,False,False
64,Het Scheepvaartmuseum,military museum; national museum; shipping museum,Amsterdam,https://www.hetscheepvaartmuseum.nl/form/mbo-reservering-onderwijsprogram,Main navigation,False,,True,"general accessibility, hearing impairment support, people with disabilities, wheelchair access",,True,True,False,False,False,False,False,False,False,False,False,False,False,False
65,Het Scheepvaartmuseum,military museum; national museum; shipping museum,Amsterdam,https://www.hetscheepvaartmuseum.nl/bezoek/onderwijs/mbo,Mbo,False,,True,"general accessibility, hearing impairment support, people with disabilities, wheelchair access",,True,True,False,False,False,False,False,False,False,False,False,False,False,False
66,Museum Valkenburg,post office,Valkenburg aan de Geul,https://www.museumvalkenburg.nl/agenda/speciaal-voor-kinderen-ga-mee-op-pad-met-de-archeoloog-op-zoek-naar-sporen-van-het-verleden/,Speciaal voor kinderen: Ga mee op pad met de archeoloog op zoek naar sporen van het verleden,True,VR,True,"people with disabilities, wheelchair access",,True,False,False,False,False,False,False,False,False,False,False,False,False,False
67,ANNO,,Zwolle,https://anno.nl/projecten/wegens-succes-verlengd-alles-is-familie/,Wegens succes verlengd / Alles is Familie,False,,True,people with disabilities,,True,False,False,False,False,False,False,False,False,False,False,False,False,False
68,ANNO,,Zwolle,https://anno.nl/educatie,Erfgoededucatie en lesprogramma’s,False,,True,people with disabilities,,True,False,False,False,False,False,False,False,False,False,False,False,False,False
69,ANNO,,Zwolle,https://anno.nl/kinderen-in-het-museum/,ANNO Voor Kinderen,False,,True,people with disabilities,,True,False,False,False,False,False,False,False,False,False,False,False,False,False
70,ANNO,,Zwolle,https://anno.nl/lesprogramma-storm-in-de-kerk/,Lesprogramma “Storm in de kerk”,False,,True,people with disabilities,,True,False,False,False,False,False,False,False,False,False,False,False,False,False
71,ANNO,,Zwolle,https://anno.nl/lesprogramma-archeologie-in-de-klas/,Lesprogramma: archeologie in de klas,False,,True,people with disabilities,,True,False,False,False,False,False,False,False,False,False,False,False,False,False
72,ANNO,,Zwolle,https://anno.nl/lesprogramma-zwolle-en-het-verraad-van-de-blauwvingers/,Lesprogramma: Zwolle en het verraad van de Blauwvingers,False,,True,people with disabilities,,True,False,False,False,False,False,False,False,False,False,False,False,False,False
73,ANNO,,Zwolle,https://anno.nl/lesprogramma-over-bikkels-en-pechvogels/,Lesprogramma: Over Bikkels en Pechvogels,False,,True,people with disabilities,,True,False,False,False,False,False,False,False,False,False,False,False,False,False
74,ANNO,,Zwolle,https://anno.nl/lesprogramma-aangenaam-anno/,"Lesprogramma: aangenaam, ANNO!",False,,True,people with disabilities,,True,False,False,False,False,False,False,False,False,False,False,False,False,False
75,ANNO,,Zwolle,https://anno.nl/lesprogramma-machtig-mooi-huis/,Lesprogramma: machtig mooi huis,False,,True,people with disabilities,,True,False,False,False,False,False,False,False,False,False,False,False,False,False
76,ANNO,,Zwolle,https://anno.nl/lesprogramma-de-tweede-wereldoorlog-in-zwolle/,Lesprogramma: De Tweede Wereldoorlog in Zwolle,False,,True,people with disabilities,,True,False,False,False,False,False,False,False,False,False,False,False,False,False
77,ANNO,,Zwolle,https://anno.nl/op-de-toren-zit-een-haan-omgevingsgericht-onderwijs-voor-kleuters/,Lesprogramma: Op de toren zit een Haan: omgevingsgericht onderwijs voor kleuters,False,,True,people with disabilities,,True,False,False,False,False,False,False,False,False,False,False,False,False,False
78,Oude Kerk,church building; parish church,Amsterdam,https://oudekerk.nl/publieksprogramma,Publieksprogramma,True,tablet,True,people with disabilities,,True,False,False,False,False,False,False,False,False,False,False,False,False,False
79,Oude Kerk,church building; parish church,Amsterdam,https://oudekerk.nl/nu-te-zien/evenementen/workshop-smeden-solderen-2/44860,Workshop Smeden en Solderen #2,True,tablet,True,people with disabilities,,True,False,False,False,False,False,False,False,False,False,False,False,False,False
80,Oude Kerk,church building; parish church,Amsterdam,https://oudekerk.nl/nu-te-zien/tentoonstellingen/jesse-darling-godsworth/41770,Jesse Darling: Godsworth,True,tablet,True,people with disabilities,,True,False,False,False,False,False,False,False,False,False,False,False,False,False
81,Oude Kerk,church building; parish church,Amsterdam,https://oudekerk.nl/groepen-en-scholen,Groepen en scholen,True,tablet,True,people with disabilities,,True,False,False,False,False,False,False,False,False,False,False,False,False,False
82,Oude Kerk,church building; parish church,Amsterdam,https://oudekerk.nl/nu-te-zien/afgelopen,Archief,True,tablet,True,people with disabilities,,True,False,False,False,False,False,False,False,False,False,False,False,False,False
83,Oude Kerk,church building; parish church,Amsterdam,https://oudekerk.nl/primair-onderwijs/7948,Primair onderwijs,True,tablet,True,people with disabilities,,True,False,False,False,False,False,False,False,False,False,False,False,False,False
84,Oude Kerk,church building; parish church,Amsterdam,https://oudekerk.nl/voortgezetonderwijs/7954,Voortgezet onderwijs,True,tablet,True,people with disabilities,,True,False,False,False,False,False,False,False,False,False,False,False,False,False
85,Hollands Kaasmuseum,,Alkmaar,https://www.kaasmuseum.nl/wat-is-er-te-doen/voor-kinderen/,Voor kinderen,True,VR,True,wheelchair access,,True,True,True,True,True,False,False,False,False,True,False,False,False,False
86,Hollands Kaasmuseum,,Alkmaar,https://www.kaasmuseum.nl/onderwijs/,Onderwijs,True,VR,True,wheelchair access,,True,True,True,True,True,False,False,False,False,True,False,False,False,False
87,Hollands Kaasmuseum,,Alkmaar,https://www.kaasmuseum.nl/en/things-to-do/for-children/,For children,True,"game, interactive, touchscreen",True,wheelchair access,,True,True,True,True,True,False,False,False,False,True,False,False,False,False
88,Hollands Kaasmuseum,,Alkmaar,https://www.kaasmuseum.nl/onderwijs/lespakket/,Lespakket,True,VR,True,wheelchair access,,True,True,True,True,True,False,False,False,False,True,False,False,False,False
89,Hollands Kaasmuseum,,Alkmaar,https://www.kaasmuseum.nl/onderwijs/spreekbeurt/,Spreekbeurt,True,VR,True,wheelchair access,,True,True,True,True,True,False,False,False,False,True,False,False,False,False
90,Eye Filmmuseum,cinema; cinema; film archive; film museum,Amsterdam,https://www.eyefilm.nl/kinderprogrammas,Eye Filmmuseum voor kinderen,False,,True,"general accessibility, people with disabilities, sign language support, visual impairment support, wheelchair access",,True,False,False,False,False,False,False,False,False,False,False,False,False,False
91,Eye Filmmuseum,cinema; cinema; film archive; film museum,Amsterdam,https://www.eyefilm.nl/programma/2001-a-time-capsule/1600279,2001,False,,True,"general accessibility, people with disabilities, sign language support, visual impairment support, wheelchair access",,True,False,False,False,False,False,False,False,False,False,False,False,False,False
92,Eye Filmmuseum,cinema; cinema; film archive; film museum,Amsterdam,https://www.eyefilm.nl/educatie,Educatie,False,,True,"general accessibility, people with disabilities, sign language support, visual impairment support, wheelchair access",,True,False,False,False,False,False,False,False,False,False,False,False,False,False
93,Eye Filmmuseum,cinema; cinema; film archive; film museum,Amsterdam,https://www.eyefilm.nl/programma/eyes-open/1583300,Eye(s) Open,False,,True,"general accessibility, people with disabilities, sign language support, visual impairment support, wheelchair access",,True,True,False,False,False,False,False,False,False,False,False,False,False,False
94,Eye Filmmuseum,cinema; cinema; film archive; film museum,Amsterdam,https://www.eyefilm.nl/programma/eye-classics/63587,Eye Classics,False,,True,"general accessibility, people with disabilities, sign language support, visual impairment support, wheelchair access",,True,False,False,False,False,False,False,False,False,False,False,False,False,False
95,Eye Filmmuseum,cinema; cinema; film archive; film museum,Amsterdam,https://www.eyefilm.nl/alle-programmas,Programmering,True,VR,True,"general accessibility, people with disabilities, sign language support, visual impairment support, wheelchair access",,True,False,False,False,False,False,False,False,False,False,False,False,False,False
96,Eye Filmmuseum,cinema; cinema; film archive; film museum,Amsterdam,https://www.eyefilm.nl/programma/filmmagie/1021499,Filmmagie,False,,True,"general accessibility, people with disabilities, sign language support, visual impairment support, wheelchair access",6+ jaar,True,False,False,False,False,False,False,False,False,False,False,False,False,False
97,Eye Filmmuseum,cinema; cinema; film archive; film museum,Amsterdam,https://www.eyefilm.nl/programma/cinemini/63168,Cinemini,False,,True,"general accessibility, people with disabilities, sign language support, visual impairment support, wheelchair access",,True,False,False,False,False,False,False,False,False,False,False,False,False,False
98,Eye Filmmuseum,cinema; cinema; film archive; film museum,Amsterdam,https://www.eyefilm.nl/kinderprogrammas/ontdekroute,Ontdekroute voor families,False,,True,"general accessibility, people with disabilities, sign language support, visual impairment support, wheelchair access",,True,False,False,False,False,False,False,False,False,False,False,False,False,False
99,Eye Filmmuseum,cinema; cinema; film archive; film museum,Amsterdam,https://www.eyefilm.nl/en/childrens-activities,Eye Filmmuseum for children,True,app,True,"general accessibility, people with disabilities, sign language support, visual impairment support, wheelchair access",,False,True,False,False,False,False,False,False,False,False,False,False,False,False
100,Eye Filmmuseum,cinema; cinema; film archive; film museum,Amsterdam,https://www.eyefilm.nl/educatie/netwerk-filmeducatie,Netwerk Filmeducatie,False,,True,"general accessibility, people with disabilities, sign language support, visual impairment support, wheelchair access",,True,False,False,False,False,False,False,False,False,False,False,False,False,False
101,Eye Filmmuseum,cinema; cinema; film archive; film museum,Amsterdam,https://www.eyefilm.nl/en/programme/2001-a-time-capsule/1600279,2001,False,,True,"general accessibility, people with disabilities, sign language support, visual impairment support, wheelchair access",,False,True,False,False,False,False,False,False,False,False,False,False,False,False
102,Eye Filmmuseum,cinema; cinema; film archive; film museum,Amsterdam,https://www.eyefilm.nl/educatie/scholen-en-docenten,Scholen & docenten,False,,True,"general accessibility, people with disabilities, sign language support, visual impairment support, wheelchair access",,True,False,False,False,False,False,False,False,False,False,False,False,False,False
103,Eye Filmmuseum,cinema; cinema; film archive; film museum,Amsterdam,https://www.eyefilm.nl/en/education,Education,False,,True,"general accessibility, people with disabilities, sign language support, visual impairment support, wheelchair access",,False,True,False,False,False,False,False,False,False,False,False,False,False,False
104,Eye Filmmuseum,cinema; cinema; film archive; film museum,Amsterdam,https://www.eyefilm.nl/magazine/cultuurcoaches-noord-blijven-dankzij-subsidie/1451313,Cultuurcoaches in Noord blijven dankzij subsidie AFK,False,,True,"general accessibility, people with disabilities, sign language support, visual impairment support, wheelchair access",,True,False,False,False,False,False,False,False,False,False,False,False,False,False
105,Eye Filmmuseum,cinema; cinema; film archive; film museum,Amsterdam,https://www.eyefilm.nl/over-eye/communities/moviezone,MovieZone,False,,True,"general accessibility, people with disabilities, sign language support, visual impairment support, wheelchair access",,True,False,False,False,False,False,False,False,False,False,False,False,False,False
106,Eye Filmmuseum,cinema; cinema; film archive; film museum,Amsterdam,https://www.eyefilm.nl/educatie/mbo/46478,Eye voor het MBO,False,,True,"general accessibility, people with disabilities, sign language support, visual impairment support, wheelchair access",,True,False,False,False,False,False,False,False,False,False,False,False,False,False
107,Eye Filmmuseum,cinema; cinema; film archive; film museum,Amsterdam,https://www.eyefilm.nl/educatie/hbo/45426,Eye voor het HBO,False,,True,"general accessibility, people with disabilities, sign language support, visual impairment support, wheelchair access",,True,False,False,False,False,False,False,False,False,False,False,False,False,False
108,Eye Filmmuseum,cinema; cinema; film archive; film museum,Amsterdam,https://www.eyefilm.nl/magazine/kennis-komt-samen-in-eyes-filmeducatiepilot-voor-het-speciaal-onderwijs/1296117,“Kennis komt samen in Eye’s filmeducatiepilot voor het speciaal onderwijs”,True,"app, interactive",True,"general accessibility, people with disabilities, sign language support, visual impairment support, wheelchair access",,True,False,False,False,False,False,False,False,False,False,False,False,False,False
109,Eye Filmmuseum,cinema; cinema; film archive; film museum,Amsterdam,https://www.eyefilm.nl/educatie/wo/45689,Eye voor het WO,False,,True,"general accessibility, people with disabilities, sign language support, visual impairment support, wheelchair access",,True,False,False,False,False,False,False,False,False,False,False,False,False,False
110,Eye Filmmuseum,cinema; cinema; film archive; film museum,Amsterdam,https://www.eyefilm.nl/educatie/speciaal-onderwijs/45777,Eye voor het speciaal onderwijs,False,,True,"general accessibility, people with disabilities, sign language support, visual impairment support, wheelchair access",,True,False,False,False,False,False,False,False,False,False,False,False,False,False
111,Eye Filmmuseum,cinema; cinema; film archive; film museum,Amsterdam,https://www.eyefilm.nl/educatie/voortgezet-onderwijs/36055,Eye voor het voortgezet onderwijs,False,,True,"general accessibility, people with disabilities, sign language support, visual impairment support, wheelchair access",,True,False,False,False,False,False,False,False,False,False,False,False,False,False
112,Eye Filmmuseum,cinema; cinema; film archive; film museum,Amsterdam,https://www.eyefilm.nl/educatie/primair-onderwijs/35996,Eye voor het primair onderwijs,False,,True,"general accessibility, people with disabilities, sign language support, visual impairment support, wheelchair access",,True,False,False,False,False,False,False,False,False,False,False,False,False,False
113,Eye Filmmuseum,cinema; cinema; film archive; film museum,Amsterdam,https://www.eyefilm.nl/educatie/ontdek-de-tentoonstelling/48043,Ontdek de tentoonstelling,False,,True,"general accessibility, people with disabilities, sign language support, visual impairment support, wheelchair access",,True,False,False,False,False,False,False,False,False,False,False,False,False,False
114,Eye Filmmuseum,cinema; cinema; film archive; film museum,Amsterdam,https://www.eyefilm.nl/en/programme/eyes-open/1583300,Eye(s) Open,False,,True,"general accessibility, people with disabilities, sign language support, visual impairment support, wheelchair access",,True,True,False,False,False,False,False,False,False,False,False,False,False,False
115,Eye Filmmuseum,cinema; cinema; film archive; film museum,Amsterdam,https://www.eyefilm.nl/en/programme/eye-classics/63587,Eye Classics,False,,True,"general accessibility, people with disabilities, sign language support, visual impairment support, wheelchair access",,False,True,False,False,False,False,False,False,False,False,False,False,False,False
116,Eye Filmmuseum,cinema; cinema; film archive; film museum,Amsterdam,https://www.eyefilm.nl/#scrollTo-63589,Eye(s) Open,True,"VR, app, tablet",True,"general accessibility, people with disabilities, sign language support, visual impairment support, wheelchair access",,True,True,True,True,False,True,False,False,False,True,False,False,True,False
117,Eye Filmmuseum,cinema; cinema; film archive; film museum,Amsterdam,https://www.eyefilm.nl/programma/meet-the-archive/1334292,Meet the Archive,False,,True,"general accessibility, people with disabilities, sign language support, visual impairment support, wheelchair access",,True,False,False,False,False,False,False,False,False,False,False,False,False,False
118,Eye Filmmuseum,cinema; cinema; film archive; film museum,Amsterdam,https://www.eyefilm.nl/programma/celluloid/1346081,Celluloid,False,,True,"general accessibility, people with disabilities, sign language support, visual impairment support, wheelchair access",,True,False,False,False,False,False,False,False,False,False,False,False,False,False
119,Eye Filmmuseum,cinema; cinema; film archive; film museum,Amsterdam,https://www.eyefilm.nl/programma/eye-on-art/59498,Eye on Art,False,,True,"general accessibility, people with disabilities, sign language support, visual impairment support, wheelchair access",,True,True,False,False,False,False,False,False,False,False,False,False,False,False
120,Eye Filmmuseum,cinema; cinema; film archive; film museum,Amsterdam,https://www.eyefilm.nl/programma/koolhoven-simons/65244,Koolhoven & Simons,False,,True,"general accessibility, people with disabilities, sign language support, visual impairment support, wheelchair access",,True,False,False,False,False,False,False,False,False,False,False,False,False,False
121,Eye Filmmuseum,cinema; cinema; film archive; film museum,Amsterdam,https://www.eyefilm.nl/programma/previously-unreleased/317067,Previously Unreleased,False,,True,"general accessibility, people with disabilities, sign language support, visual impairment support, wheelchair access",,True,False,False,False,False,False,False,False,False,True,False,False,True,False
122,Eye Filmmuseum,cinema; cinema; film archive; film museum,Amsterdam,https://www.eyefilm.nl/programma/queer-power/1618578,Queer Power,False,,True,"general accessibility, people with disabilities, sign language support, visual impairment support, wheelchair access",,True,False,False,False,False,False,False,False,False,False,False,False,False,False
123,Eye Filmmuseum,cinema; cinema; film archive; film museum,Amsterdam,https://www.eyefilm.nl/en/all-programmes,All programmes,True,VR,True,"general accessibility, people with disabilities, sign language support, visual impairment support, wheelchair access",,True,True,False,False,False,False,False,False,False,False,False,False,False,False
124,Eye Filmmuseum,cinema; cinema; film archive; film museum,Amsterdam,https://www.eyefilm.nl/programma/mubi-exclusive-in-eye/1253041,MUBI Exclusive in Eye,False,,True,"general accessibility, people with disabilities, sign language support, visual impairment support, wheelchair access",,True,False,False,False,False,False,False,False,False,False,False,False,False,False
125,Eye Filmmuseum,cinema; cinema; film archive; film museum,Amsterdam,https://www.eyefilm.nl/programma/eye-on-sound/64019,Eye on Sound,False,,True,"general accessibility, people with disabilities, sign language support, visual impairment support, wheelchair access",,True,False,False,False,False,False,False,False,False,False,False,False,False,False
126,Eye Filmmuseum,cinema; cinema; film archive; film museum,Amsterdam,https://www.eyefilm.nl/programma/extended-reality-in-eye/216231,Extended Reality in Eye,True,"VR, virtual reality",True,"general accessibility, people with disabilities, sign language support, visual impairment support, wheelchair access",,True,False,False,False,False,False,False,False,False,False,False,False,False,False
127,Eye Filmmuseum,cinema; cinema; film archive; film museum,Amsterdam,https://www.eyefilm.nl/alle-programmas/archief,Archief programmering,True,"VR, game, virtual reality",True,"general accessibility, people with disabilities, sign language support, visual impairment support, wheelchair access",,True,False,True,True,True,False,False,False,True,False,False,False,False,False
128,Eye Filmmuseum,cinema; cinema; film archive; film museum,Amsterdam,https://www.eyefilm.nl/programma/restored-unseen/65320,Restored & Unseen,False,,True,"general accessibility, people with disabilities, sign language support, visual impairment support, wheelchair access",,True,False,False,False,False,False,False,False,False,False,False,False,False,False
129,Eye Filmmuseum,cinema; cinema; film archive; film museum,Amsterdam,https://www.eyefilm.nl/programma/ulrich-seidl/1633828,Ulrich Seidl,False,,True,"general accessibility, people with disabilities, sign language support, visual impairment support, wheelchair access",,True,False,False,False,False,False,False,False,False,False,False,False,False,False
130,Eye Filmmuseum,cinema; cinema; film archive; film museum,Amsterdam,https://www.eyefilm.nl/programma/keep-an-eye-filmacademie-festival-2026/1642413,Keep an Eye Filmacademie Festival 2026,False,,True,"general accessibility, people with disabilities, sign language support, visual impairment support, wheelchair access",,True,False,False,False,False,False,False,False,False,False,False,False,False,False
131,Stratemakerstoren,building,Nijmegen,https://www.debastei.nl/nl/groenmakers/scholen/nieuws,Nieuwsoverzicht Groenmakers scholen,False,,True,"people with disabilities, visual impairment support, wheelchair access",,True,True,True,False,False,False,False,False,False,False,False,False,False,False
132,Stratemakerstoren,building,Nijmegen,https://www.debastei.nl/nl/plan-je-bezoek/schoolbezoek,Plan je bezoek,False,,True,"people with disabilities, visual impairment support, wheelchair access",,True,True,True,False,False,False,False,False,False,False,False,False,False,False
133,Stratemakerstoren,building,Nijmegen,https://www.debastei.nl/nl/groenmakers/scholen/natuur-milieuorganisaties/natuur-milieuorganisaties,Natuur- & milieuorganisaties | Museum De Bastei,False,,True,"people with disabilities, visual impairment support, wheelchair access",,True,True,True,False,False,False,False,False,False,False,False,False,False,False
134,Stratemakerstoren,building,Nijmegen,https://www.debastei.nl/nl/nieuws/2025/de-bastei-kidsproof-2024,Nieuws,True,"VR, VR experience",True,"people with disabilities, visual impairment support, wheelchair access",,True,True,True,False,False,False,False,False,False,False,False,False,False,False
135,Stratemakerstoren,building,Nijmegen,https://www.debastei.nl/nl/groenmakers/scholen/scholen,Scholen | Museum De Bastei,False,,True,"people with disabilities, visual impairment support, wheelchair access",,True,True,True,False,False,False,False,False,False,False,False,False,False,False
136,Stratemakerstoren,building,Nijmegen,https://www.debastei.nl/nl/groenmakers/scholen,Scholen,False,,True,"people with disabilities, visual impairment support, wheelchair access",,True,True,True,False,False,False,False,False,False,False,False,False,False,False
137,Stratemakerstoren,building,Nijmegen,https://www.debastei.nl/nl/nieuws/2019/nijmegen-geen-groene-stad-zonder-natuur-en-milieuonderwijs,Nieuws,False,,True,"people with disabilities, visual impairment support, wheelchair access",,True,True,True,False,False,False,False,False,False,False,False,False,False,False
138,Stratemakerstoren,building,Nijmegen,https://www.debastei.nl/nl/nieuws/2025/nijmegen-geen-groene-stad-zonder-natuur-en-milieuonderwijs,Nieuws,False,,True,"people with disabilities, visual impairment support, wheelchair access",,True,True,True,False,False,False,False,False,False,False,False,False,False,False
139,Stratemakerstoren,building,Nijmegen,https://www.debastei.nl/nl/nieuws/2025/leerlingen-basisschool-het-talent-planten-tiny-forest-aan,Nieuws,False,,True,"people with disabilities, visual impairment support, wheelchair access",,True,True,True,False,False,False,False,False,False,False,False,False,False,False
140,Stratemakerstoren,building,Nijmegen,https://www.debastei.nl/nl/nieuws/2025/informatiemiddag-eco-schools,Nieuws,False,,True,"people with disabilities, visual impairment support, wheelchair access",,True,True,True,False,False,False,False,False,False,False,False,False,False,False
141,Stratemakerstoren,building,Nijmegen,https://www.debastei.nl/nl/nieuws/2025/eco-schools-als-erkende-interventie,Nieuws,False,,True,"people with disabilities, visual impairment support, wheelchair access",,True,True,True,False,False,False,False,False,False,False,False,False,False,False
142,Stratemakerstoren,building,Nijmegen,https://www.debastei.nl/nl/nieuws/2025/kandinsky-college-officieel-van-start-als-eco-school,Nieuws,False,,True,"people with disabilities, visual impairment support, wheelchair access",,True,True,True,False,False,False,False,False,False,False,False,False,False,False
143,Stratemakerstoren,building,Nijmegen,https://www.debastei.nl/nl/nieuws/2025/operatie-steenbreek-2019-gestart,Nieuws,False,,True,"people with disabilities, visual impairment support, wheelchair access",,True,True,True,False,False,False,False,False,False,False,False,False,False,False
144,Stratemakerstoren,building,Nijmegen,https://www.debastei.nl/nl/nieuws/2025/eco-schools-scholen-bezoeken-informatiemiddag,Nieuws,False,,True,"people with disabilities, visual impairment support, wheelchair access",,True,True,True,False,False,False,False,False,False,False,False,False,False,False
145,Stratemakerstoren,building,Nijmegen,https://www.debastei.nl/nl/nieuws/2025/green-capital-nijmegen-aan-de-slag-met-eco-schools,Nieuws,False,,True,"people with disabilities, visual impairment support, wheelchair access",,True,True,True,False,False,False,False,False,False,False,False,False,False,False
146,Stratemakerstoren,building,Nijmegen,https://www.debastei.nl/nl/nieuws/2025/opening-groen-schoolplein-de-aldenhove,Nieuws,False,,True,"people with disabilities, visual impairment support, wheelchair access",,True,True,True,False,False,False,False,False,False,False,False,False,False,False
147,Stratemakerstoren,building,Nijmegen,https://www.debastei.nl/nl/nieuws/2025/ssgn-behaald-het-bronzen-eco-schools-certificaat,Nieuws,False,,True,"people with disabilities, visual impairment support, wheelchair access",,True,True,True,False,False,False,False,False,False,False,False,False,False,False
148,Stratemakerstoren,building,Nijmegen,https://www.debastei.nl/nl/nieuws/2025/feestelijke-opening-groene-schoolplein,Nieuws,False,,True,"people with disabilities, visual impairment support, wheelchair access",,True,True,True,False,False,False,False,False,False,False,False,False,False,False
149,Stratemakerstoren,building,Nijmegen,https://www.debastei.nl/en/groenmakers/scholen/nieuws,Nieuwsoverzicht Groenmakers scholen,False,,True,"people with disabilities, visual impairment support, wheelchair access",,True,True,True,False,False,False,False,False,False,False,False,False,False,False
150,Stratemakerstoren,building,Nijmegen,https://www.debastei.nl/nl/nieuws/2025/eco-school-prins-maurits-gestart-met-moestuinieren,Nieuws,False,,True,"people with disabilities, visual impairment support, wheelchair access",,True,True,True,False,False,False,False,False,False,False,False,False,False,False
151,Stratemakerstoren,building,Nijmegen,https://www.debastei.nl/nl/nieuws/2025/prijsuitreiking-euregionale-scholenwedstrijd,Nieuws,False,,True,"people with disabilities, visual impairment support, wheelchair access",,True,True,True,False,False,False,False,False,False,False,False,False,False,False
152,Stratemakerstoren,building,Nijmegen,https://www.debastei.nl/nl/nieuws/2025/feestelijke-aftrap-groenschool-challenge,Nieuws,False,,True,"people with disabilities, visual impairment support, wheelchair access",,True,True,True,False,False,False,False,False,False,False,False,False,False,False
153,Stratemakerstoren,building,Nijmegen,https://www.debastei.nl/nl/nieuws/2025/de-kleine-wereld-aan-de-slag-met-het-groene-schoolplein,Nieuws,False,,True,"people with disabilities, visual impairment support, wheelchair access",,True,True,True,False,False,False,False,False,False,False,False,False,False,False
154,Stratemakerstoren,building,Nijmegen,https://www.debastei.nl/nl/nieuws/2025/scholenwedstrijd-verbeeld-jouw-waal-en-win,Nieuws,False,,True,"people with disabilities, visual impairment support, wheelchair access",,True,True,True,False,False,False,False,False,False,False,False,False,False,False
155,Stratemakerstoren,building,Nijmegen,https://www.debastei.nl/nl/nieuws/2026/drie-nijmeegse-schoolpleinen-worden-groener-gezonder-en-avontuurlijker,Nieuws,False,,True,"people with disabilities, visual impairment support, wheelchair access",,True,True,True,False,False,False,False,False,False,False,False,False,False,False
156,Stratemakerstoren,building,Nijmegen,https://www.debastei.nl/nl/nieuws/2025/groene-vlag-voor-basisschool-meander,Nieuws,False,,True,"people with disabilities, visual impairment support, wheelchair access",,True,True,True,False,False,False,False,False,False,False,False,False,False,False
157,Stratemakerstoren,building,Nijmegen,https://www.debastei.nl/nl/nieuws/2025/boomfeestdag-met-basisschool-vossenburcht,Nieuws,False,,True,"people with disabilities, visual impairment support, wheelchair access",,True,True,True,False,False,False,False,False,False,False,False,False,False,False
158,Stratemakerstoren,building,Nijmegen,https://www.debastei.nl/nl/nieuws/2025/doe-mee-aan-de-groenschool-challenge,Nieuws,False,,True,"people with disabilities, visual impairment support, wheelchair access",,True,True,True,False,False,False,False,False,False,False,False,False,False,False
159,Stratemakerstoren,building,Nijmegen,https://www.debastei.nl/nl/nieuws/2025/koning-willem-alexander-feliciteert-prins-mauritsschool-en-helicon-vmbo,Nieuws,False,,True,"people with disabilities, visual impairment support, wheelchair access",,True,True,True,False,False,False,False,False,False,False,False,False,False,False
160,Stratemakerstoren,building,Nijmegen,https://www.debastei.nl/nl/nieuws/2025/groene-vlag-voor-de-prins-mauritsschool,Nieuws,False,,True,"people with disabilities, visual impairment support, wheelchair access",,True,True,True,False,False,False,False,False,False,False,False,False,False,False
161,Stratemakerstoren,building,Nijmegen,https://www.debastei.nl/de/groenmakers/scholen/nieuws,Nieuwsoverzicht Groenmakers scholen,False,,True,"people with disabilities, visual impairment support, wheelchair access",,True,True,True,False,False,False,False,False,False,False,False,False,False,False
162,Stratemakerstoren,building,Nijmegen,https://www.debastei.nl/nl/nieuws/2025/zomeraanbod-natuureducatie-0,Nieuws,False,,True,"people with disabilities, visual impairment support, wheelchair access",,True,True,True,False,False,False,False,False,False,False,False,False,False,False
163,Stratemakerstoren,building,Nijmegen,https://www.debastei.nl/nl/nieuws/2025/word-moestuincoach-voor-scholen,Nieuws,False,,True,"people with disabilities, visual impairment support, wheelchair access",,True,True,True,False,False,False,False,False,False,False,False,False,False,False
164,Stratemakerstoren,building,Nijmegen,https://www.debastei.nl/nl/nieuws/2025/opnieuw-groene-vlag-voor-vrijeschool-meander,Nieuws,False,,True,"people with disabilities, visual impairment support, wheelchair access",,True,True,True,False,False,False,False,False,False,False,False,False,False,False
165,Stratemakerstoren,building,Nijmegen,https://www.debastei.nl/nl/nieuws/2025/meer-groen-op-het-schoolplein-montessori-oost,Nieuws,False,,True,"people with disabilities, visual impairment support, wheelchair access",,True,True,True,False,False,False,False,False,False,False,False,False,False,False
166,Stratemakerstoren,building,Nijmegen,https://www.debastei.nl/nl/nieuws/2025/feestelijke-uitreikingen-door-wethouder-van-elferen-bij-maar-liefst-twee-eco-scholen,Nieuws,False,,True,"people with disabilities, visual impairment support, wheelchair access",,True,True,True,False,False,False,False,False,False,False,False,False,False,False
167,Stratemakerstoren,building,Nijmegen,https://www.debastei.nl/nl/nieuws/2025/200-fruitboompjes-voor-kinderen-van-de-hazesprong,Nieuws,False,,True,"people with disabilities, visual impairment support, wheelchair access",,True,True,True,False,False,False,False,False,False,False,False,False,False,False
168,Stratemakerstoren,building,Nijmegen,https://www.debastei.nl/nl/nieuws/2025/welke-school-zamelt-de-meeste-e-waste,Nieuws,False,,True,"people with disabilities, visual impairment support, wheelchair access",,True,True,True,False,False,False,False,False,False,False,False,False,False,False
169,Stratemakerstoren,building,Nijmegen,https://www.debastei.nl/nl/nieuws/2025/nijmeegs-mysterie-opgelost-door-basisschool-de-lanteerne,Nieuws,False,,True,"people with disabilities, visual impairment support, wheelchair access",,True,True,True,False,False,False,False,False,False,False,False,False,False,False
170,Stratemakerstoren,building,Nijmegen,https://www.debastei.nl/nl/nieuws/2025/natuureducatie-je-schoolomgeving,Nieuws,False,,True,"people with disabilities, visual impairment support, wheelchair access",,True,True,True,False,False,False,False,False,False,False,False,False,False,False
171,Stratemakerstoren,building,Nijmegen,https://www.debastei.nl/nl/nieuws/2025/gratis-moestuinzadenpakketten-voor-basisscholen-en-bsos,Nieuws,False,,True,"people with disabilities, visual impairment support, wheelchair access",,True,True,True,False,False,False,False,False,False,False,False,False,False,False
172,Stratemakerstoren,building,Nijmegen,https://www.debastei.nl/nl/nieuws/2025/oproep-aan-provinciale-staten-voor-behoud-subsidie-groene-schoolpleinen,Nieuws,False,,True,"people with disabilities, visual impairment support, wheelchair access",,True,True,True,False,False,False,False,False,False,False,False,False,False,False
173,Stratemakerstoren,building,Nijmegen,https://www.debastei.nl/aanbod/voortgezet-onderwijs,aanbod onderwijs,False,,True,"people with disabilities, visual impairment support, wheelchair access",,True,True,True,False,False,False,False,False,False,False,False,False,False,False
174,Stratemakerstoren,building,Nijmegen,https://www.debastei.nl/aanbod/basisonderwijs,aanbod onderwijs,False,,True,"people with disabilities, visual impairment support, wheelchair access",,True,True,True,False,False,False,False,False,False,False,False,False,False,False
175,Stratemakerstoren,building,Nijmegen,https://www.debastei.nl/node/214,Scholen | Museum De Bastei,False,,True,"people with disabilities, visual impairment support, wheelchair access",,True,True,True,False,False,False,False,False,False,False,False,False,False,False
176,Stratemakerstoren,building,Nijmegen,https://www.debastei.nl/groenmakers/scholen/nieuws,Nieuwsoverzicht Groenmakers scholen,False,,True,"people with disabilities, visual impairment support, wheelchair access",,True,True,True,False,False,False,False,False,False,False,False,False,False,False
177,kunstmuseum Oude Kerk,art museum building,Amsterdam,https://oudekerk.nl/publieksprogramma,Publieksprogramma,True,tablet,True,people with disabilities,,True,False,False,False,False,False,False,False,False,False,False,False,False,False
178,kunstmuseum Oude Kerk,art museum building,Amsterdam,https://oudekerk.nl/nu-te-zien/evenementen/workshop-smeden-solderen-2/44860,Workshop Smeden en Solderen #2,True,tablet,True,people with disabilities,,True,False,False,False,False,False,False,False,False,False,False,False,False,False
179,kunstmuseum Oude Kerk,art museum building,Amsterdam,https://oudekerk.nl/nu-te-zien/tentoonstellingen/jesse-darling-godsworth/41770,Jesse Darling: Godsworth,True,tablet,True,people with disabilities,,True,False,False,False,False,False,False,False,False,False,False,False,False,False
180,kunstmuseum Oude Kerk,art museum building,Amsterdam,https://oudekerk.nl/groepen-en-scholen,Groepen en scholen,True,tablet,True,people with disabilities,,True,False,False,False,False,False,False,False,False,False,False,False,False,False
181,kunstmuseum Oude Kerk,art museum building,Amsterdam,https://oudekerk.nl/nu-te-zien/afgelopen,Archief,True,tablet,True,people with disabilities,,True,False,False,False,False,False,False,False,False,False,False,False,False,False
182,kunstmuseum Oude Kerk,art museum building,Amsterdam,https://oudekerk.nl/primair-onderwijs/7948,Primair onderwijs,True,tablet,True,people with disabilities,,True,False,False,False,False,False,False,False,False,False,False,False,False,False
183,kunstmuseum Oude Kerk,art museum building,Amsterdam,https://oudekerk.nl/voortgezetonderwijs/7954,Voortgezet onderwijs,True,tablet,True,people with disabilities,,True,False,False,False,False,False,False,False,False,False,False,False,False,False
184,Historisch Museum Vriezenveen,,Vriezenveen,https://www.museumvriezenveen.nl/educatie,Educatiegroep Historisch museum Vriezenveen,True,"app, tablet",True,"general accessibility, people with disabilities",,True,False,False,False,False,False,False,False,False,False,False,False,False,False
185,Kasteel De Cannenburgh,complex of several objects; castle,Epe,https://www.glk.nl/erop-uit?location=52.1326%2C+5.2913&zoom=9&view=map&activityType=fietsen,Bezoek een kasteel,True,VR,True,people with disabilities,,True,False,False,False,False,False,False,False,False,False,False,False,False,False
186,Kasteel De Cannenburgh,complex of several objects; castle,Epe,https://www.glk.nl/erop-uit?location=52.1326%2C+5.2913&zoom=9&view=map&activityType=excursies,Bezoek een kasteel,True,VR,True,people with disabilities,,True,False,False,False,False,False,False,False,False,False,False,False,False,False
187,Kasteel De Cannenburgh,complex of several objects; castle,Epe,https://www.glk.nl/erop-uit?location=52.19548865295182%2C+5.682867318391801&zoom=9&view=map&activityType=wandelen,Bezoek een kasteel,True,VR,True,people with disabilities,,True,False,False,False,False,False,False,False,False,False,False,False,False,False
188,Kasteel De Cannenburgh,complex of several objects; castle,Epe,https://www.glk.nl/erop-uit?location=52.1326%2C+5.2913&zoom=9&view=map&?activityType=kasteelactiviteiten,Bezoek een kasteel,True,VR,True,people with disabilities,,True,False,False,False,False,False,False,False,False,False,False,False,False,False
189,Kasteel De Cannenburgh,complex of several objects; castle,Epe,https://www.glk.nl/alle-natuurgebieden?location=52.07359775353823%2C+5.949096679687501&zoom=10&view=map&activityType=kastelen,Bezoek een kasteel,True,VR,True,people with disabilities,,True,False,False,False,False,False,False,False,False,False,False,False,False,False
190,Kasteel De Cannenburgh,complex of several objects; castle,Epe,https://www.glk.nl/agenda?activityType=excursies,Bezoek een kasteel,True,VR,True,people with disabilities,,True,False,False,False,False,False,False,False,False,False,False,False,False,False
191,Kasteel De Cannenburgh,complex of several objects; castle,Epe,https://www.glk.nl/erop-uit??activityType=wandelen&location=52.19548865295182%2C+5.682867318391801&zoom=9&view=map,Bezoek een kasteel,True,VR,True,people with disabilities,,True,False,False,False,False,False,False,False,False,False,False,False,False,False
192,Museum Techniek met 'n Ziel,technology museum,Neerkant,http://www.techniekmeteenziel.nl/over-ons/organisatie,Organisatie,False,,False,,,True,False,False,False,False,False,False,False,False,False,False,False,False,False
193,Museum Techniek met 'n Ziel,technology museum,Neerkant,http://www.techniekmeteenziel.nl/contact,"""Techniek met 'n Ziel"" is een geregistreerd museum in Neerkant met een verzameling techniek van 1900 tot heden en een vleugje nostalgie.",False,,False,,,True,False,False,False,False,False,False,False,False,False,False,False,False,False
194,Museum Techniek met 'n Ziel,technology museum,Neerkant,http://www.techniekmeteenziel.nl/plan-bezoek/toegangsprijzen,"""Techniek met 'n Ziel"" is een geregistreerd museum in Neerkant met een verzameling techniek van 1900 tot heden en een vleugje nostalgie.",False,,False,,0-5 jaar; 13+ jaar; 6-12 jaar,True,False,False,False,False,False,False,False,False,False,False,False,False,False
195,Museum Techniek met 'n Ziel,technology museum,Neerkant,http://www.techniekmeteenziel.nl/disclaimer,Disclaimer,False,,False,,,True,False,False,False,False,False,False,False,False,False,False,False,False,False
196,Museum Techniek met 'n Ziel,technology museum,Neerkant,http://www.techniekmeteenziel.nl/plan-bezoek/scholen,"""Techniek met 'n Ziel"" is een geregistreerd museum in Neerkant met een verzameling techniek van 1900 tot heden en een vleugje nostalgie.",False,,False,,,True,False,False,False,False,False,False,False,False,False,False,False,False,False
197,Museum Techniek met 'n Ziel,technology museum,Neerkant,http://www.techniekmeteenziel.nl/over-ons/links,Links,False,,False,,,True,False,False,False,False,False,False,False,False,False,False,False,False,False
198,Museum Techniek met 'n Ziel,technology museum,Neerkant,http://www.techniekmeteenziel.nl/plan-bezoek,"Een bezoek aan museum ""Techniek met 'n Ziel"" is net even anders dan u gewend bent.",False,,False,,,True,False,False,False,False,False,False,False,False,False,False,False,False,False
199,Museum Techniek met 'n Ziel,technology museum,Neerkant,http://www.techniekmeteenziel.nl/over-ons/educatie,Wat weet je over de geschiedenis van de telefoon?,False,,False,,,True,True,False,False,False,False,False,False,False,False,False,False,False,False
200,Museum Techniek met 'n Ziel,technology museum,Neerkant,http://www.techniekmeteenziel.nl/over-ons/overige-functies,Méér dan alleen een museum!,False,,False,,,True,False,False,False,False,False,False,False,False,False,False,False,False,False
201,Museum Techniek met 'n Ziel,technology museum,Neerkant,http://www.techniekmeteenziel.nl/plan-bezoek/groepen,"""Techniek met 'n Ziel"" is een geregistreerd museum in Neerkant met een verzameling techniek van 1900 tot heden en een vleugje nostalgie.",False,,False,,,True,False,False,False,False,False,False,False,False,False,False,False,False,False
202,Museum Techniek met 'n Ziel,technology museum,Neerkant,http://www.techniekmeteenziel.nl/over-ons/fotos,"""Techniek met 'n Ziel"" is een geregistreerd museum in Neerkant met een verzameling techniek van 1900 tot heden en een vleugje nostalgie.",False,,False,,,True,False,False,False,False,False,False,False,False,False,False,False,False,False
203,Museum Techniek met 'n Ziel,technology museum,Neerkant,http://www.techniekmeteenziel.nl/plan-bezoek/openingstijden,"""Techniek met 'n Ziel"" is een geregistreerd museum in Neerkant met een verzameling techniek van 1900 tot heden en een vleugje nostalgie.",False,,False,,,True,False,False,False,False,False,False,False,False,False,False,False,False,False
204,Museum Techniek met 'n Ziel,technology museum,Neerkant,http://www.techniekmeteenziel.nl/over-ons,"""Techniek met 'n Ziel"" is een geregistreerd museum in Neerkant met een verzameling techniek van 1900 tot heden en een vleugje nostalgie.",False,,False,,,True,False,False,False,False,False,False,False,False,False,False,False,False,False
205,Museum Techniek met 'n Ziel,technology museum,Neerkant,http://www.techniekmeteenziel.nl/steun-ons,Vrienden van het museum,False,,False,,,True,False,False,False,False,False,False,False,False,False,False,False,False,False
206,Museum Techniek met 'n Ziel,technology museum,Neerkant,http://www.techniekmeteenziel.nl/privacy,Privacy,False,,False,,,True,False,False,False,False,False,False,False,False,False,False,False,False,False
207,Museum Techniek met 'n Ziel,technology museum,Neerkant,http://www.techniekmeteenziel.nl/over-ons/videos,"""Techniek met 'n Ziel"" is een geregistreerd museum in Neerkant met een verzameling techniek van 1900 tot heden en een vleugje nostalgie.",False,,False,,,True,False,False,False,False,False,False,False,False,False,False,False,False,False
208,Museum Techniek met 'n Ziel,technology museum,Neerkant,http://www.techniekmeteenziel.nl/over-ons/actueel,Actueel nieuws | Museum Techniek met een Ziel,False,,False,,,True,False,False,False,False,False,False,False,False,False,False,False,False,False
209,Museum Techniek met 'n Ziel,technology museum,Neerkant,http://www.techniekmeteenziel.nl/#,"""Techniek met 'n Ziel"" is een geregistreerd museum in Neerkant met een verzameling techniek van 1900 tot heden en een vleugje nostalgie.",False,,False,,,True,False,False,False,False,False,False,False,False,False,False,False,False,False
210,Museum Techniek met 'n Ziel,technology museum,Neerkant,http://www.techniekmeteenziel.nl/bezoek-plannen,Bezoek plannen,False,,False,,,True,True,True,False,False,False,False,False,False,False,False,False,False,False
211,Museum Techniek met 'n Ziel,technology museum,Neerkant,http://www.techniekmeteenziel.nl/plan-bezoek/groepen/,"""Techniek met 'n Ziel"" is een geregistreerd museum in Neerkant met een verzameling techniek van 1900 tot heden en een vleugje nostalgie.",False,,False,,,True,False,False,False,False,False,False,False,False,False,False,False,False,False
212,Museum Techniek met 'n Ziel,technology museum,Neerkant,http://www.techniekmeteenziel.nl/grammofoon,"""Techniek met 'n Ziel"" is een geregistreerd museum in Neerkant met een verzameling techniek van 1900 tot heden en een vleugje nostalgie.",False,,False,,,True,False,False,False,False,False,False,False,False,False,False,False,False,False
213,Museum Techniek met 'n Ziel,technology museum,Neerkant,http://www.techniekmeteenziel.nl/de-geschiedenis-van-de-telefoon,"""Techniek met 'n Ziel"" is een geregistreerd museum in Neerkant met een verzameling techniek van 1900 tot heden en een vleugje nostalgie.",True,"app, smartphone",False,,,True,False,False,False,False,False,False,False,False,False,False,False,False,False
214,Museum Techniek met 'n Ziel,technology museum,Neerkant,http://www.techniekmeteenziel.nl/altijd-vriend,Altijd vriend van het museum,False,,False,,,True,False,False,False,False,False,False,False,False,False,False,False,False,False
215,Museum Techniek met 'n Ziel,technology museum,Neerkant,http://www.techniekmeteenziel.nl/de-gulle-vriend,Gulle vriend van het museum,False,,False,,,True,False,False,False,False,False,False,False,False,False,False,False,False,False
216,Museum Techniek met 'n Ziel,technology museum,Neerkant,http://www.techniekmeteenziel.nl/de-huisvriend,Huisvriend van het museum,False,,False,,,True,False,False,False,False,False,False,False,False,False,False,False,False,False
217,Museum Techniek met 'n Ziel,technology museum,Neerkant,http://www.techniekmeteenziel.nl/de-royale-vriend,Royale vriend van het museum,False,,False,,,True,False,False,False,False,False,False,False,False,False,False,False,False,False
218,Museum Techniek met 'n Ziel,technology museum,Neerkant,http://www.techniekmeteenziel.nl/over-ons/actueel/koninklijke-onderscheiding-voor-ad-cosijn,Koninklijke onderscheiding voor Ad Cosijn,False,,False,,,True,False,False,False,False,False,False,False,False,False,False,False,False,False
219,Museum Techniek met 'n Ziel,technology museum,Neerkant,http://www.techniekmeteenziel.nl/over-ons/actueel/museum-ontvangt-70000ste-bezoeker,Museum Techniek met ’n Ziel in Neerkant ontvangt 70.000ste bezoeker: ‘Een mooie mijlpaal’,False,,False,,,True,False,False,False,False,False,False,False,False,False,False,False,False,False
220,Museum Techniek met 'n Ziel,technology museum,Neerkant,http://www.techniekmeteenziel.nl/over-ons/actueel/heropening-2025,Heropening 5 september 2025 - Dank aan de vrijwilligers,False,,False,,,True,False,False,False,False,False,False,False,False,False,False,False,False,False
221,Museum Techniek met 'n Ziel,technology museum,Neerkant,http://www.techniekmeteenziel.nl/over-ons/actueel/bezoek-aan-techniek-met-een-ziel-de-winkel-deel-1,Bezoek aan Museum 'Techniek met 'n Ziel' - de winkel (deel 1),False,,False,,,True,False,False,False,False,False,False,False,False,False,False,False,False,False
222,Museum Techniek met 'n Ziel,technology museum,Neerkant,http://www.techniekmeteenziel.nl/over-ons/actueel/museumschatjes,Museumschatjes,False,,False,,,True,False,False,False,False,False,False,False,False,False,False,False,False,False
223,Museum Techniek met 'n Ziel,technology museum,Neerkant,http://www.techniekmeteenziel.nl/over-ons/actueel?start=5,Actueel nieuws | Museum Techniek met een Ziel - Page #2,False,,False,,,True,False,False,False,False,False,False,False,False,False,False,False,False,False
224,Museum Techniek met 'n Ziel,technology museum,Neerkant,http://www.techniekmeteenziel.nl/over-ons/actueel/heropening-fase-1,Heropening Fase 1 Museum Techniek met ‘n Ziel door wethouder Gemeente Deurne,False,,False,,,True,False,False,False,False,False,False,False,False,False,False,False,False,False
225,Museum Huis Doorn,Museum House; National Museum,Doorn,https://www.huisdoorn.nl/educatie/,Educatie,False,,True,"people with disabilities, sensory-friendly, visual impairment support, wheelchair access",,True,False,False,False,False,False,False,False,False,False,False,False,False,False
226,Museum Huis Doorn,Museum House; National Museum,Doorn,https://www.huisdoorn.nl/kinderen/,Van kindertours tot speurtocht!,True,"audio guide, tablet",True,"people with disabilities, sensory-friendly, visual impairment support, wheelchair access",,True,False,False,False,False,False,False,False,False,False,False,False,False,False
227,Museum Huis Doorn,Museum House; National Museum,Doorn,https://www.huisdoorn.nl/educatie/educatief-platform-woi/,Educatief platform WOI,False,,True,"people with disabilities, sensory-friendly, visual impairment support, wheelchair access",,True,False,False,False,False,False,False,False,False,False,False,False,False,False
228,Museum Huis Doorn,Museum House; National Museum,Doorn,https://www.huisdoorn.nl/nieuwsberichten/special-tour-personeelsvertrekken/,Special tour personeelsvertrekken,False,,True,"people with disabilities, sensory-friendly, visual impairment support, wheelchair access",,True,False,False,False,False,False,False,False,False,False,False,False,False,False
229,Museum Huis Doorn,Museum House; National Museum,Doorn,https://www.huisdoorn.nl/educatie/voortgezet-onderwijs/,voortgezet onderwijs,True,interactive,True,"people with disabilities, sensory-friendly, visual impairment support, wheelchair access",,True,False,False,False,False,False,False,False,False,False,False,False,False,False
230,Museum Huis Doorn,Museum House; National Museum,Doorn,https://www.huisdoorn.nl/educatie/primair-onderwijs/,Primair onderwijs,False,,True,"people with disabilities, sensory-friendly, visual impairment support, wheelchair access",,True,False,False,False,False,False,False,False,False,False,False,False,False,False
231,Museum Huis Doorn,Museum House; National Museum,Doorn,https://www.huisdoorn.nl/nieuwsberichten/special-tour-de-laatste-keizerin/,Special tour: 'De laatste keizerin',False,,True,"people with disabilities, sensory-friendly, visual impairment support, wheelchair access",,True,False,False,False,False,False,False,False,False,False,False,False,False,False
232,Museum Huis Doorn,Museum House; National Museum,Doorn,https://www.huisdoorn.nl/ontdek-het-museum/huis-en-park/keizer-wilhelm-ii/kinderen-wilhelm-ii/,Kinderen Wilhelm II,False,,True,"people with disabilities, sensory-friendly, visual impairment support, wheelchair access",,True,False,False,False,False,False,False,False,False,False,False,False,False,False
233,Museum Huis Doorn,Museum House; National Museum,Doorn,https://www.huisdoorn.nl/nieuwsberichten/special-tour-personeelsvertrekken/?page=2,Special tour personeelsvertrekken,True,audio guide,True,"people with disabilities, sensory-friendly, visual impairment support, wheelchair access",,True,False,False,False,False,False,False,False,False,False,False,False,False,False
234,Museum Huis Doorn,Museum House; National Museum,Doorn,https://www.huisdoorn.nl/nieuwsberichten/special-tour-personeelsvertrekken/?page=4,Special tour personeelsvertrekken,False,,True,"people with disabilities, sensory-friendly, visual impairment support, wheelchair access",,True,False,False,False,False,False,False,False,False,False,False,False,False,False
235,Museum Huis Doorn,Museum House; National Museum,Doorn,https://www.huisdoorn.nl/nieuwsberichten/special-tour-personeelsvertrekken/?page=11,Special tour personeelsvertrekken,False,,True,"people with disabilities, sensory-friendly, visual impairment support, wheelchair access",,True,False,False,False,False,False,False,False,False,False,False,False,False,False
236,Museum Huis Doorn,Museum House; National Museum,Doorn,https://www.huisdoorn.nl/nieuwsberichten/special-tour-personeelsvertrekken/?page=3,Special tour personeelsvertrekken,False,,True,"people with disabilities, sensory-friendly, visual impairment support, wheelchair access",,True,False,True,False,False,False,False,False,False,False,False,False,False,False
237,Museum Huis Doorn,Museum House; National Museum,Doorn,https://www.huisdoorn.nl/nieuwsberichten/special-tour-personeelsvertrekken/?page=5,Special tour personeelsvertrekken,False,,True,"people with disabilities, sensory-friendly, visual impairment support, wheelchair access",,True,False,False,False,False,False,False,False,False,False,False,False,False,False
238,Museum Huis Doorn,Museum House; National Museum,Doorn,https://www.huisdoorn.nl/nieuwsberichten/special-tour-de-laatste-keizerin/?page=5,Special tour: 'De laatste keizerin',False,,True,"people with disabilities, sensory-friendly, visual impairment support, wheelchair access",,True,False,False,False,False,False,False,False,False,False,False,False,False,False
239,Museum Huis Doorn,Museum House; National Museum,Doorn,https://www.huisdoorn.nl/nieuwsberichten/special-tour-de-laatste-keizerin/?page=3,Special tour: 'De laatste keizerin',False,,True,"people with disabilities, sensory-friendly, visual impairment support, wheelchair access",,True,False,True,False,False,False,False,False,False,False,False,False,False,False
240,Museum Huis Doorn,Museum House; National Museum,Doorn,https://www.huisdoorn.nl/nieuwsberichten/special-tour-de-laatste-keizerin/?page=2,Special tour: 'De laatste keizerin',True,audio guide,True,"people with disabilities, sensory-friendly, visual impairment support, wheelchair access",,True,False,False,False,False,False,False,False,False,False,False,False,False,False
241,Museum Huis Doorn,Museum House; National Museum,Doorn,https://www.huisdoorn.nl/nieuwsberichten/special-tour-de-laatste-keizerin/?page=4,Special tour: 'De laatste keizerin',False,,True,"people with disabilities, sensory-friendly, visual impairment support, wheelchair access",,True,False,False,False,False,False,False,False,False,False,False,False,False,False
242,Museum Huis Doorn,Museum House; National Museum,Doorn,https://www.huisdoorn.nl/nieuwsberichten/special-tour-de-laatste-keizerin/?page=11,Special tour: 'De laatste keizerin',False,,True,"people with disabilities, sensory-friendly, visual impairment support, wheelchair access",,True,False,False,False,False,False,False,False,False,False,False,False,False,False
243,Ton Smits Huis,,Eindhoven,http://www.tonsmitshuis.nl/#,Het scholierendebat 2023,False,,True,people with disabilities,,True,False,False,False,False,False,False,False,False,False,False,False,False,False
244,Van Eesteren Museum,,Amsterdam,https://vaneesterenmuseum.nl/agenda,Agenda,True,tablet,True,wheelchair access,,True,True,False,False,False,False,False,False,False,False,False,False,False,False
245,Van Eesteren Museum,,Amsterdam,https://vaneesterenmuseum.nl/events/guided-walk-through-slotermeer-eng,"Guided Tour through Slotermeer, ENG.",True,tablet,True,wheelchair access,,True,True,False,False,False,False,False,False,False,False,False,False,False,False
246,Van Eesteren Museum,,Amsterdam,https://vaneesterenmuseum.nl/events/guided-tour-burgerweeshuis-eng,"Guided tour Burgerweeshuis, ENG.",True,tablet,True,wheelchair access,,True,True,False,False,False,False,False,False,False,False,False,False,False,False
247,TextielMuseum,,Tilburg,http://www.textielmuseum.nl/activiteiten/workshop-wilde-bloemen-van-textiel-14-6-26,Workshop: Wilde bloemen van textiel,False,,True,"general accessibility, people with disabilities",,True,False,False,False,False,False,False,False,False,False,False,False,False,False
248,TextielMuseum,,Tilburg,http://www.textielmuseum.nl/onderwijs,Creatieve en leerzame programma’s,True,interactive,True,"general accessibility, people with disabilities",,True,False,False,False,False,False,False,False,False,False,False,False,False,False
249,TextielMuseum,,Tilburg,http://www.textielmuseum.nl/en/activities,What to do at the TextielMuseum?,False,,True,"general accessibility, people with disabilities",,False,True,False,False,False,False,False,False,False,False,False,False,False,False
250,TextielMuseum,,Tilburg,http://www.textielmuseum.nl/en/education,Exploration and development,True,interactive,True,"general accessibility, people with disabilities",,False,True,False,False,False,False,False,False,False,False,False,False,False,False
251,Streek & Landbouwmuseum Goemanszorg,,Dreischor,http://www.goemanszorg.nl/Voor-de-kinderen/,Voor de kinderen,False,,False,,,True,False,False,False,False,False,False,False,False,False,False,False,False,False
252,Streek & Landbouwmuseum Goemanszorg,,Dreischor,http://www.goemanszorg.nl/lespakketten%20en%20educatie/,Schoolreisje en educatief museumprogramma in Zeeland,True,interactive,False,,,True,False,False,False,False,False,False,False,False,False,False,False,False,False
253,Streek & Landbouwmuseum Goemanszorg,,Dreischor,http://www.goemanszorg.nl/tourio/,direct naar:,False,,False,,,True,False,False,False,False,False,False,False,False,False,False,False,False,False
254,Nationaal Onderduikmuseum,,Aalten,https://nationaalonderduikmuseum.nl/programma-vrijheid/kwartet/bronckhorst/,Bronckhorst,False,,True,"people with disabilities, wheelchair access",,True,False,False,False,False,False,False,False,False,False,False,False,False,False
255,Nationaal Onderduikmuseum,,Aalten,https://nationaalonderduikmuseum.nl/programma-vrijheid/kwartet/berkelland/,Berkelland,False,,True,"people with disabilities, wheelchair access",,True,False,False,False,False,False,False,False,False,False,False,False,False,False
256,Nationaal Onderduikmuseum,,Aalten,https://nationaalonderduikmuseum.nl/programma-vrijheid/kwartet/duiven/,Duiven,False,,True,"people with disabilities, wheelchair access",,True,False,False,False,False,False,False,False,False,False,False,False,False,False
257,Nationaal Onderduikmuseum,,Aalten,https://nationaalonderduikmuseum.nl/programma-vrijheid/kwartet/,Het vrijheidskwartet,False,,True,"people with disabilities, wheelchair access",,True,False,False,False,False,False,False,False,False,False,False,False,False,False
258,Nationaal Onderduikmuseum,,Aalten,https://nationaalonderduikmuseum.nl/programma-vrijheid/vrijheidslied/,Ode aan de Vrijheid,False,,True,"people with disabilities, wheelchair access",,True,False,False,False,False,False,False,False,False,False,False,False,False,False
259,Nationaal Onderduikmuseum,,Aalten,https://nationaalonderduikmuseum.nl/programma-vrijheid/,Programma Vrijheid Achterhoek en Liemers,False,,True,"people with disabilities, wheelchair access",,True,False,False,False,False,False,False,False,False,False,False,False,False,False
260,Nationaal Onderduikmuseum,,Aalten,https://nationaalonderduikmuseum.nl/programma-vrijheid/magazine-ode-aan-de-vrijheid/,Magazine Ode aan de Vrijheid,False,,True,"people with disabilities, wheelchair access",,True,False,True,False,False,False,False,False,False,False,False,False,False,False
261,Nationaal Onderduikmuseum,,Aalten,https://nationaalonderduikmuseum.nl/educatie/voortgezet-onderwijs/,Voortgezet Onderwijs,True,interactive,True,"people with disabilities, wheelchair access",,True,False,True,False,False,False,False,False,False,False,False,False,False,False
262,Nationaal Onderduikmuseum,,Aalten,https://nationaalonderduikmuseum.nl/programma-vrijheid/schakels-van-licht/,Dit is Schakels van Licht:,False,,True,"people with disabilities, wheelchair access",,True,False,False,False,False,False,False,False,False,False,False,False,False,False
263,Nationaal Onderduikmuseum,,Aalten,https://nationaalonderduikmuseum.nl/educatie/speciaal-en-praktijkonderwijs/,Speciaal en praktijkonderwijs,False,,True,"people with disabilities, wheelchair access",,True,False,True,False,False,False,False,False,False,False,False,False,False,False
264,Nationaal Onderduikmuseum,,Aalten,https://nationaalonderduikmuseum.nl/educatie/hoger-onderwijs/,Hoger Onderwijs,False,,True,"people with disabilities, wheelchair access",,True,False,True,False,False,False,False,False,False,False,False,False,False,False
265,Nationaal Onderduikmuseum,,Aalten,https://nationaalonderduikmuseum.nl/programma-vrijheid/kwartet/montferland/,Montferland,False,,True,"people with disabilities, wheelchair access",,True,False,True,False,False,False,False,False,False,False,False,False,False,False
266,Nationaal Onderduikmuseum,,Aalten,https://nationaalonderduikmuseum.nl/educatie/geschiedeniskoffers/,Geschiedeniskoffers,False,,True,"people with disabilities, wheelchair access",,True,False,False,False,False,False,False,False,False,False,False,False,False,False
267,Nationaal Onderduikmuseum,,Aalten,https://nationaalonderduikmuseum.nl/educatie/spreekbeurten-en-werkstukken/,Spreekbeurten en werkstukken,False,,True,"people with disabilities, wheelchair access",,True,False,False,False,False,False,False,False,False,False,False,False,False,False
268,Nationaal Onderduikmuseum,,Aalten,https://nationaalonderduikmuseum.nl/programma-vrijheid/vrijheidsroute/,De Vrijheidsroute,True,app,True,"people with disabilities, wheelchair access",,True,False,False,False,False,False,False,False,False,False,False,False,False,False
269,Nationaal Onderduikmuseum,,Aalten,https://nationaalonderduikmuseum.nl/uitgelicht/prijswinnende-scholen-people-to-people-euregio-prijs-in-nationaal-onderduikmuseum/,Prijswinnende scholen ‘People-to-People-EUREGIO’-prijs in Nationaal Onderduikmuseum,False,,True,"people with disabilities, wheelchair access",,True,False,False,False,False,False,False,False,False,False,False,False,False,False
270,Nationaal Onderduikmuseum,,Aalten,https://nationaalonderduikmuseum.nl/programma-vrijheid/woordwolk/woordwolk/,Woordwolk van Vrijheid,False,,True,"people with disabilities, wheelchair access",,True,False,False,False,False,False,False,False,False,False,False,False,False,False
271,Nationaal Onderduikmuseum,,Aalten,https://nationaalonderduikmuseum.nl/educatie/basisscholen/,Basisscholen,False,,True,"people with disabilities, wheelchair access",,True,False,True,False,False,False,False,False,False,False,False,False,False,False
272,Nationaal Onderduikmuseum,,Aalten,https://nationaalonderduikmuseum.nl/programma-vrijheid/kwartet/winterswijk/,Winterswijk,False,,True,"people with disabilities, wheelchair access",,True,False,True,False,False,False,False,False,False,False,False,False,False,False
273,Nationaal Onderduikmuseum,,Aalten,https://nationaalonderduikmuseum.nl/programma-vrijheid/kwartet/westervoort/,Westervoort,False,,True,"people with disabilities, wheelchair access",,True,False,False,False,False,False,False,False,False,False,False,False,False,False
274,Nationaal Onderduikmuseum,,Aalten,https://nationaalonderduikmuseum.nl/programma-vrijheid/kwartet/oost-gelre/,Oost Gelre,False,,True,"people with disabilities, wheelchair access",,True,False,True,False,False,False,False,False,False,False,False,False,False,False
275,Nationaal Onderduikmuseum,,Aalten,https://nationaalonderduikmuseum.nl/programma-vrijheid/kwartet/aalten/,Aalten,True,interactive,True,"people with disabilities, wheelchair access",,True,False,True,False,False,False,False,False,False,False,False,False,False,False
276,Nationaal Onderduikmuseum,,Aalten,https://nationaalonderduikmuseum.nl/programma-vrijheid/woordwolk/,Woordwolken ‘Ode aan de Vrijheid’,False,,True,"people with disabilities, wheelchair access",,True,False,True,False,False,False,False,False,False,False,False,False,False,False
277,Nationaal Onderduikmuseum,,Aalten,https://nationaalonderduikmuseum.nl/educatie/informatie-voor-docenten/,Informatie en lesmateriaal,False,,True,"people with disabilities, wheelchair access",,True,False,True,False,False,False,False,False,False,False,False,False,False,False
278,Nationaal Onderduikmuseum,,Aalten,https://nationaalonderduikmuseum.nl/programma-vrijheid/kwartet/zevenaar/,Zevenaar,False,,True,"people with disabilities, wheelchair access",,True,False,True,False,False,False,False,False,False,False,False,False,False,False
279,Nationaal Onderduikmuseum,,Aalten,https://nationaalonderduikmuseum.nl/programma-vrijheid/kwartet/oude-ijsselstreek/,Oude IJsselstreek,False,,True,"people with disabilities, wheelchair access",,True,False,False,False,False,False,False,False,False,False,False,False,False,False
280,Nationaal Onderduikmuseum,,Aalten,https://nationaalonderduikmuseum.nl/programma-vrijheid/woordwolk/wortwolke/,Wortwolke der Freiheit,False,,True,"people with disabilities, wheelchair access",,True,False,False,False,False,False,False,False,False,False,False,False,False,False
281,Nationaal Onderduikmuseum,,Aalten,https://nationaalonderduikmuseum.nl/programma-vrijheid/kwartet/doetinchem/,Doetinchem,False,,True,"people with disabilities, wheelchair access",,True,False,False,False,False,False,False,False,False,False,False,False,False,False
282,Nationaal Onderduikmuseum,,Aalten,https://nationaalonderduikmuseum.nl/educatie/,Educatie,False,,True,"people with disabilities, wheelchair access",,True,False,True,False,False,False,False,False,False,False,False,False,False,False
283,Stadhuismuseum Zierikzee,,Zierikzee,https://www.stadhuismuseum.nl/rondleiding-gravensteen2/,Rondleiding Gravensteen - Stadhuismuseum Zierikzee,False,,True,"people with disabilities, wheelchair access",,True,False,False,False,False,False,False,False,False,False,False,False,False,False
284,Stadhuismuseum Zierikzee,,Zierikzee,http://www.stadhuismuseum.nl/educatie/,Educatie - Stadhuismuseum Zierikzee,False,,True,"people with disabilities, wheelchair access",,True,False,False,False,False,False,False,False,False,False,False,False,False,False
285,Stadhuismuseum Zierikzee,,Zierikzee,http://www.stadhuismuseum.nl/families-en-kinderen/,Samen het Stadhuismuseum ontdekken …,False,,True,"people with disabilities, wheelchair access",10-13 jaar; 8+ jaar,True,False,False,False,False,False,False,False,False,False,False,False,False,False
286,Stadhuismuseum Zierikzee,,Zierikzee,https://www.stadhuismuseum.nl/gravensteen-2/,Gravensteen - Stadhuismuseum Zierikzee,False,,True,"people with disabilities, wheelchair access",,True,False,True,False,False,False,False,False,False,False,False,False,False,False
287,Stadhuismuseum Zierikzee,,Zierikzee,https://www.stadhuismuseum.nl/basisonderwijs/,Activiteiten voor alle leerjaren van het basisonderwijs,False,,True,"people with disabilities, wheelchair access",,True,False,False,False,False,False,False,False,False,False,False,False,False,False
288,Stadhuismuseum Zierikzee,,Zierikzee,https://www.stadhuismuseum.nl/educatie/,Educatie - Stadhuismuseum Zierikzee,False,,True,"people with disabilities, wheelchair access",,True,False,False,False,False,False,False,False,False,False,False,False,False,False
289,Stadhuismuseum Zierikzee,,Zierikzee,http://www.stadhuismuseum.nl/bezoek-het-museum/gravensteen/,Gravensteen - Stadhuismuseum Zierikzee,False,,True,"people with disabilities, wheelchair access",,True,False,True,False,False,False,False,False,False,False,False,False,False,False
290,Stadhuismuseum Zierikzee,,Zierikzee,https://www.stadhuismuseum.nl/gravensteen/?lang=de,Gravensteen - Stadhuismuseum Zierikzee,False,,True,"people with disabilities, wheelchair access",,True,False,True,False,False,False,False,False,False,False,False,False,False,False
291,Stadsmuseum Rhenen,,Rhenen,https://stadsmuseumrhenen.nl/exclusief-rondleiding-door-meester-schilder-henk-helmantel/,Exclusief rondleiding door meester-schilder Henk Helmantel,False,,False,,,True,False,False,False,False,False,False,False,False,False,False,False,False,False
292,Stadsmuseum Rhenen,,Rhenen,https://stadsmuseumrhenen.nl/exclusieve-lezing-door-meester-schilder-henk-helmantel/,Exclusief – Lezing door meester-schilder Henk Helmantel,False,,False,,,True,False,False,False,False,False,False,False,False,False,False,False,False,False
293,Stadsmuseum Rhenen,,Rhenen,https://stadsmuseumrhenen.nl/kinderen/,Kinderen,False,,False,,4-8 jaar; 9-12 jaar,True,False,False,False,False,False,False,False,False,False,False,False,False,False
294,Kazemattenmuseum,,Kornwerderzand,https://www.kazemattenmuseum.nl/onderwijs/,Onderwijs,True,"app, tablet",True,wheelchair access,,True,False,False,False,False,False,False,False,False,False,False,False,False,False
295,Kazemattenmuseum,,Kornwerderzand,http://www.kazemattenmuseum.nl/onderwijs/rondleidingen-voor-scholen/,Rondleidingen voor scholen,True,"app, tablet",True,wheelchair access,18+ jaar,True,False,False,False,False,False,False,False,False,False,False,False,False,False
296,Veluws Museum Hagedoorns Plaatse,,Epe,https://www.hagedoornsplaatse.nl/activiteiten/educatie-programma/,Educatie programma,True,tablet,True,"people with disabilities, wheelchair access",,True,False,False,False,False,False,False,False,False,False,False,False,False,False
297,Veluws Museum Hagedoorns Plaatse,,Epe,https://www.hagedoornsplaatse.nl/zien-en-beleven/educatie-programma/,Educatie programma,True,tablet,True,"people with disabilities, wheelchair access",,True,False,False,False,False,False,False,False,False,False,False,False,False,False
298,Veluws Museum Hagedoorns Plaatse,,Epe,https://www.hagedoornsplaatse.nl/zien-en-beleven/familietour/,Familietour,True,"interactive, smartphone, tablet",True,"people with disabilities, wheelchair access",,True,False,False,False,False,False,False,False,False,False,False,False,False,False
299,Veluws Museum Hagedoorns Plaatse,,Epe,https://www.hagedoornsplaatse.nl/het-museum/familietour/,Familietour,True,"interactive, smartphone, tablet",True,"people with disabilities, wheelchair access",,True,False,False,False,False,False,False,False,False,False,False,False,False,False
300,Observeum,observatory,Tietjerksteradeel,https://www.observeum.nl/home/educatie/,Educatie,True,app,False,,4-7 jaar; 8-18 jaar,True,False,False,False,False,False,False,False,False,False,False,False,False,False
301,Observeum,observatory,Tietjerksteradeel,https://www.observeum.nl/home/educatie/escaperoom/,ESCAPE OBSERVEUM,True,app,False,,,True,False,False,False,False,False,False,False,False,False,False,False,False,False
302,Observeum,observatory,Tietjerksteradeel,https://www.observeum.nl/home/educatie/puzzel-mee/,Puzzel je mee,True,app,False,,,True,False,False,False,False,False,False,False,False,False,False,False,False,False
303,Observeum,observatory,Tietjerksteradeel,https://www.observeum.nl/home/educatie/sterrenkunde/,Sterrenkunde,True,app,False,,,True,False,False,False,False,False,False,False,False,False,False,False,False,False
304,De Valk,Of a cylinder capacity exceeding 1000 cm3 but not exceeding 1000 cm3,Leiden,https://www.molenmuseumdevalk.nl/ontdek-de-molen,Ontdek de molen,False,,True,"general accessibility, wheelchair access",,True,False,False,False,False,False,False,False,False,False,False,False,False,False
305,Stedelijk Museum Zutphen,,Zutphen,https://museazutphen.nl/stichting-musea-zutphen/voor-scholen/,Voor onderwijs,True,"VR, app",True,"people with disabilities, visual impairment support, wheelchair access",,True,False,False,False,False,False,False,False,False,False,False,False,False,False
306,Stedelijk Museum Zutphen,,Zutphen,https://museazutphen.nl/agenda/tabletgame-family-challenge/,Tabletgame Family Challenge,True,"VR, app, tablet",True,"people with disabilities, visual impairment support, wheelchair access",7+ jaar,True,False,False,False,False,False,False,False,False,False,False,False,False,False
307,Stedelijk Museum Zutphen,,Zutphen,https://museazutphen.nl/stichting-musea-zutphen/voor-scholen/voortgezet-onderwijs/,Voortgezet onderwijs,True,"VR, app",True,"people with disabilities, visual impairment support, wheelchair access",,True,False,False,False,False,False,False,False,False,False,False,False,False,False
308,Stedelijk Museum Zutphen,,Zutphen,https://museazutphen.nl/stichting-musea-zutphen/voor-scholen/basisonderwijs/,Basisonderwijs,True,"VR, app",True,"people with disabilities, visual impairment support, wheelchair access",7+ jaar,True,False,False,False,False,False,False,False,False,False,False,False,False,False
309,Oce Museum,,Venlo,https://www.ocemuseum.nl/het-museum/educatieprogramma-voor-het-basisonderwijs/,Educatieprogramma voor het basisonderwijs – Océ Museum,True,app,True,people with disabilities,,True,True,False,True,False,False,False,False,False,False,False,False,False,False
310,Oce Museum,,Venlo,https://www.ocemuseum.nl/technologien/oce-innovaties/producten/,Product Families – Océ Museum,True,app,True,people with disabilities,,True,True,False,True,False,False,False,False,False,False,False,False,False,False
311,Oce Museum,,Venlo,https://www.ocemuseum.nl/educatieprogramma-voor-het-basisonderwijs/,Educatieprogramma voor het basisonderwijs – Océ Museum,True,app,True,people with disabilities,,True,True,False,True,False,False,False,False,False,False,False,False,False,False
312,Oce Museum,,Venlo,https://www.ocemuseum.nl/educatie-folder/,Educatie folder – Océ Museum,True,app,True,people with disabilities,,True,True,False,True,False,False,False,False,False,False,False,False,False,False
313,Oce Museum,,Venlo,https://www.ocemuseum.nl/oce-technologies/time-line-oce-innovations/product-families/?lang=en,Product Families – Océ Museum,True,app,True,people with disabilities,,True,True,False,True,False,False,False,False,True,False,False,False,False,False
314,Markiezenhof,art museum,Bergen op Zoom,https://www.markiezenhof.nl/nl/plan-je-bezoek/kinderen-families,Kinderen & families,False,,True,people with disabilities,,True,True,False,False,False,False,False,False,False,False,False,False,False,False
315,Markiezenhof,art museum,Bergen op Zoom,https://www.markiezenhof.nl/nl/plan-je-bezoek/groepen-scholen,Groepen & scholen,False,,True,people with disabilities,,True,True,False,False,False,False,False,False,False,False,False,False,False,False
316,Markiezenhof,art museum,Bergen op Zoom,https://www.markiezenhof.nl/nl/plan-je-bezoek/groepen-scholen/groepen,"Groepen, rondleidingen & arrangementen",False,,True,people with disabilities,,True,True,False,False,False,False,False,False,False,False,False,False,False,False
317,Markiezenhof,art museum,Bergen op Zoom,https://www.markiezenhof.nl/nl/plan-je-bezoek/kinderen-families/speurtochten,Speurtochten,True,app,True,people with disabilities,,True,True,False,False,False,False,False,False,False,False,False,False,False,False
318,Markiezenhof,art museum,Bergen op Zoom,https://www.markiezenhof.nl/nl/plan-je-bezoek/kinderen-families/scholen-groepen,Scholen en groepen,False,,True,people with disabilities,,True,True,False,False,False,False,False,False,False,False,False,False,False,False
319,Markiezenhof,art museum,Bergen op Zoom,https://www.markiezenhof.nl/nl/plan-je-bezoek/groepen-scholen/club-zien-opent-jouw-ogen,Club Zien opent jouw ogen!,False,,True,people with disabilities,,True,True,False,False,False,False,False,False,False,False,False,False,False,False
320,Markiezenhof,art museum,Bergen op Zoom,https://www.markiezenhof.nl/nl/plan-je-bezoek/groepen-scholen/volwassenen-educatie,Volwassenen educatie door middel van VTS,True,interactive,True,people with disabilities,,True,True,False,False,False,False,False,False,False,False,False,False,False,False
321,Markiezenhof,art museum,Bergen op Zoom,https://www.markiezenhof.nl/nl/plan-je-bezoek/groepen-scholen/primair-onderwijs,Primair Onderwijs,False,,True,people with disabilities,,True,True,False,False,False,False,False,False,False,False,False,False,False,False
322,Markiezenhof,art museum,Bergen op Zoom,https://www.markiezenhof.nl/nl/plan-je-bezoek/groepen-scholen/voortgezet-onderwijs,Voortgezet Onderwijs,False,,True,people with disabilities,,True,True,False,False,False,False,False,False,False,False,False,False,False,False
323,NEST,,Den Haag,http://www.nestruimte.nl/events/zomerse-zondag-salon-met-philip-akkerman?year=2026&month=6,Zomerse Zondag Salon met Philip Akkerman,True,"app, game",True,"people with disabilities, sensory-friendly, visual impairment support, wheelchair access",,True,True,False,True,False,False,False,True,False,False,False,False,False,False
324,NEST,,Den Haag,http://www.nestruimte.nl/events/verwend-nest-42?year=2026&month=6,Verwend Nest,True,"app, game",True,"people with disabilities, sensory-friendly, visual impairment support, wheelchair access",,True,True,False,True,False,False,False,True,False,False,False,False,False,False
325,NEST,,Den Haag,http://www.nestruimte.nl/education/verwend-nest,Verwend Nest,True,"app, game",True,"people with disabilities, sensory-friendly, visual impairment support, wheelchair access",,True,True,False,True,False,False,False,True,False,False,False,False,False,False
326,NEST,,Den Haag,http://www.nestruimte.nl/education,Educatie - Nest Ruimte,True,"app, game",True,"people with disabilities, sensory-friendly, visual impairment support, wheelchair access",,True,True,False,True,False,False,False,True,False,False,False,False,False,False
327,NEST,,Den Haag,http://www.nestruimte.nl/events/de-zomerspeeltuin4?year=2026&month=7,De Zomerspeeltuin #4,True,"app, game",True,"people with disabilities, sensory-friendly, visual impairment support, wheelchair access",7-12 jaar,True,True,False,True,False,False,False,True,False,False,False,False,False,False
328,NEST,,Den Haag,http://www.nestruimte.nl/events/verwend-nest-39?year=2026&month=3,Verwend Nest,True,"app, game",True,"people with disabilities, sensory-friendly, visual impairment support, wheelchair access",,True,True,False,True,False,False,False,True,False,False,False,False,False,False
329,NEST,,Den Haag,http://www.nestruimte.nl/events/de-zomerspeeltuin2?year=2026&month=7,De Zomerspeeltuin #2,True,"app, game",True,"people with disabilities, sensory-friendly, visual impairment support, wheelchair access",7-12 jaar,True,True,False,True,False,False,False,True,False,False,False,False,False,False
330,NEST,,Den Haag,http://www.nestruimte.nl/events/verwend-nest-41?year=2026&month=5,Verwend Nest,True,"app, game",True,"people with disabilities, sensory-friendly, visual impairment support, wheelchair access",,True,True,False,True,False,False,False,True,False,False,False,False,False,False
331,NEST,,Den Haag,http://www.nestruimte.nl/events/verwend-nest-38?year=2026&month=2,Verwend Nest,True,"app, game",True,"people with disabilities, sensory-friendly, visual impairment support, wheelchair access",,True,True,False,True,False,False,False,True,False,False,False,False,False,False
332,NEST,,Den Haag,http://www.nestruimte.nl/events/uranian.-queer-identity-in-germany-and-the-netherlands-at-the-end-of-the-nineteenth-century?year=2026&month=3,Uranian. Queer identiteit in Duitsland en Nederland aan het einde van de 19e eeuw,True,"app, game",True,"people with disabilities, sensory-friendly, visual impairment support, wheelchair access",,True,True,True,True,False,False,False,True,False,False,False,False,False,False
333,NEST,,Den Haag,http://www.nestruimte.nl/events/de-zomerspeeltuin3?year=2026&month=7,De Zomerspeeltuin #3,True,"app, game",True,"people with disabilities, sensory-friendly, visual impairment support, wheelchair access",7-12 jaar,True,True,False,True,False,False,False,True,False,False,False,False,False,False
334,NEST,,Den Haag,http://www.nestruimte.nl/events/verwend-nest-kunstlab-de-betovering-2?year=2026&month=10,Verwend Nest Kunstlab – De Betovering,True,"app, game",True,"people with disabilities, sensory-friendly, visual impairment support, wheelchair access",6-12 jaar,True,True,False,True,False,False,False,True,False,False,False,False,False,False
335,NEST,,Den Haag,http://www.nestruimte.nl/events/museumnacht-kids-3?year=2026&month=3,Museumnacht Kids,True,"app, game",True,"people with disabilities, sensory-friendly, visual impairment support, wheelchair access",,True,True,False,True,False,False,False,True,False,False,False,False,False,False
336,NEST,,Den Haag,http://www.nestruimte.nl/events/de-zomerspeeltuin6?year=2026&month=8,De Zomerspeeltuin #6,True,"app, game",True,"people with disabilities, sensory-friendly, visual impairment support, wheelchair access",7-12 jaar,True,True,False,True,False,False,False,True,False,False,False,False,False,False
337,NEST,,Den Haag,http://www.nestruimte.nl/events/de-zomerspeeltuin?year=2026&month=7,De Zomerspeeltuin #1,True,"app, game",True,"people with disabilities, sensory-friendly, visual impairment support, wheelchair access",7-12 jaar,True,True,False,True,False,False,False,True,False,False,False,False,False,False
338,NEST,,Den Haag,http://www.nestruimte.nl/events/de-zomerspeeltuin5?year=2026&month=8,De Zomerspeeltuin #5,True,"app, game",True,"people with disabilities, sensory-friendly, visual impairment support, wheelchair access",7-12 jaar,True,True,False,True,False,False,False,True,False,False,False,False,False,False
339,NEST,,Den Haag,http://www.nestruimte.nl/events/verwend-nest-43?year=2026&month=7,Verwend Nest,True,"app, game",True,"people with disabilities, sensory-friendly, visual impairment support, wheelchair access",,True,True,False,True,False,False,False,True,False,False,False,False,False,False
340,NEST,,Den Haag,http://www.nestruimte.nl/events/verwend-nest-40?year=2026&month=4,Verwend Nest,True,"app, game",True,"people with disabilities, sensory-friendly, visual impairment support, wheelchair access",,True,True,False,True,False,False,False,True,False,False,False,False,False,False
341,NEST,,Den Haag,http://www.nestruimte.nl/events/de-lentespeeltuin-1?year=2026&month=5,De Lentespeeltuin,True,"app, game",True,"people with disabilities, sensory-friendly, visual impairment support, wheelchair access",7-12 jaar,True,True,False,True,False,False,False,True,False,False,False,False,False,False
342,NEST,,Den Haag,http://www.nestruimte.nl/education/jonge-haagse-stadsfotograaf,Jonge Haagse Stadsfotograaf,True,"app, game",True,"people with disabilities, sensory-friendly, visual impairment support, wheelchair access",,True,True,False,True,False,False,False,True,False,False,False,False,False,False
343,NEST,,Den Haag,http://www.nestruimte.nl/education/verwend-nest-onderweg-1,Verwend Nest Onderweg,True,"app, game",True,"people with disabilities, sensory-friendly, visual impairment support, wheelchair access",,True,True,False,True,False,False,False,True,False,False,False,False,False,False
344,NEST,,Den Haag,http://www.nestruimte.nl/education/begeleidingstraject,Kunstenaarstrajecten,True,"app, game",True,"people with disabilities, sensory-friendly, visual impairment support, wheelchair access",,True,True,False,True,False,False,False,True,False,False,False,False,False,False
345,NEST,,Den Haag,http://www.nestruimte.nl/education/nest-x-master-artistic-research,Nest x Master Artistic Research,True,"app, game",True,"people with disabilities, sensory-friendly, visual impairment support, wheelchair access",,True,True,False,True,False,False,False,True,False,False,False,False,False,False
346,NEST,,Den Haag,http://www.nestruimte.nl/education/one-nest-stand,One Nest Stand,True,"app, game",True,"people with disabilities, sensory-friendly, visual impairment support, wheelchair access",,True,True,False,True,False,False,False,True,False,False,False,False,False,False
347,NEST,,Den Haag,http://www.nestruimte.nl/en/education/verwend-nest,Verwend Nest,True,"app, game, interactive, multimedia, virtual reality",True,"people with disabilities, sensory-friendly, visual impairment support, wheelchair access",,True,True,False,True,False,False,False,True,False,True,True,False,True,True
348,NEST,,Den Haag,http://www.nestruimte.nl/en/education,Education - Nest Ruimte,True,"app, game, interactive, multimedia, virtual reality",True,"people with disabilities, sensory-friendly, visual impairment support, wheelchair access",,True,True,False,True,False,False,False,True,False,True,True,False,True,True
349,Museum Borg Verhildersum,castle,Groningen,https://www.verhildersum.nl/nl/collectie/familie-tjarda-van-starkenborgh/,Museum Landgoed,False,,True,wheelchair access,,True,False,False,False,False,False,False,False,False,False,False,False,False,False
350,Museum Borg Verhildersum,castle,Groningen,https://www.verhildersum.nl/nl/agenda/workshop-portret-schilderen/,Onder leiding van kunstenaar Ruben Postema,False,,True,wheelchair access,,True,False,False,False,False,False,False,False,False,False,False,False,False,False
351,Museum Borg Verhildersum,castle,Groningen,https://www.verhildersum.nl/nl/collectie/familie-van-bolhuis-frima/,Museum Landgoed,False,,True,wheelchair access,,True,False,False,False,False,False,False,False,False,False,False,False,False,False
352,Museum Borg Verhildersum,castle,Groningen,https://www.verhildersum.nl/nl/agenda/workshop-fijnschilderen-en-tekenen/,Onder leiding van kunstenaar Anuschka de Smidt,False,,True,wheelchair access,,True,False,False,False,False,False,False,False,False,False,False,False,False,False
353,Museum Borg Verhildersum,castle,Groningen,https://www.verhildersum.nl/nl/plan-je-bezoek/voor-kinderen/,Voor kinderen,True,"app, online/virtual tour",True,wheelchair access,,True,False,False,False,False,False,False,False,False,False,False,False,False,False
354,Museum Borg Verhildersum,castle,Groningen,https://www.verhildersum.nl/nl/plan-je-bezoek/onderwijs/,Museum Landgoed,True,VR,True,wheelchair access,,True,False,False,False,False,False,False,False,False,False,False,False,False,False
355,Museum Borg Verhildersum,castle,Groningen,https://www.verhildersum.nl/nl/agenda/overzicht-programma-2026/,Programma 2026,True,"VR, app, virtual reality",True,wheelchair access,,True,False,False,False,False,False,False,False,False,False,False,False,False,False
356,Museum Borg Verhildersum,castle,Groningen,https://www.verhildersum.nl/en/our-collections/tjarda-van-starkenborgh-family/,Verhildersum Estate,False,,True,wheelchair access,,False,True,False,False,False,False,False,False,False,False,False,False,False,False
357,Museum Borg Verhildersum,castle,Groningen,https://www.verhildersum.nl/nl/collectie/familieportret-tjarda-van-starkenborgh/,Museum Landgoed,False,,True,wheelchair access,,True,False,False,False,False,False,False,False,False,False,False,False,False,False
358,Museum Borg Verhildersum,castle,Groningen,https://www.verhildersum.nl/en/calendar/workshop-portretschilderen/,Onder leiding van kunstenaar Ruben Postema,False,,True,wheelchair access,,False,True,False,False,False,False,False,False,False,False,False,False,False,False
359,Museum Borg Verhildersum,castle,Groningen,https://www.verhildersum.nl/de/agenda/workshop-portretschilderen/,Onder leiding van kunstenaar Ruben Postema,False,,True,wheelchair access,,False,False,True,False,False,False,False,False,False,False,False,False,False,False
360,Museum Borg Verhildersum,castle,Groningen,https://www.verhildersum.nl/de/agenda/workshop-fijnschilderen-en-tekenen/,Onder leiding van kunstenaar Anuschka de Smidt,False,,True,wheelchair access,,False,False,True,False,False,False,False,False,False,False,False,False,False,False
361,Museum Borg Verhildersum,castle,Groningen,https://www.verhildersum.nl/en/calendar/workshop-fijnschilderen-en-tekenen/,Onder leiding van kunstenaar Anuschka de Smidt,False,,True,wheelchair access,,False,True,False,False,False,False,False,False,False,False,False,False,False,False
362,Museum Borg Verhildersum,castle,Groningen,https://www.verhildersum.nl/de/besuch/familie-und-kinder/,Landgut & Museum,False,,True,wheelchair access,,False,False,True,False,False,False,False,False,False,False,False,False,False,False
363,Museum Borg Verhildersum,castle,Groningen,https://www.verhildersum.nl/en/visit/family-and-children/,Verhildersum Estate,False,,True,wheelchair access,,False,True,False,False,False,False,False,False,False,False,False,False,False,False
364,Museum Borg Verhildersum,castle,Groningen,https://www.verhildersum.nl/en/visit/school-visits/,Verhildersum Estate,True,game,True,wheelchair access,,False,True,False,False,False,False,False,False,False,False,False,False,False,False
365,Museum Borg Verhildersum,castle,Groningen,https://www.verhildersum.nl/de/agenda/overzicht-programma-2026/,Programma 2026,True,"VR, app, virtual reality",True,wheelchair access,,False,False,True,False,False,False,False,False,False,False,False,False,False,False
366,Museum Borg Verhildersum,castle,Groningen,https://www.verhildersum.nl/en/calendar/overzicht-programma-2026/,Programma 2026,True,"VR, app, virtual reality",True,wheelchair access,,False,True,False,False,False,False,False,False,False,False,False,False,False,False
367,Kasteel Doorwerth,castle; castle,Renkum,https://www.glk.nl/erop-uit?location=52.1326%2C+5.2913&zoom=9&view=map&activityType=fietsen,Bezoek een kasteel,True,VR,True,people with disabilities,,True,False,False,False,False,False,False,False,False,False,False,False,False,False
368,Kasteel Doorwerth,castle; castle,Renkum,https://www.glk.nl/erop-uit?location=52.1326%2C+5.2913&zoom=9&view=map&activityType=excursies,Bezoek een kasteel,True,VR,True,people with disabilities,,True,False,False,False,False,False,False,False,False,False,False,False,False,False
369,Kasteel Doorwerth,castle; castle,Renkum,https://www.glk.nl/erop-uit?location=52.19548865295182%2C+5.682867318391801&zoom=9&view=map&activityType=wandelen,Bezoek een kasteel,True,VR,True,people with disabilities,,True,False,False,False,False,False,False,False,False,False,False,False,False,False
370,Kasteel Doorwerth,castle; castle,Renkum,https://www.glk.nl/erop-uit?location=52.1326%2C+5.2913&zoom=9&view=map&?activityType=kasteelactiviteiten,Bezoek een kasteel,True,VR,True,people with disabilities,,True,False,False,False,False,False,False,False,False,False,False,False,False,False
371,Kasteel Doorwerth,castle; castle,Renkum,https://www.glk.nl/alle-natuurgebieden?location=52.07359775353823%2C+5.949096679687501&zoom=10&view=map&activityType=kastelen,Bezoek een kasteel,True,VR,True,people with disabilities,,True,False,False,False,False,False,False,False,False,False,False,False,False,False
372,Kasteel Doorwerth,castle; castle,Renkum,https://www.glk.nl/agenda?activityType=excursies,Bezoek een kasteel,True,VR,True,people with disabilities,,True,False,False,False,False,False,False,False,False,False,False,False,False,False
373,Kasteel Doorwerth,castle; castle,Renkum,https://www.glk.nl/erop-uit??activityType=wandelen&location=52.19548865295182%2C+5.682867318391801&zoom=9&view=map,Bezoek een kasteel,True,VR,True,people with disabilities,,True,False,False,False,False,False,False,False,False,False,False,False,False,False
374,Joods Historisch Kindermuseum,,Amsterdam,https://jck.nl/voor-families-en-kinderen,Voor families en kinderen,True,app,True,"people with disabilities, visual impairment support, wheelchair access",10+ jaar; 6+ jaar,True,False,False,False,False,False,False,False,False,False,False,False,False,False
375,Joods Historisch Kindermuseum,,Amsterdam,https://jck.nl/route/route-met-jonge-kinderen,1 uur Joods Museum junior met jonge kinderen (6+),True,app,True,"people with disabilities, visual impairment support, wheelchair access",,True,False,False,False,False,False,False,False,False,False,False,False,False,False
376,Biesbosch Museum Werkendam,,Altena,https://www.biesboschmuseumeiland.nl/plan-je-bezoek/scholen-en-educatie/,Schoolprogramma's,False,,True,"people with disabilities, wheelchair access",,True,False,False,False,False,False,False,False,False,False,False,False,False,False
377,Biesbosch Museum Werkendam,,Altena,https://www.biesboschmuseumeiland.nl/plan-je-bezoek/kinderen/,Speurtochten in het museum,False,,True,"people with disabilities, wheelchair access",,True,False,False,False,False,False,False,False,False,False,False,False,False,False
378,Biesbosch Museum Werkendam,,Altena,https://www.biesboschmuseumeiland.nl/en/plan-je-bezoek/scholen-en-educatie/?wg-choose-original=false,School programs,False,,True,"people with disabilities, wheelchair access",,False,True,False,False,False,False,False,False,False,False,False,False,False,False
379,Biesbosch Museum Werkendam,,Altena,http://www.biesboschmuseumeiland.nl#education-contact-form,Biesbosch MuseumEiland,False,,True,"people with disabilities, wheelchair access",,True,False,False,False,False,False,False,False,False,False,False,False,False,False
380,Biesbosch Museum Werkendam,,Altena,https://www.biesboschmuseumeiland.nl/exposities/ar-museum-tour/,AR Museum tour,True,"VR, app, virtual reality",True,"people with disabilities, wheelchair access",,True,False,False,False,False,False,False,False,False,False,False,False,False,False
381,Singer Laren,,Laren,https://www.singerlaren.nl/nl/zomer-2026-q1rq,Zomer 2026 | Singer Laren,False,,True,sensory-friendly,,True,False,False,False,False,False,False,False,False,False,False,False,False,False
382,Singer Laren,,Laren,https://www.singerlaren.nl/nl/theme/ontdek-het-theaterseizoen-2026-2027-in-singer-laren-dqr9,Ontdek het theaterseizoen 2026-2027 in Singer Laren,True,VR,True,sensory-friendly,,True,False,False,True,False,False,False,False,False,False,False,False,False,False
383,Singer Laren,,Laren,https://www.singerlaren.nl/nl/agenda/workshops-voor-volwassenen-1sx8,Workshops voor volwassenen,True,VR,True,sensory-friendly,,True,False,False,False,False,False,False,False,False,False,False,False,False,False
384,Singer Laren,,Laren,https://www.singerlaren.nl/nl/rondleidingen-workshops-fcrr,Rondleidingen & Workshops | Singer Laren,False,,True,sensory-friendly,,True,False,False,False,False,False,False,False,False,False,False,False,False,False
385,Singer Laren,,Laren,http://www.singerlaren.nl/nl/agenda?genres%5B0%5D=6,Agenda,True,VR,True,sensory-friendly,,True,False,False,False,False,False,False,False,False,False,False,False,False,False
386,Singer Laren,,Laren,http://www.singerlaren.nl/nl/agenda/tangarine-l4tb,Tangarine,True,VR,True,sensory-friendly,,True,False,False,False,False,False,False,False,False,False,False,False,False,False
387,Singer Laren,,Laren,http://www.singerlaren.nl/nl/agenda?genres%5B0%5D=17,Agenda,True,VR,True,sensory-friendly,,True,False,False,False,False,False,False,False,False,False,False,False,False,False
388,Singer Laren,,Laren,http://www.singerlaren.nl/nl/agenda/workshops-voor-volwassenen-1sx8,Workshops voor volwassenen,True,VR,True,sensory-friendly,,True,False,False,False,False,False,False,False,False,False,False,False,False,False
389,Singer Laren,,Laren,http://www.singerlaren.nl/en/agenda/workshops-voor-volwassenen-1sx8,Workshops aan volwassenen,False,,True,sensory-friendly,,False,True,False,False,False,False,False,False,False,False,False,False,False,False
390,Historisch Museum Ede,,Ede,https://www.historischmuseumede.nl#,Historisch Museum Ede,True,"VR, tablet",False,,4+ jaar,True,False,False,False,False,False,False,False,False,False,False,False,False,False
391,World of Ajax,,Amsterdam,http://www.amsterdamarena.nl/Tours/Tours/Tour/World-of-Ajax-Stadium-Tour.htm#main,Johan Cruijff ArenA,False,,False,,,True,True,False,False,False,False,False,False,False,False,False,False,False,False
392,World of Ajax,,Amsterdam,http://www.amsterdamarena.nl/Tours/Tours/Tour/World-of-Ajax-Stadium-Tour.htm#popup-diner-receptie,Johan Cruijff ArenA,False,,False,,,True,True,False,False,False,False,False,False,False,False,False,False,False,False
393,World of Ajax,,Amsterdam,http://www.amsterdamarena.nl/Tours/Tours/Tour/World-of-Ajax-Stadium-Tour.htm#,Johan Cruijff ArenA,False,,False,,,True,True,False,False,False,False,False,False,False,False,False,False,False,False
394,World of Ajax,,Amsterdam,http://www.amsterdamarena.nl/Tours/Tours/Tour/World-of-Ajax-Stadium-Tour.htm#popup-bedrijfsfeesten,Johan Cruijff ArenA,False,,False,,,True,True,False,False,False,False,False,False,False,False,False,False,False,False
395,World of Ajax,,Amsterdam,http://www.amsterdamarena.nl/Tours/Tours/Tour/World-of-Ajax-Stadium-Tour.htm#popup-business-events-op-maat,Johan Cruijff ArenA,False,,False,,,True,True,False,False,False,False,False,False,False,False,False,False,False,False
396,Maczek Memorial Breda,Military Museum,Breda,https://www.maczekmemorialbreda.nl/bezoek-voor-scholen,Scholenprogramma,False,,False,,,True,False,False,False,False,False,False,False,False,False,False,False,False,False
397,Maczek Memorial Breda,Military Museum,Breda,https://www.maczekmemorialbreda.nl/schoolbezoek-aanmelden,Ik wil een schoolgroep aanmelden voor een bezoek,False,,False,,,True,True,False,False,False,False,False,False,False,False,False,False,False,False
398,Discovery Museum,,Kerkrade,https://www.discoverymuseum.nl/wat-is-er-te-doen-discovery-museum/wat-is-er-te-doen-met-kinderen-discovery-museum/,Kinderen,True,game,True,"people with disabilities, visual impairment support, wheelchair access",,True,True,True,False,False,False,False,False,False,False,False,False,False,False
399,Discovery Museum,,Kerkrade,https://www.discoverymuseum.nl/activiteiten/einstein-telescope-gravity-tour/,Einstein Telescope Gravity Tour,True,interactive,True,"people with disabilities, visual impairment support, wheelchair access",12+ jaar,True,True,True,False,False,False,False,False,False,False,False,False,False,False
400,Discovery Museum,,Kerkrade,https://www.discoverymuseum.nl/en/whats-on/with-children/,Children,True,interactive,True,"people with disabilities, visual impairment support, wheelchair access",,True,True,True,False,False,False,False,False,False,False,False,False,False,False
401,Discovery Museum,,Kerkrade,https://www.discoverymuseum.nl/einstein-telescope/einstein-telescope-gravity-tour/,Einstein Telescope Gravity Tour,True,interactive,True,"people with disabilities, visual impairment support, wheelchair access",12+ jaar,True,True,True,False,False,False,False,False,False,False,False,False,False,False
402,Nationaal Militair Museum,,Soest,https://www.nmm.nl/nl/bezoek/scholen/,Educatie,True,tablet,True,"people with disabilities, sign language support, wheelchair access",,True,True,True,False,False,False,False,False,False,False,False,False,False,False
403,Nationaal Militair Museum,,Soest,https://www.nmm.nl/nl/bezoek/scholen/beroepsonderwijs/,MBO en HBO,True,"interactive, tablet",True,"people with disabilities, sign language support, wheelchair access",15+ jaar,True,True,True,False,False,False,False,False,False,False,False,False,False,False
404,Nationaal Militair Museum,,Soest,https://www.nmm.nl/nl/bezoek/scholen/schoolreisjes/,Schoolreisjes,True,"game, tablet",True,"people with disabilities, sign language support, wheelchair access",,True,True,True,False,False,False,False,False,False,False,False,False,False,False
405,Nationaal Militair Museum,,Soest,https://www.nmm.nl/nl/bezoek/scholen/basisonderwijs/,Basisonderwijs,True,tablet,True,"people with disabilities, sign language support, wheelchair access",,True,True,True,False,False,False,False,False,False,False,False,False,False,False
406,Nationaal Militair Museum,,Soest,https://www.nmm.nl/nl/bezoek/scholen/voortgezet-onderwijs/,Voortgezet onderwijs,True,tablet,True,"people with disabilities, sign language support, wheelchair access",,True,True,True,False,False,False,False,False,False,False,False,False,False,False
407,Nationaal Militair Museum,,Soest,https://www.nmm.nl/nl/bezoek/scholen/schoolbezoek-aanvragen/,Schoolbezoek,True,tablet,True,"people with disabilities, sign language support, wheelchair access",,True,True,True,False,False,False,False,False,False,False,False,False,False,False
408,Museum Slot Loevestein,military museum; national museum,Zaltbommel,http://www.slotloevestein.nl/primair-onderwijs/,Schoolreisje,True,VR,True,"people with disabilities, wheelchair access",,True,True,True,True,True,True,False,True,True,True,True,True,True,True
409,Museum Slot Loevestein,military museum; national museum,Zaltbommel,http://www.slotloevestein.nl/#,Kom Loevestein ontdekken,False,,True,"people with disabilities, wheelchair access",,True,True,True,True,True,True,False,True,True,True,True,True,True,True
410,Museum Slot Loevestein,military museum; national museum,Zaltbommel,https://www.slotloevestein.nl/primair-onderwijs/,Schoolreisje,True,VR,True,"people with disabilities, wheelchair access",,True,True,True,True,True,True,False,True,True,True,True,True,True,True
411,Museum Slot Loevestein,military museum; national museum,Zaltbommel,https://www.slotloevestein.nl/voortgezet-onderwijs/,Voorbereiding,True,VR,True,"people with disabilities, wheelchair access",,True,True,True,True,True,True,False,True,True,True,True,True,True,True
412,Museum Slot Loevestein,military museum; national museum,Zaltbommel,http://www.slotloevestein.nl/voortgezet-onderwijs/,Voorbereiding,True,VR,True,"people with disabilities, wheelchair access",,True,True,True,True,True,True,False,True,True,True,True,True,True,True
413,Museum Slot Loevestein,military museum; national museum,Zaltbommel,https://www.slotloevestein.nl/onderwijs_tag/rondleiding/,Rondleiding Archieven - Slot Loevestein - Rijksmuseum,False,,True,"people with disabilities, wheelchair access",,True,True,True,True,True,True,False,True,True,True,True,True,True,True
414,Museum Slot Loevestein,military museum; national museum,Zaltbommel,https://www.slotloevestein.nl/onderwijsmodules/het-ware-verhaal/,Organisatie,False,,True,"people with disabilities, wheelchair access",,True,True,True,True,True,True,False,True,True,True,True,True,True,True
415,Museum Slot Loevestein,military museum; national museum,Zaltbommel,https://www.slotloevestein.nl/onderwijsmodules/hollandse-waterlinies/,Organisatie,False,,True,"people with disabilities, wheelchair access",,True,True,True,True,True,True,False,True,True,True,True,True,True,True
416,Museum Slot Loevestein,military museum; national museum,Zaltbommel,https://www.slotloevestein.nl/onderwijs_tag/geschiedenis/,Geschiedenis Archieven - Slot Loevestein - Rijksmuseum,False,,True,"people with disabilities, wheelchair access",,True,True,True,True,True,True,False,True,True,True,True,True,True,True
417,Museum Slot Loevestein,military museum; national museum,Zaltbommel,https://www.slotloevestein.nl/onderwijs_tag/aardrijkskunde/,Aardrijkskunde Archieven - Slot Loevestein - Rijksmuseum,False,,True,"people with disabilities, wheelchair access",,True,True,True,True,True,True,False,True,True,True,True,True,True,True
418,Museum Slot Loevestein,military museum; national museum,Zaltbommel,https://www.slotloevestein.nl/onderwijsmodules/het-stenen-huis/,Organisatie,False,,True,"people with disabilities, wheelchair access",,True,True,True,True,True,True,False,True,True,True,True,True,True,True
419,Museum Slot Loevestein,military museum; national museum,Zaltbommel,https://www.slotloevestein.nl/onderwijs_tag/groep-5-6/,Groep 5-6 Archieven - Slot Loevestein - Rijksmuseum,False,,True,"people with disabilities, wheelchair access",,True,True,True,True,True,True,False,True,True,True,True,True,True,True
420,Museum Slot Loevestein,military museum; national museum,Zaltbommel,https://www.slotloevestein.nl/onderwijsmodules/wie-is-hugo/,Organisatie,False,,True,"people with disabilities, wheelchair access",,True,True,True,True,True,True,False,True,True,True,True,True,True,True
421,Museum Slot Loevestein,military museum; national museum,Zaltbommel,https://www.slotloevestein.nl/aanvraag-onderwijs/,Organisatie,True,VR,True,"people with disabilities, wheelchair access",,True,True,True,True,True,True,False,True,True,True,True,True,True,True
422,Museum Slot Loevestein,military museum; national museum,Zaltbommel,https://www.slotloevestein.nl/onderwijsmodules_cat/primair-onderwijs/,Primair onderwijs Archieven - Slot Loevestein - Rijksmuseum,False,,True,"people with disabilities, wheelchair access",,True,True,True,True,True,True,False,True,True,True,True,True,True,True
423,Museum Slot Loevestein,military museum; national museum,Zaltbommel,https://www.slotloevestein.nl/onderwijsmodules/speurtocht/,Help Hugo zoeken!,False,,True,"people with disabilities, wheelchair access",,True,True,True,True,True,True,False,True,True,True,True,True,True,True
424,Museum Slot Loevestein,military museum; national museum,Zaltbommel,https://www.slotloevestein.nl/onderwijs_tag/burgerschap/,Burgerschap Archieven - Slot Loevestein - Rijksmuseum,False,,True,"people with disabilities, wheelchair access",,True,True,True,True,True,True,False,True,True,True,True,True,True,True
425,Museum Slot Loevestein,military museum; national museum,Zaltbommel,https://www.slotloevestein.nl/onderwijs_tag/groep-1-2/,Groep 1-2 Archieven - Slot Loevestein - Rijksmuseum,False,,True,"people with disabilities, wheelchair access",,True,True,True,True,True,True,False,True,True,True,True,True,True,True
426,Museum Slot Loevestein,military museum; national museum,Zaltbommel,https://www.slotloevestein.nl/onderwijsmodules/themalessen/,Organisatie,False,,True,"people with disabilities, wheelchair access",,True,True,True,True,True,True,False,True,True,True,True,True,True,True
427,Museum Slot Loevestein,military museum; national museum,Zaltbommel,https://www.slotloevestein.nl/onderwijs_tag/groep-7-8/,Groep 7-8 Archieven - Slot Loevestein - Rijksmuseum,False,,True,"people with disabilities, wheelchair access",,True,True,True,True,True,True,False,True,True,True,True,True,True,True
428,Museum Slot Loevestein,military museum; national museum,Zaltbommel,https://www.slotloevestein.nl/onderwijs_tag/groep-3-4/,Groep 3-4 Archieven - Slot Loevestein - Rijksmuseum,False,,True,"people with disabilities, wheelchair access",,True,True,True,True,True,True,False,True,True,True,True,True,True,True
429,Museum Slot Loevestein,military museum; national museum,Zaltbommel,https://www.slotloevestein.nl/onderwijsmodules/historische-rondleiding/,Organisatie,False,,True,"people with disabilities, wheelchair access",,True,True,True,True,True,True,False,True,True,True,True,True,True,True
430,Museum Slot Loevestein,military museum; national museum,Zaltbommel,https://www.slotloevestein.nl/aanvraag-onderwijs,Organisatie,True,VR,True,"people with disabilities, wheelchair access",,True,True,True,True,True,True,False,True,True,True,True,True,True,True
431,Museum Slot Loevestein,military museum; national museum,Zaltbommel,https://www.slotloevestein.nl/onderwijsmodules/museumles-op-visite-bij-hugo-en-maria/,Organisatie,True,interactive,True,"people with disabilities, wheelchair access",,True,True,True,True,True,True,False,True,True,True,True,True,True,True
432,Museum Slot Loevestein,military museum; national museum,Zaltbommel,https://www.slotloevestein.nl/onderwijs_tag/nederlands/,Nederlands Archieven - Slot Loevestein - Rijksmuseum,False,,True,"people with disabilities, wheelchair access",,True,True,True,True,True,True,False,True,True,True,True,True,True,True
433,Museum Slot Loevestein,military museum; national museum,Zaltbommel,https://www.slotloevestein.nl/onderwijsmodules/het-verhaal-van-hugo-de-groot/,Organisatie,False,,True,"people with disabilities, wheelchair access",,True,True,True,True,True,True,False,True,True,True,True,True,True,True
434,Museum Slot Loevestein,military museum; national museum,Zaltbommel,https://www.slotloevestein.nl/onderwijsmodules/tentoonstellingsles-speak-up/,Organisatie,False,,True,"people with disabilities, wheelchair access",,True,True,True,True,True,True,False,True,True,True,True,True,True,True
435,Museum Slot Loevestein,military museum; national museum,Zaltbommel,https://www.slotloevestein.nl/onderwijs_tag/brugklas/,Brugklas Archieven - Slot Loevestein - Rijksmuseum,False,,True,"people with disabilities, wheelchair access",,True,True,True,True,True,True,False,True,True,True,True,True,True,True
436,Museum Slot Loevestein,military museum; national museum,Zaltbommel,https://www.slotloevestein.nl/onderwijs_tag/vwo/,vwo Archieven - Slot Loevestein - Rijksmuseum,False,,True,"people with disabilities, wheelchair access",,True,True,True,True,True,True,False,True,True,True,True,True,True,True
437,Museum Slot Loevestein,military museum; national museum,Zaltbommel,https://www.slotloevestein.nl/onderwijsmodules/tussen-de-rivieren/,Organisatie,False,,True,"people with disabilities, wheelchair access",,True,True,True,True,True,True,False,True,True,True,True,True,True,True
438,Museum Slot Loevestein,military museum; national museum,Zaltbommel,https://www.slotloevestein.nl/onderwijs_tag/onderbouw/,Onderbouw Archieven - Slot Loevestein - Rijksmuseum,False,,True,"people with disabilities, wheelchair access",,True,True,True,True,True,True,False,True,True,True,True,True,True,True
439,Museum Slot Loevestein,military museum; national museum,Zaltbommel,https://www.slotloevestein.nl/onderwijs_tag/vmbo/,vmbo Archieven - Slot Loevestein - Rijksmuseum,False,,True,"people with disabilities, wheelchair access",,True,True,True,True,True,True,False,True,True,True,True,True,True,True
440,Museum Slot Loevestein,military museum; national museum,Zaltbommel,https://www.slotloevestein.nl/onderwijsmodules/aanvulling-op-schoolbezoek-speurtocht/,Explosief gevonden,False,,True,"people with disabilities, wheelchair access",,True,True,True,True,True,True,False,True,True,True,True,True,True,True
441,Museum Slot Loevestein,military museum; national museum,Zaltbommel,https://www.slotloevestein.nl/onderwijs_tag/educatief/,Educatief Archieven - Slot Loevestein - Rijksmuseum,False,,True,"people with disabilities, wheelchair access",,True,True,True,True,True,True,False,True,True,True,True,True,True,True
442,Museum Slot Loevestein,military museum; national museum,Zaltbommel,https://www.slotloevestein.nl/onderwijsmodules_cat/voortgezet-onderwijs/,Voortgezet onderwijs Archieven - Slot Loevestein - Rijksmuseum,False,,True,"people with disabilities, wheelchair access",,True,True,True,True,True,True,False,True,True,True,True,True,True,True
443,Museum Slot Loevestein,military museum; national museum,Zaltbommel,https://www.slotloevestein.nl/onderwijsmodules/oorlogsrecht/,Organisatie,True,interactive,True,"people with disabilities, wheelchair access",,True,True,True,True,True,True,False,True,True,True,True,True,True,True
444,Museum Slot Loevestein,military museum; national museum,Zaltbommel,https://www.slotloevestein.nl/onderwijsmodules/onderzoek-en-ontwerp/,Organisatie,False,,True,"people with disabilities, wheelchair access",,True,True,True,True,True,True,False,True,True,True,True,True,True,True
445,Museum Slot Loevestein,military museum; national museum,Zaltbommel,https://www.slotloevestein.nl/onderwijs_tag/bovenbouw/,Bovenbouw Archieven - Slot Loevestein - Rijksmuseum,False,,True,"people with disabilities, wheelchair access",,True,True,True,True,True,True,False,True,True,True,True,True,True,True
446,Museum Slot Loevestein,military museum; national museum,Zaltbommel,https://www.slotloevestein.nl/onderwijsmodules/hoezo-opstand/,Organisatie,False,,True,"people with disabilities, wheelchair access",,True,True,True,True,True,True,False,True,True,True,True,True,True,True
447,Museum Slot Loevestein,military museum; national museum,Zaltbommel,https://www.slotloevestein.nl/onderwijs_tag/havo/,havo Archieven - Slot Loevestein - Rijksmuseum,False,,True,"people with disabilities, wheelchair access",,True,True,True,True,True,True,False,True,True,True,True,True,True,True
448,FENIX Landverhuizersmuseum,Migration Museum,Rotterdam,https://www.fenix.nl/nl/the-family-of-migrants/,The Family of Migrants,False,,True,"hearing impairment support, people with disabilities, visual impairment support, wheelchair access",,True,False,False,False,False,False,False,False,False,False,False,False,False,False
449,FENIX Landverhuizersmuseum,Migration Museum,Rotterdam,https://www.fenix.nl/nl/wereldvluchtelingendag-bij-fenix/,Wereldvluchtelingendag bij Fenix,False,,True,"hearing impairment support, people with disabilities, visual impairment support, wheelchair access",,True,False,False,False,False,False,False,False,False,False,False,False,False,False
450,FENIX Landverhuizersmuseum,Migration Museum,Rotterdam,https://www.fenix.nl/nl/te-zien-en-doen/,Te zien en doen,True,VR,True,"hearing impairment support, people with disabilities, visual impairment support, wheelchair access",,True,False,False,False,False,False,False,False,False,False,False,False,False,False
451,FENIX Landverhuizersmuseum,Migration Museum,Rotterdam,https://www.fenix.nl/nl/onderwijs/,Onderwijs,False,,True,"hearing impairment support, people with disabilities, visual impairment support, wheelchair access",,True,False,False,False,False,False,False,False,False,False,False,False,False,False
452,FENIX Landverhuizersmuseum,Migration Museum,Rotterdam,https://www.fenix.nl/en/the-family-of-migrants/,The Family of Migrants,False,,True,"hearing impairment support, people with disabilities, visual impairment support, wheelchair access",,False,True,False,False,False,False,False,False,False,False,False,False,False,False
453,FENIX Landverhuizersmuseum,Migration Museum,Rotterdam,https://www.fenix.nl/nl/te-zien-en-doen/schilderperformance-abdalla-al-omari/,Live painting en Q&A met Abdalla Al Omari,False,,True,"hearing impairment support, people with disabilities, visual impairment support, wheelchair access",,True,True,False,False,False,False,False,False,False,False,False,False,False,False
454,FENIX Landverhuizersmuseum,Migration Museum,Rotterdam,https://www.fenix.nl/nl/te-zien-en-doen/aan-tafel-met-de-buren-speciale-editie-met-films-en-diner/,"Middagprogramma met films over migratie, detentie en leven ver van huis",False,,True,"hearing impairment support, people with disabilities, visual impairment support, wheelchair access",,True,False,False,False,False,False,False,False,False,False,False,False,False,False
455,FENIX Landverhuizersmuseum,Migration Museum,Rotterdam,https://www.fenix.nl/nl/te-zien-en-doen/kapie-maken/,Wandeltour Katendrecht,False,,True,"hearing impairment support, people with disabilities, visual impairment support, wheelchair access",,True,False,False,False,False,False,False,False,False,True,False,False,False,False
456,FENIX Landverhuizersmuseum,Migration Museum,Rotterdam,https://www.fenix.nl/nl/te-zien-en-doen/backgammon-toernooi-workshop/,Backgammon Toernooi & Workshop,False,,True,"hearing impairment support, people with disabilities, visual impairment support, wheelchair access",,True,False,False,False,False,False,False,False,False,False,False,False,False,False
457,FENIX Landverhuizersmuseum,Migration Museum,Rotterdam,https://www.fenix.nl/en/education/,Education,False,,True,"hearing impairment support, people with disabilities, visual impairment support, wheelchair access",,True,True,False,False,False,False,False,False,False,False,False,False,False,False
458,FENIX Landverhuizersmuseum,Migration Museum,Rotterdam,https://www.fenix.nl/nl/nt2-taalprogramma/,NT2-taalprogramma,False,,True,"hearing impairment support, people with disabilities, visual impairment support, wheelchair access",,True,False,False,False,False,False,False,False,False,False,False,False,False,False
459,FENIX Landverhuizersmuseum,Migration Museum,Rotterdam,https://www.fenix.nl/nl/voortgezet-onderwijs/,Voortgezet onderwijs,False,,True,"hearing impairment support, people with disabilities, visual impairment support, wheelchair access",,True,False,False,False,False,False,False,False,False,False,False,False,False,False
460,FENIX Landverhuizersmuseum,Migration Museum,Rotterdam,https://www.fenix.nl/nl/primair-onderwijs/,Primair onderwijs,True,audio guide,True,"hearing impairment support, people with disabilities, visual impairment support, wheelchair access",,True,False,False,False,False,False,False,False,False,False,False,False,False,False
461,Museum de Schat van Simpelveld,,Simpelveld,https://deschatvansimpelveld.nl/scholen/,Scholen,True,tablet,True,"people with disabilities, wheelchair access",,True,True,True,False,False,False,False,False,False,False,False,False,False,False
462,Museum de Schat van Simpelveld,,Simpelveld,https://deschatvansimpelveld.nl/educatie,Educatie,True,tablet,True,"people with disabilities, wheelchair access",,True,True,True,False,False,False,False,False,False,False,False,False,False,False
463,Museum de Schat van Simpelveld,,Simpelveld,https://deschatvansimpelveld.nl/educatie/,Educatie,True,tablet,True,"people with disabilities, wheelchair access",,True,True,True,False,False,False,False,False,False,False,False,False,False,False
464,Museum de Schat van Simpelveld,,Simpelveld,https://deschatvansimpelveld.nl/en/education/,Education,True,tablet,True,"people with disabilities, wheelchair access",,True,True,True,False,False,False,False,False,False,False,False,False,False,False
465,Rietveldpaviljoen De Zonnehof,art museum building,Amersfoort,https://033rietveldpaviljoen.nl/educatie/,Aanmelden,True,"VR, interactive",True,people with disabilities,,True,False,False,True,False,False,False,False,False,False,False,False,False,False
466,Openluchtmuseum Het Hoogeland,open-air museum,Eemsmond,https://www.hethoogeland.com/plan-uw-bezoek/scholen-educatie-kunst-en-cultuur-kinderuitje/,Scholen,False,,True,wheelchair access,,True,False,False,False,False,False,False,False,False,False,False,False,False,False
467,Openluchtmuseum Het Hoogeland,open-air museum,Eemsmond,https://www.hethoogeland.com/plan-uw-bezoek/vergaderingen-en-huur-locatie/,"Vergaderingen, cursussen, workshops en seminars",False,,True,wheelchair access,,True,False,False,False,False,False,False,False,False,False,False,False,False,False
468,Katwijks Museum,,Katwijk,https://www.katwijksmuseum.nl/schoolprojecten/,Schoolprojecten,False,,False,,5-13 jaar,True,True,True,False,False,False,False,False,False,False,False,False,False,False
469,Katwijks Museum,,Katwijk,https://www.katwijksmuseum.nl/kinderactiviteiten/,Kinderactiviteiten,False,,False,,5-13 jaar,True,True,True,False,False,False,False,False,False,False,False,False,False,False
470,Katwijks Museum,,Katwijk,https://www.katwijksmuseum.nl/schilderkunst/,Schilderkunst,False,,False,,,True,True,True,False,False,False,False,False,False,False,False,False,False,False
471,Multatuli Museum,,Amsterdam,http://www.multatuli-museum.nl/educatie,Multatuli Museum,False,,False,,,True,False,False,False,False,False,False,False,False,False,False,False,False,False
472,Marres,,Maastricht,https://marres.org/programma/,Ontdek het programma van Marres,False,,True,wheelchair access,,True,True,False,False,False,False,False,False,False,False,False,False,False,False
473,Marres,,Maastricht,https://marres.org/open-call-marres-vrijdagavondprogramma/,Open Call: Marres Vrijdagavondprogramma,False,,True,wheelchair access,,True,True,False,False,False,False,False,False,False,False,False,False,False,False
474,Marres,,Maastricht,https://marres.org/program/quiet-x-marres-sponsordiner/,Quiet x Marres sponsordiner,False,,True,wheelchair access,,True,True,False,False,False,False,False,False,False,False,False,False,False,False
475,Marres,,Maastricht,https://marres.org/program/wandelen-met-marres-2/,Wandelen met Marres,True,audio guide,True,wheelchair access,,True,True,False,False,False,False,False,False,False,False,False,False,False,False
476,Marres,,Maastricht,https://marres.org/program/gluren-bij-de-buren-2/,Gluren bij de Buren,False,,True,wheelchair access,,True,True,False,False,False,False,False,False,False,False,False,False,False,False
477,Marres,,Maastricht,https://marres.org/educatie/jongerenafdeling-extended/,Jongerenprogramma Extended,False,,True,wheelchair access,,True,True,False,False,False,False,False,False,False,False,False,False,False,False
478,Marres,,Maastricht,https://marres.org/programma/workshops-en-activiteiten/,Workshops & activiteiten,False,,True,wheelchair access,,True,True,False,False,False,False,False,False,False,False,False,False,False,False
479,Marres,,Maastricht,https://marres.org/program/nationale-buitenspeeldag-2/,Nationale Buitenspeeldag,False,,True,wheelchair access,,True,True,False,False,False,False,False,False,False,False,False,False,False,False
480,Marres,,Maastricht,https://marres.org/program/marres-tuinprogramma-2026/,Marres Tuinfestival 2026,False,,True,wheelchair access,,True,True,False,False,False,False,False,False,False,False,False,False,False,False
481,Marres,,Maastricht,https://marres.org/programma/nu-binnenkort/,Agenda,False,,True,wheelchair access,,True,True,False,False,False,False,False,False,False,False,False,False,False,False
482,Marres,,Maastricht,https://marres.org/programma/tentoonstellingen/,Tentoonstellingen,False,,True,wheelchair access,,True,True,False,False,False,False,False,False,False,False,False,False,False,False
483,Marres,,Maastricht,https://marres.org/educatie/,Kunsteducatie bij Marres,False,,True,wheelchair access,,True,True,False,False,False,False,False,False,False,False,False,False,False,False
484,Marres,,Maastricht,https://marres.org/en/marres-program/,Discover our program at Marres,True,interactive,True,wheelchair access,,True,True,False,False,False,False,False,False,False,False,False,False,False,False
485,Marres,,Maastricht,https://marres.org/programma/wandelen-met-marres/,Wandelen met Marres,True,audio guide,True,wheelchair access,,True,True,False,False,False,False,False,False,False,False,False,False,False,False
486,Marres,,Maastricht,https://marres.org/en/open-call-marres-fridayevening-program/,Open Call: Marres Friday Evening Program,False,,True,wheelchair access,,True,True,False,False,False,False,False,False,False,False,False,False,False,False
487,Marres,,Maastricht,https://marres.org/program/celina-eceiza/,Celina Eceiza –  Rubyfruit Jungle,False,,True,wheelchair access,,True,True,False,False,False,False,False,False,False,False,False,False,False,False
488,Marres,,Maastricht,https://marres.org/en/program/quiet-x-marres-sponsordiner/,Quiet x Marres sponsored dinner,False,,True,wheelchair access,,True,True,False,False,False,False,False,False,False,False,False,False,False,False
489,Marres,,Maastricht,https://marres.org/program/gids-voor-de-zintuigen/,Gids voor de Zintuigen,False,,True,wheelchair access,,True,True,False,False,False,False,False,False,False,False,False,False,False,False
490,Marres,,Maastricht,https://marres.org/en/program/maastricht-tracks-stadswandeling/,Maastricht Tracks,True,audio guide,True,wheelchair access,,True,True,False,False,False,False,False,False,False,False,False,False,False,False
491,Marres,,Maastricht,https://marres.org/program/de-ommuurde-tuin/,De Ommuurde Tuin,False,,True,wheelchair access,,True,True,False,False,False,False,False,False,False,False,False,False,False,False
492,Marres,,Maastricht,https://marres.org/program/geurwandeling-op-zoek-naar-de-verloren-tijd/,Geurwandeling: Op Zoek naar de Verloren Tijd,False,,True,wheelchair access,,True,True,False,False,False,False,False,False,False,False,False,False,False,False
493,Marres,,Maastricht,https://marres.org/program/goudgeel-oud-bruin/,"Goudgeel, Oud Bruin",False,,True,wheelchair access,,True,True,False,False,False,False,False,False,False,False,False,False,False,False
494,Marres,,Maastricht,https://marres.org/program/wanderbuch/,Wanderbuch,False,,True,wheelchair access,,True,True,False,False,False,False,False,False,False,False,False,False,False,False
495,Marres,,Maastricht,https://marres.org/en/program/wandelen-met-marres-2/,Walk with Marres,True,audio guide,True,wheelchair access,,True,True,True,False,False,False,False,False,False,False,False,False,False,False
496,Marres,,Maastricht,https://marres.org/en/program/gluren-bij-de-buren-2/,Gluren bij de Buren,False,,True,wheelchair access,,True,True,False,False,False,False,False,False,False,False,False,False,False,False
497,Marres,,Maastricht,https://marres.org/educatie/mbo-hbo-wo/,"MBO, HBO, WO",False,,True,wheelchair access,,True,True,False,False,False,False,False,False,False,False,False,False,False,False
498,Marres,,Maastricht,https://marres.org/educatie/primair-onderwijs/,Primair onderwijs,False,,True,wheelchair access,,True,True,False,False,False,False,False,False,False,False,False,False,False,False
499,Marres,,Maastricht,https://marres.org/educatie/voortgezet-onderwijs/,Voortgezet onderwijs,False,,True,wheelchair access,,True,True,False,False,False,False,False,False,False,False,False,False,False,False
500,Marres,,Maastricht,https://marres.org/en/education/marres-extended/,Youth program Extended,False,,True,wheelchair access,,True,True,False,False,False,False,False,False,False,False,False,False,False,False
501,Marres,,Maastricht,https://marres.org/program/nationale-buitenspeeldag/,Nationale Buitenspeeldag,False,,True,wheelchair access,,True,True,False,False,False,False,False,False,False,False,False,False,False,False
502,Marres,,Maastricht,https://marres.org/program/training-the-senses-human-experience/,Training the Senses: Human Experience,True,"game, interactive",True,wheelchair access,,True,True,False,False,False,False,False,False,False,False,False,False,False,False
503,Marres,,Maastricht,https://marres.org/program/gratis-toegang-met-het-boekenweekgeschenk/,Gratis toegang met het Boekenweekgeschenk,True,app,True,wheelchair access,,True,True,False,False,False,False,False,False,False,False,False,False,False,False
504,Marres,,Maastricht,https://marres.org/program/fashionclash-festival-2024/,FASHIONCLASH @ Marres 2024,False,,True,wheelchair access,,True,True,False,False,False,False,False,False,False,False,False,False,False,False
505,Marres,,Maastricht,https://marres.org/program/stamtafelgesprek/,Stamtafelgesprek Stichting Met je hart,False,,True,wheelchair access,,True,True,False,False,False,False,False,False,False,False,False,False,False,False
506,Marres,,Maastricht,https://marres.org/program/de-onzichtbare-collectie-op-school/,De Onzichtbare Collectie op school,False,,True,wheelchair access,,True,True,False,False,False,False,False,False,False,False,False,False,False,False
507,Marres,,Maastricht,https://marres.org/program/friday-night-opening-workshop-premium-team/,Friday Night Opening—Workshop Premium-team,False,,True,wheelchair access,,True,True,False,False,False,False,False,False,False,False,False,False,False,False
508,Marres,,Maastricht,https://marres.org/program/extended-event/,Extended eindpresentatie,False,,True,wheelchair access,14-21 jaar,True,True,False,False,False,False,False,False,False,False,False,False,False,False
509,Marres,,Maastricht,https://marres.org/program/extended_vmbo-op-broeklandcollege-2/,Extended_VMBO op Broeklandcollege,False,,True,wheelchair access,,True,True,False,False,False,False,False,False,False,False,False,False,False,False
510,Marres,,Maastricht,https://marres.org/en/marres-program/workshops-events/,Workshops & events,True,interactive,True,wheelchair access,,True,True,False,False,True,False,False,False,False,False,False,False,False,False
511,Marres,,Maastricht,https://marres.org/program/de-onzichtbare-collectie/,De Onzichtbare Collectie,True,smartphone,True,wheelchair access,,True,True,False,False,False,False,False,False,False,False,False,False,False,False
512,Marres,,Maastricht,https://marres.org/program/marres-educatie-kindcentrum-dynamiek/,Marres educatie: Kindcentrum Dynamiek,False,,True,wheelchair access,,True,True,False,False,False,False,False,False,False,False,False,False,False,False
513,Marres,,Maastricht,https://marres.org/program/vrijwilligersrondleiding/,Goodbye to Love vrijwilligersrondleiding,False,,True,wheelchair access,,True,True,False,False,False,False,False,False,False,False,False,False,False,False
514,Marres,,Maastricht,https://marres.org/program/limburg-biennale-inleverdagen/,Limburg Biënnale 2024 inleverdagen,False,,True,wheelchair access,,True,True,False,False,False,False,False,False,False,False,False,False,False,False
515,Marres,,Maastricht,https://marres.org/program/fall-program/,"Fall Program, vrijdagavonden (gratis toegang)",False,,True,wheelchair access,,True,True,False,False,False,False,False,False,False,False,False,False,False,False
516,Marres,,Maastricht,https://marres.org/program/opening-goodbye-to-love/,Opening Goodbye to Love,False,,True,wheelchair access,,True,True,False,False,False,False,False,False,False,False,False,False,False,False
517,Marres,,Maastricht,https://marres.org/program/workshop-marres-x-ease/,Workshop Marres X @ease,False,,True,wheelchair access,,True,True,False,False,False,False,False,False,False,False,False,False,False,False
518,Marres,,Maastricht,https://marres.org/program/spaanstalige-rondleiding-door-vultures-fireflies/,Vultures & Fireflies: Spaanstalige rondleiding,False,,True,wheelchair access,,True,True,False,False,False,False,False,False,False,False,False,False,False,False
519,Marres,,Maastricht,https://marres.org/program/rooms-reprise/,Rooms Reprise,False,,True,wheelchair access,,True,True,False,False,False,False,False,False,False,False,False,False,False,False
520,Marres,,Maastricht,https://marres.org/program/henna-night-workshop-door-pansee-atta/,Marres Spring programma: gratis vrijdagavonden,False,,True,wheelchair access,,True,True,True,True,False,False,False,True,False,False,False,False,False,False
521,Marres,,Maastricht,https://marres.org/program/rooms/,Rooms Performance festival 2024,False,,True,wheelchair access,,True,True,False,False,False,False,False,False,False,False,False,False,False,False
522,Marres,,Maastricht,https://marres.org/program/de-onzichtbare-collectie-op-basisschool-sint-aloysius/,De Onzichtbare Collectie op basisschool Sint Aloysius,False,,True,wheelchair access,,True,True,False,False,False,False,False,False,False,False,False,False,False,False
523,Marres,,Maastricht,https://marres.org/program/avondopening/,Avondopening,False,,True,wheelchair access,,True,True,False,False,False,False,False,False,False,False,False,False,False,False
524,Marres,,Maastricht,https://marres.org/program/listening-letters-family-workshop-5-with-maguette-dieng/,Listening Letters: Familieworkshop (5+) met Maguette Dieng,False,,True,wheelchair access,,True,True,False,False,False,False,False,False,False,False,False,False,False,False
525,Marres,,Maastricht,https://marres.org/program/hosting-queer-art-club-maastricht/,Hosting Queer Art Club Maastricht,False,,True,wheelchair access,,True,True,False,False,False,False,False,False,False,False,False,False,False,False
526,Marres,,Maastricht,https://marres.org/program/raeesahs-hatha-yoga-in-de-tuin/,Raeesah’s Hatha Yoga in de tuin,False,,True,wheelchair access,,True,True,False,False,False,False,False,False,False,False,False,False,False,False
527,Marres,,Maastricht,https://marres.org/program/workshops-ease-marres/,Workshops @ease x Marres,False,,True,wheelchair access,,True,True,False,False,False,False,False,False,False,False,False,False,False,False
528,Marres,,Maastricht,https://marres.org/program/extended_vmbo-op-broeklandcollege-3/,Extended_VMBO op Broeklandcollege,False,,True,wheelchair access,,True,True,False,False,False,False,False,False,False,False,False,False,False,False
529,Marres,,Maastricht,https://marres.org/program/katja-heitmann-motus-mori-reliquiem/,Katja Heitmann – Motus Mori RELIQUIEM,False,,True,wheelchair access,,True,True,True,False,False,False,False,False,False,False,False,False,False,False
530,Marres,,Maastricht,https://marres.org/program/de-onzichtbare-collectie-op-school-2/,De Onzichtbare Collectie op school,False,,True,wheelchair access,,True,True,False,False,False,False,False,False,False,False,False,False,False,False
531,Marres,,Maastricht,https://marres.org/program/rooms-performance-festival-2025/,Rooms Performance Festival 2025,True,multimedia,True,wheelchair access,12+ jaar,True,True,False,True,False,False,False,False,False,False,False,False,False,False
532,Marres,,Maastricht,https://marres.org/program/amparo-gonzalez-sola-gestures-as-portals/,Amparo González Sola – Gestures as Portals,False,,True,wheelchair access,,True,True,False,False,False,False,False,False,False,False,False,False,False,False
533,Marres,,Maastricht,https://marres.org/program/art-antwerp-met-de-vrienden-van-marres/,Art Antwerp met de Vrienden van Marres,False,,True,wheelchair access,,True,True,False,False,False,False,False,False,False,False,False,False,False,False
534,Marres,,Maastricht,https://marres.org/program/workshop-dont-touch-my-hair-assimilation-kit-diy/,Marres Spring Program: Free Friday Evenings,True,"interactive, multimedia",True,wheelchair access,,True,True,True,True,False,False,False,True,False,False,False,False,False,False
535,Marres,,Maastricht,https://marres.org/program/performance-awa-gaye-kadia-doumbouya/,Marres Winterprogramma: gratis vrijdagavonden,False,,True,wheelchair access,,True,True,True,True,False,False,False,False,False,False,False,False,False,False
536,Marres,,Maastricht,https://marres.org/program/workshop-marres-x-ease-2/,Workshop Marres x @ease,False,,True,wheelchair access,,True,True,False,False,False,False,False,False,False,False,False,False,False,False
537,Marres,,Maastricht,https://marres.org/program/museumnacht-maastricht-2/,Museumnacht Maastricht 2026,False,,True,wheelchair access,,True,True,False,False,False,False,False,False,False,False,False,False,False,False
538,Marres,,Maastricht,https://marres.org/program/bezoek-social-hub/,Bezoek The Social Hub,False,,True,wheelchair access,,True,True,False,False,False,False,False,False,False,False,False,False,False,False
539,Marres,,Maastricht,https://marres.org/program/floriography/,Floriography,False,,True,wheelchair access,,True,True,False,False,False,False,False,False,False,False,False,False,False,False
540,Marres,,Maastricht,https://marres.org/program/training-the-senses-performing-work/,Training the Senses: Performing work,False,,True,wheelchair access,,True,True,False,False,False,False,False,False,False,False,False,False,False,False
541,Marres,,Maastricht,https://marres.org/program/rooms-performance-festival/,Rooms Performance festival,False,,True,wheelchair access,,True,True,False,False,False,False,False,False,False,False,False,False,False,False
542,Marres,,Maastricht,https://marres.org/program/extended-collectivity/,Extended: Collectivity,False,,True,wheelchair access,,True,True,False,False,False,False,False,False,False,False,False,False,False,False
543,Marres,,Maastricht,https://marres.org/program/workshop-voor-speciaal-onderwijs/,Workshop voor speciaal onderwijs,False,,True,wheelchair access,,True,True,False,False,False,False,False,False,False,False,False,False,False,False
544,Marres,,Maastricht,https://marres.org/program/friday-night-opening/,Friday Night Opening,False,,True,wheelchair access,,True,True,False,False,True,False,False,False,False,False,False,False,False,False
545,Marres,,Maastricht,https://marres.org/program/storytelling-night-marres-x-queer-art-club/,"Storytelling Night, Marres x Queer Art Club",False,,True,wheelchair access,,True,True,False,False,False,False,False,False,False,False,False,False,False,False
546,Marres,,Maastricht,https://marres.org/program/fasos-studenten/,FASOS studentenonderzoek,False,,True,wheelchair access,,True,True,False,False,False,False,False,False,False,False,False,False,False,False
547,Marres,,Maastricht,https://marres.org/program/opening-limburg-biennale-2024/,Opening Limburg Biënnale 2024,False,,True,wheelchair access,,True,True,False,False,False,False,False,False,False,False,False,False,False,False
548,Marres,,Maastricht,https://marres.org/program/rondje-cultuur/,Rondje Cultuur,False,,True,wheelchair access,,True,True,False,False,False,False,False,False,False,False,False,False,False,False
549,Marres,,Maastricht,https://marres.org/program/listening-sessionmaguette-dieng-lynnee-denisex-dar-cultural-agency/,Marres Winterprogramma: gratis vrijdagavonden,False,,True,wheelchair access,,True,True,True,True,False,False,False,False,False,False,False,False,False,False
550,Marres,,Maastricht,https://marres.org/program/feestelijke-opening-vultures-fireflies/,Alejandro Galván – Vultures & Fireflies,False,,True,wheelchair access,,True,True,False,False,True,False,False,False,False,False,False,False,False,False
551,Marres,,Maastricht,https://marres.org/program/werkbezoek-rotterdam/,Werkbezoek Rotterdam,False,,True,wheelchair access,,True,True,False,False,False,False,False,False,False,False,False,False,False,False
552,Marres,,Maastricht,https://marres.org/program/pinch-pot-workshop-door-farbod-ceramics/,Pinch Pot-workshop door Farbod Ceramics,False,,True,wheelchair access,,True,True,False,False,False,False,False,False,False,False,False,False,False,False
553,Marres,,Maastricht,https://marres.org/program/workshop-ebru/,Workshop Ebru,False,,True,wheelchair access,,True,True,False,False,False,False,False,False,False,False,False,False,False,False
554,Marres,,Maastricht,https://marres.org/program/workshops-ease-x-marres/,Workshops @ease x Marres,False,,True,wheelchair access,,True,True,False,False,False,False,False,False,False,False,False,False,False,False
555,Marres,,Maastricht,https://marres.org/program/museumnacht-maastricht/,Museumnacht Maastricht 2023,False,,True,wheelchair access,,True,True,False,False,False,False,False,False,False,False,False,False,False,False
556,Marres,,Maastricht,https://marres.org/program/sashiko-workshop-voor-beginners-door-textile-textiel/,Sashiko-workshop voor beginners door Textile Textiel,False,,True,wheelchair access,,True,True,False,False,False,False,False,False,False,False,False,False,False,False
557,Marres,,Maastricht,https://marres.org/program/de-ommuurde-tuin-workshop/,25 jaar Marres – Workshop De Ommuurde Tuin,False,,True,wheelchair access,,True,True,False,False,False,False,False,False,False,False,False,False,False,False
558,Marres,,Maastricht,https://marres.org/program/start-extended/,Start Extended,False,,True,wheelchair access,,True,True,False,False,False,False,False,False,False,False,False,False,False,False
559,Marres,,Maastricht,https://marres.org/program/training-the-senses-operation-mango/,Training the Senses: Operation Mango,False,,True,wheelchair access,,True,True,False,False,False,False,False,False,False,False,False,False,False,False
560,Marres,,Maastricht,https://marres.org/program/eindpresentatie-extended-2/,Eindpresentatie Extended,False,,True,wheelchair access,,True,True,False,False,False,False,False,False,False,False,False,False,False,False
561,Marres,,Maastricht,https://marres.org/program/marres-x-ease/,Workshop Marres X @ease,False,,True,wheelchair access,,True,True,False,False,False,False,False,False,False,False,False,False,False,False
562,Marres,,Maastricht,https://marres.org/program/extended_vmbo-op-broeklandcollege-4/,Bezoek Broeklandcollege,False,,True,wheelchair access,,True,True,False,False,False,False,False,False,False,False,False,False,False,False
563,Marres,,Maastricht,https://marres.org/program/zomer-bij-marres/,Zomer bij Marres,False,,True,wheelchair access,,True,True,False,False,False,False,False,False,False,False,False,False,False,False
564,Marres,,Maastricht,https://marres.org/program/marres-x-limestone-books-storytelling-night/,"Storytelling Night, Marres x Limestone",False,,True,wheelchair access,,True,True,False,False,False,False,False,False,False,False,False,False,False,False
565,Marres,,Maastricht,https://marres.org/program/de-onzichtbare-collectie-op-school-3/,De Onzichtbare Collectie op school,False,,True,wheelchair access,,True,True,False,False,False,False,False,False,False,False,False,False,False,False
566,Marres,,Maastricht,https://marres.org/program/fashionclash-festival-2023/,FASHIONCLASH @ Marres,False,,True,wheelchair access,,True,True,False,False,False,False,False,False,False,False,False,False,False,False
567,Marres,,Maastricht,https://marres.org/program/an-educations-for-the-future-manifesto/,SenseSquared: An Education for the Future MANIFESTO,False,,True,wheelchair access,,True,True,False,False,False,False,False,False,False,False,False,False,False,False
568,Marres,,Maastricht,https://marres.org/program/creatieve-vliegerworkshop-drifting-with-the-wind-by-rossy-liu/,Marres Spring programma: gratis vrijdagavonden,False,,True,wheelchair access,,True,True,True,True,False,False,False,True,False,False,False,False,False,False
569,Marres,,Maastricht,https://marres.org/program/bewegingsworkshop-amparo-gonzalez-sola/,Bewegingsworkshop Amparo González Sola,False,,True,wheelchair access,,True,True,False,False,False,False,False,False,False,False,False,False,False,False
570,Marres,,Maastricht,https://marres.org/program/training-the-senses-event/,Training the Senses Symposium,False,,True,wheelchair access,,True,True,False,False,False,False,False,False,False,False,False,False,False,False
571,Marres,,Maastricht,https://marres.org/program/training-the-senses-modes-of-imagination/,Training the Senses: Modes of Imagination,False,,True,wheelchair access,,True,True,False,False,False,False,False,False,False,False,False,False,False,False
572,Marres,,Maastricht,https://marres.org/program/marres-25-jaar-vrijwilligersborrel/,25 jaar Marres – Vrijwilligersborrel,False,,True,wheelchair access,,True,True,False,False,False,False,False,False,False,False,False,False,False,False
573,Marres,,Maastricht,https://marres.org/program/bezoek-onderzoek-ateliers/,Bezoek onderzoek-ateliers,False,,True,wheelchair access,,True,True,False,False,False,False,False,False,False,False,False,False,False,False
574,Marres,,Maastricht,https://marres.org/program/museumweek/,Museumweek,False,,True,wheelchair access,,True,True,False,False,False,False,False,False,False,False,False,False,False,False
575,Marres,,Maastricht,https://marres.org/program/artistieke-uitwisseling-mondriaan-fonds/,Artistieke uitwisseling Mondriaan Fonds,False,,True,wheelchair access,,True,True,False,False,False,False,False,False,False,False,False,False,False,False
576,Marres,,Maastricht,https://marres.org/program/matteo-marangoni-chorusing-symbionts/,Matteo Marangoni – Chorusing Symbionts,False,,True,wheelchair access,,True,True,False,False,False,False,False,False,False,False,False,False,False,False
577,Marres,,Maastricht,https://marres.org/program/wandelen-met-marres/,Wandelen met Marres,True,audio guide,True,wheelchair access,,True,True,False,False,False,False,False,False,False,False,False,False,False,False
578,Marres,,Maastricht,https://marres.org/program/buurtborrel/,25 jaar Marres – Buurtborrel,False,,True,wheelchair access,,True,True,False,False,True,False,False,False,False,False,False,False,False,False
579,Marres,,Maastricht,https://marres.org/program/extended_vmbo-op-broeklandcollege/,Extended_VMBO op Broeklandcollege,False,,True,wheelchair access,,True,True,False,False,False,False,False,False,False,False,False,False,False,False
580,Marres,,Maastricht,https://marres.org/program/ingrid-berger-myhre-terms-conditions/,Performance: Ingrid Berger Myhre – Terms & Conditions,False,,True,wheelchair access,,True,True,False,False,False,False,False,False,False,False,False,False,False,False
581,Marres,,Maastricht,https://marres.org/program/currents-11-trainingsdagen/,Currents 11 – Trainingsdagen,False,,True,wheelchair access,,True,True,False,False,False,False,False,False,False,False,False,False,False,False
582,Marres,,Maastricht,https://marres.org/program/care-day-an-evening-for-people-with-dementia-and-their-caregivers/,Marres Winterprogramma: gratis vrijdagavonden,False,,True,wheelchair access,,True,True,True,True,False,False,False,False,False,False,False,False,False,False
583,Marres,,Maastricht,https://marres.org/program/open-op-2e-kerstdag/,Open op 2e kerstdag,False,,True,wheelchair access,,True,True,False,False,False,False,False,False,False,False,False,False,False,False
584,Marres,,Maastricht,https://marres.org/program/saturday-sneak-peeks/,Alejandro Galván – Vultures & Fireflies,False,,True,wheelchair access,,True,True,False,False,True,False,False,False,False,False,False,False,False,False
585,Marres,,Maastricht,https://marres.org/program/step-into-the-past/,25 jaar Marres – Boekpresentatie & stadswandeling,False,,True,wheelchair access,,True,True,False,False,False,False,False,False,False,False,False,False,False,False
586,Marres,,Maastricht,https://marres.org/program/boekpresentatie-van-floor-martens/,Boekpresentatie van Floor Martens,False,,True,wheelchair access,,True,True,False,False,False,False,False,False,False,False,False,False,False,False
587,Marres,,Maastricht,https://marres.org/program/finissage-limburg-biennale-kick-off-25-jarig-bestaan-van-marres/,25 jaar Marres – Finissage Limburg Biënnale & kick-off 25-jarig bestaan Marres,False,,True,wheelchair access,,True,True,False,False,False,False,False,False,False,False,False,False,False,False
588,Marres,,Maastricht,https://marres.org/program/marres-voorjaarsprogramma-gratis-vrijdagavonden/,Marres Spring programma: gratis vrijdagavonden,False,,True,wheelchair access,,True,True,True,True,False,False,False,True,False,False,False,False,False,False
589,Marres,,Maastricht,https://marres.org/program/opening-currents-11/,Currents 11 – Opening,False,,True,wheelchair access,,True,True,False,False,False,False,False,False,False,False,False,False,False,False
590,Marres,,Maastricht,https://marres.org/program/artist-talk-alejandro-galvan/,Artist Talk Alejandro Galván,False,,True,wheelchair access,,True,True,False,False,True,False,False,False,False,False,False,False,False,False
591,Marres,,Maastricht,https://marres.org/program/bezoek-broeklandcollege/,Bezoek Broeklandcollege,False,,True,wheelchair access,,True,True,False,False,False,False,False,False,False,False,False,False,False,False
592,Marres,,Maastricht,https://marres.org/program/elements-2024/,Elements 2024,False,,True,wheelchair access,,True,True,False,False,True,False,False,False,False,False,False,False,False,False
593,Marres,,Maastricht,https://marres.org/program/senses-based-learning-symposium-2/,Senses-Based Learning Symposium,False,,True,wheelchair access,,True,True,False,False,False,False,False,False,False,False,False,False,False,False
594,Marres,,Maastricht,https://marres.org/program/workshop-codes-of-connection-door-pascale-adekpui/,Marres Winterprogramma: gratis vrijdagavonden,False,,True,wheelchair access,,True,True,True,True,False,False,False,False,False,False,False,False,False,False
595,Marres,,Maastricht,https://marres.org/program/alejandro-galvan/,Alejandro Galván – Vultures & Fireflies,False,,True,wheelchair access,,True,True,False,False,True,False,False,False,False,False,False,False,False,False
596,Marres,,Maastricht,https://marres.org/program/open-call-limburg-biennale-2024/,Open Call Limburg Biënnale 2024,False,,True,wheelchair access,,True,True,False,False,False,False,False,False,False,False,False,False,False,False
597,Marres,,Maastricht,https://marres.org/program/training-the-senses-echo-location-and-multi-sensory-interactions/,Training the Senses: Echo location and multi-sensory interactions,False,,True,wheelchair access,,True,True,False,False,False,False,False,False,False,False,False,False,False,False
598,Marres,,Maastricht,https://marres.org/program/extended_vmbo-bij-broeklandcollege/,Extended_VMBO bij Broeklandcollege,False,,True,wheelchair access,,True,True,False,False,False,False,False,False,False,False,False,False,False,False
599,Marres,,Maastricht,https://marres.org/program/start-nieuwe-groep-extended/,Start nieuwe groep Extended,False,,True,wheelchair access,,True,True,False,False,False,False,False,False,False,False,False,False,False,False
600,Marres,,Maastricht,https://marres.org/program/vultures-fireflies-verhalenavond/,25 jaar Marres – Verhalenavond,False,,True,wheelchair access,,True,True,False,False,False,False,False,False,False,False,False,False,False,False
601,Marres,,Maastricht,https://marres.org/program/extended-eindpresentatie-mind-and-matter/,Extended tentoonstelling ‘mind and matter’,False,,True,wheelchair access,,True,True,False,False,False,False,False,False,False,False,False,False,False,False
602,Marres,,Maastricht,https://marres.org/program/workshops-marres-x-ease/,Workshop Marres X @ease,False,,True,wheelchair access,,True,True,False,False,False,False,False,False,False,False,False,False,False,False
603,Marres,,Maastricht,https://marres.org/program/25-jr-marres-lancering-marres-bier/,25 jaar Marres,False,,True,wheelchair access,,True,True,False,False,True,False,False,False,False,False,False,False,False,False
604,Marres,,Maastricht,https://marres.org/program/kinderdag-festival-celebrate-you/,Kinderdag Festival Celebrate YOU!,False,,True,wheelchair access,,True,True,False,False,False,False,False,False,False,False,False,False,False,False
605,Marres,,Maastricht,https://marres.org/program/currents-11-artist-talks/,Currents 11 – Artist Presentations,False,,True,wheelchair access,,True,True,False,False,False,False,False,False,False,False,False,False,False,False
606,Marres,,Maastricht,https://marres.org/program/friday-night-openings/,Friday Night Openings,False,,True,wheelchair access,,True,True,False,False,False,False,False,False,False,False,False,False,False,False
607,Marres,,Maastricht,https://marres.org/program/start-nieuwe-groep-extended-2/,Extended: Adventures in Slumberland,True,game,True,wheelchair access,,True,True,False,False,False,False,False,False,False,False,False,False,False,False
608,Marres,,Maastricht,https://marres.org/program/gluren-bij-de-buren/,Gluren bij de Buren,False,,True,wheelchair access,,True,True,False,False,False,False,False,False,False,False,False,False,False,False
609,Marres,,Maastricht,https://marres.org/program/speciale-plantiarchy-rondleiding-workshop/,Speciale Plantiarchy rondleiding & workshop,False,,True,wheelchair access,,True,True,False,False,False,False,False,False,False,False,False,False,False,False
610,Marres,,Maastricht,https://marres.org/program/rooms-02/,Rooms 02 Performance Festival,False,,True,wheelchair access,,True,True,False,False,False,False,False,False,False,False,False,False,False,False
611,Marres,,Maastricht,https://marres.org/program/training-the-senses-catching-your-eye/,Training the Senses: Catching Your Eye,False,,True,wheelchair access,,True,True,False,False,False,False,False,False,False,False,False,False,False,False
612,Marres,,Maastricht,https://marres.org/program/bezoek-fade-studenten/,Bezoek FADE studenten,False,,True,wheelchair access,,True,True,False,False,False,False,False,False,False,False,False,False,False,False
613,Marres,,Maastricht,https://marres.org/program/plantiarchy-finissage/,Plantiarchy Finissage/ophaaldag,False,,True,wheelchair access,,True,True,False,False,False,False,False,False,False,False,False,False,False,False
614,Marres,,Maastricht,https://marres.org/program/preview-friends-of-marres-opaque-spirits/,Exclusive preview ‘Opaque Spirits’ voor Vrienden van Marres,False,,True,wheelchair access,,True,True,False,False,False,False,False,False,False,False,False,False,False,False
615,Marres,,Maastricht,https://marres.org/program/marres-tuinprogramma/,Marres Tuinprogramma 2025,False,,True,wheelchair access,,True,True,False,False,False,False,False,False,False,False,False,False,False,False
616,Marres,,Maastricht,https://marres.org/program/bewegingsworkshop-amparo-gonzalez-sola-2/,Bewegingsworkshop Amparo González Sola,False,,True,wheelchair access,,True,True,False,False,False,False,False,False,False,False,False,False,False,False
617,Marres,,Maastricht,https://marres.org/program/museumnacht-2025/,Museumnacht 2025,False,,True,wheelchair access,,True,True,False,False,False,False,False,False,False,False,False,False,False,False
618,Marres,,Maastricht,https://marres.org/program/finissage-event-live-performance-sonic-world-building-door-ibaaku/,Marres Spring programma: gratis vrijdagavonden,False,,True,wheelchair access,,True,True,True,True,False,False,False,True,False,False,False,False,False,False
619,Marres,,Maastricht,https://marres.org/program/vultures-fireflies-booklaunch-met-qa/,Vultures & Fireflies: Booklaunch met Q&A,False,,True,wheelchair access,,True,True,False,False,False,False,False,False,False,False,False,False,False,False
620,Marres,,Maastricht,https://marres.org/program/bezoek-hogeschool-uccl/,Bezoek Hogeschool UCCL,False,,True,wheelchair access,,True,True,False,False,False,False,False,False,False,False,False,False,False,False
621,Marres,,Maastricht,https://marres.org/program/friday-night-opening-oktoberfest/,25 jaar Marres – Friday Night Opening & Oktoberfest,False,,True,wheelchair access,,True,True,False,False,False,False,False,False,False,False,False,False,False,False
622,Marres,,Maastricht,https://marres.org/program/festival-maas-feel-the-love/,Festival Maas! – Feel the love!,False,,True,wheelchair access,,True,True,False,False,False,False,False,False,False,False,False,False,False,False
623,Marres,,Maastricht,https://marres.org/program/toon-je-talent/,Toon je Talent,False,,True,wheelchair access,,True,True,False,False,False,False,False,False,False,False,False,False,False,False
624,Marres,,Maastricht,https://marres.org/program/museumnacht-maastricht-2024/,Museumnacht Maastricht 2024,False,,True,wheelchair access,,True,True,False,False,False,False,False,False,False,False,False,False,False,False
625,Marres,,Maastricht,https://marres.org/program/open-call-currents/,Open Call Curatorenteam Currents 11,False,,True,wheelchair access,,True,True,False,False,False,False,False,False,False,False,False,False,False,False
626,Marres,,Maastricht,https://marres.org/program/handwerkworkshop-chiron-floris/,Marres Winterprogramma: gratis vrijdagavonden,False,,True,wheelchair access,,True,True,True,True,False,False,False,False,False,False,False,False,False,False
627,Marres,,Maastricht,https://marres.org/program/bezoek-studenten-visuele-communicatie/,Presentatie studenten Visuele Communicatie,False,,True,wheelchair access,,True,True,False,False,False,False,False,False,False,False,False,False,False,False
628,Marres,,Maastricht,https://marres.org/program/vrijwilligersrondleiding-opaque-spirits/,Vrijwilligersrondleiding ‘Opaque Spirits’,False,,True,wheelchair access,,True,True,False,False,False,False,False,False,False,False,False,False,False,False
629,Marres,,Maastricht,https://marres.org/program/tuin-der-lusten/,Tuin der Lusten workshops,False,,True,wheelchair access,,True,True,False,False,False,False,False,False,False,False,False,False,False,False
630,Marres,,Maastricht,https://marres.org/program/haakworkshop-voor-beginners-door-maasstitch/,Haakworkshop voor beginners door Maasstitch,False,,True,wheelchair access,,True,True,False,False,False,False,False,False,False,False,False,False,False,False
631,Marres,,Maastricht,https://marres.org/program/workshop-studio-sufi/,Workshop Studio SUFI,False,,True,wheelchair access,,True,True,False,False,False,False,False,False,False,False,False,False,False,False
632,Marres,,Maastricht,https://marres.org/program/training-the-senses-the-body-as-a-score/,Training the Senses: The Body as a Score,False,,True,wheelchair access,,True,True,False,False,False,False,False,False,False,False,False,False,False,False
633,Marres,,Maastricht,https://marres.org/program/buurtborrel-plukmiddag/,Buurtborrel & plukmiddag,False,,True,wheelchair access,,True,True,False,False,False,False,False,False,False,False,False,False,False,False
634,Marres,,Maastricht,https://marres.org/program/training-the-senses-workshop/,Workshop Training the Senses – Alter Ego: De zintuigen van je andere zelf trainen,False,,True,wheelchair access,,True,True,False,False,False,False,False,False,False,False,False,False,False,False
635,Marres,,Maastricht,https://marres.org/program/david-maroto/,Open Call performance David Maroto: ‘Not All of Me Will Die’,False,,True,wheelchair access,,True,True,False,False,False,False,False,False,False,False,False,False,False,False
636,Marres,,Maastricht,https://marres.org/program/open-call-marres-friday-evening-program/,Open Call: Marres Vrijdagavondprogramma,False,,True,wheelchair access,,True,True,False,False,False,False,False,False,False,False,False,False,False,False
637,Marres,,Maastricht,https://marres.org/programma/workshops-en-activiteiten-2013-2020/,Workshops en activiteiten 2013 – 2020,False,,True,wheelchair access,,True,True,False,False,False,False,False,False,False,False,False,False,False,False
638,Marres,,Maastricht,https://marres.org/program/spring-utrecht-professionals-programma/,SPRING Professionals Programma,False,,True,wheelchair access,,True,True,False,False,False,False,False,False,False,False,False,False,False,False
639,Marres,,Maastricht,https://marres.org/program/rooms-performance-festival-2026/,Rooms Performance Festival 2026,True,game,True,wheelchair access,,True,True,False,False,False,False,False,False,False,False,False,False,False,False
640,Marres,,Maastricht,https://marres.org/program/friday-night-opening-valentines-day-special/,Gratis hartmeting tijdens Date Night ❤️,False,,True,wheelchair access,,True,True,False,False,False,False,False,False,False,False,False,False,False,False
641,Marres,,Maastricht,https://marres.org/program/eindpresentatie-extended/,Presentatie Extended,False,,True,wheelchair access,14-21 jaar,True,True,False,False,False,False,False,False,False,False,False,False,False,False
642,Marres,,Maastricht,https://marres.org/program/workshop-fairytale-visitors-door-kira/,Marres Winterprogramma: gratis vrijdagavonden,False,,True,wheelchair access,,True,True,True,True,False,False,False,False,False,False,False,False,False,False
643,Marres,,Maastricht,https://marres.org/program/mini-expo-the-invisible-collection-by-primary-school-sint-aloysius/,Mini expo basisschool Sint Aloysius,False,,True,wheelchair access,,True,True,False,False,False,False,False,False,False,False,False,False,False,False
644,Marres,,Maastricht,https://marres.org/program/training-the-senses-luisteren-als-interventie/,Training the Senses: Luisteren als interventie,False,,True,wheelchair access,,True,True,False,False,False,False,False,False,False,False,False,False,False,False
645,Marres,,Maastricht,https://marres.org/program/jongerenprogramma-extended/,Jongerenprogramma Extended,False,,True,wheelchair access,,True,True,False,False,False,False,False,False,False,False,False,False,False,False
646,Marres,,Maastricht,https://marres.org/program/marres-oscam-zoeken-kindermuseumdirecteuren/,Marres & OSCAM zoeken Kindermuseum-directeuren!,False,,True,wheelchair access,,True,True,False,False,False,False,False,False,False,False,False,False,False,False
647,Marres,,Maastricht,https://marres.org/en/program/nationale-buitenspeeldag-2/,National Outdoor Play Day,False,,True,wheelchair access,,True,True,False,False,False,False,False,False,False,False,False,False,False,False
648,Marres,,Maastricht,https://marres.org/en/program/marres-tuinprogramma-2026/,Marres Garden Festival 2026,True,interactive,True,wheelchair access,,True,True,False,False,False,False,False,False,False,False,False,False,False,False
649,Marres,,Maastricht,https://marres.org/program/limburg-biennale-ophaaldagen/,Limburg Biënnale 2026 / Marres Maastricht & Odapark Venray,True,"app, tablet",True,wheelchair access,,True,True,False,False,False,False,False,False,False,False,False,False,False,False
650,Marres,,Maastricht,https://marres.org/en/marres-program/now-upcoming/,Calendar,False,,True,wheelchair access,,True,True,False,False,False,False,False,False,False,False,False,False,False,False
651,Marres,,Maastricht,https://marres.org/program/opening-limburg-biennale-2026/,Opening Limburg Biënnale 2026,False,,True,wheelchair access,,True,True,False,False,False,False,False,False,False,False,False,False,False,False
652,Marres,,Maastricht,https://marres.org/program/storytelling-night-marres-x-premium-maastricht-university/,Storytelling Night: Marres x PREMIUM Maastricht University,False,,True,wheelchair access,,True,True,False,False,False,False,False,False,False,False,False,False,False,False
653,Marres,,Maastricht,https://marres.org/program/limburg-biennale-inleverdagen-2/,Limburg Biënnale 2026 / Marres Maastricht & Odapark Venray,True,"app, tablet",True,wheelchair access,,True,True,False,False,False,False,False,False,False,False,False,False,False,False
654,Marres,,Maastricht,https://marres.org/program/limburg-biennale-2026/,Limburg Biënnale 2026 / Marres Maastricht & Odapark Venray,True,"app, tablet",True,wheelchair access,,True,True,False,False,False,False,False,False,False,False,False,False,False,False
655,Marres,,Maastricht,https://marres.org/program/porous-grounds-sacred-codes-gratis-toegang/,Marres Spring programma: gratis vrijdagavonden,False,,True,wheelchair access,,True,True,True,True,False,False,False,True,False,False,False,False,False,False
656,Marres,,Maastricht,https://marres.org/program/currents-11/,Currents 11: The Turn of Many Suns,False,,True,wheelchair access,,True,True,False,False,False,False,False,False,False,False,False,False,False,False
657,Marres,,Maastricht,https://marres.org/programma/tentoonstellingen-2013-2020/,Tentoonstellingen,False,,True,wheelchair access,,True,True,False,False,False,False,False,False,False,False,False,False,False,False
658,Marres,,Maastricht,https://marres.org/program/currents-9-motherland/,Currents #9: Mother(Land),False,,True,wheelchair access,,True,True,False,False,False,False,False,False,False,False,False,False,False,False
659,Marres,,Maastricht,https://marres.org/program/i-stok-sculpturen-van-martin-brandsma/,‘I’ Stok-sculpturen van Martin Brandsma,False,,True,wheelchair access,,True,True,False,False,False,False,False,False,False,False,False,False,False,False
660,Marres,,Maastricht,https://marres.org/program/currents-10-choose-your-own-story/,Currents #10: Choose Your Own Story,False,,True,wheelchair access,,True,True,False,False,False,False,False,False,False,False,False,False,False,False
661,Marres,,Maastricht,https://marres.org/program/porous-grounds-sacred-codes/,"Porous Grounds, Sacred Codes",True,"VR, app, virtual reality",True,wheelchair access,,True,True,True,True,True,True,False,True,True,True,True,True,True,True
662,Marres,,Maastricht,https://marres.org/en/marres-program/exhibitions/,Exhibitions,False,,True,wheelchair access,,True,True,False,False,False,False,False,False,False,False,False,False,False,False
663,Marres,,Maastricht,https://marres.org/program/kom-kamperen-bij-jester/,Currents 12: Camping Out,False,,True,wheelchair access,,True,True,False,False,False,False,False,False,False,False,False,False,False,False
664,Marres,,Maastricht,https://marres.org/program/goodbye-to-love/,Goodbye to Love,False,,True,wheelchair access,,True,True,False,False,False,False,False,False,False,False,False,False,False,False
665,Marres,,Maastricht,https://marres.org/program/currents-12-camping-out/,Currents 12: Camping Out,False,,True,wheelchair access,,True,True,False,False,False,False,False,False,False,False,False,False,False,False
666,Marres,,Maastricht,https://marres.org/program/plantiarchy/,Plantiarchy,False,,True,wheelchair access,,True,True,False,False,False,False,False,False,False,False,False,False,False,False
667,Marres,,Maastricht,https://marres.org/program/images-from-the-unconscious/,Images from the Unconscious,False,,True,wheelchair access,,True,True,False,False,False,False,False,False,False,False,False,False,False,False
668,Marres,,Maastricht,https://marres.org/program/intimate-geographies/,Intimate Geographies,False,,True,wheelchair access,,True,True,False,False,False,False,False,False,False,False,False,False,False,False
669,Marres,,Maastricht,https://marres.org/program/arturo-kameya/,Arturo Kameya ‘Opaque Spirits’,False,,True,wheelchair access,,True,True,False,False,False,False,False,False,False,False,False,False,False,False
670,Marres,,Maastricht,https://marres.org/program/codex-subpartum/,Codex Subpartum,False,,True,wheelchair access,,True,True,False,False,False,False,False,False,False,False,False,False,False,False
671,Marres,,Maastricht,https://marres.org/program/limburg-biennale-2024/,Limburg Biënnale 2024,False,,True,wheelchair access,,True,True,False,True,True,False,False,False,False,False,False,False,False,False
672,Marres,,Maastricht,https://marres.org/program/kolkata-run-in-the-alley/,Kolkata: Run in the Alley,False,,True,wheelchair access,,True,True,False,False,False,False,False,False,False,False,False,False,False,False
673,Marres,,Maastricht,https://marres.org/program/tactica-sintactica/,Táctica Sintáctica,False,,True,wheelchair access,,True,True,False,False,False,False,False,False,False,False,False,False,False,False
674,Marres,,Maastricht,https://marres.org/program/limburg-biennale-2/,Limburg Biënnale 2022 #2,False,,True,wheelchair access,,True,True,False,True,False,False,False,False,False,False,False,False,False,False
675,Marres,,Maastricht,https://marres.org/program/historys-footnote/,History’s Footnote,False,,True,wheelchair access,,True,True,False,True,False,False,False,False,False,False,False,False,False,False
676,Marres,,Maastricht,https://marres.org/educatie/sensesquared,SenseSquared,False,,True,wheelchair access,,True,True,False,False,False,False,False,False,False,False,False,False,False,False
677,Marres,,Maastricht,https://marres.org/en/education/,Art education at Marres,True,interactive,True,wheelchair access,,True,True,False,False,False,False,False,False,False,False,False,False,False,False
678,Marres,,Maastricht,https://marres.org/#voortgezet,Homepage,False,,True,wheelchair access,,True,True,False,False,False,False,False,False,False,False,False,False,False,False
679,Vechtstreekmuseum,,Maarssen,https://www.vechtstreekmuseum.nl/over-het-museum/educatie/,Educatie,False,,True,wheelchair access,,True,False,False,False,False,False,False,False,False,False,False,False,False,False
680,Design Museum Den Bosch,,'s-Hertogenbosch,http://www.designmuseum.nl/zien-doen/?activity_type%5B%5D=tentoonstelling&activity_status=deze-week,Zien & doen,True,app,False,,,True,True,False,False,False,False,False,False,False,False,False,False,False,False
681,Design Museum Den Bosch,,'s-Hertogenbosch,http://www.designmuseum.nl#,Welkom in de wereld van design - Design Museum Den Bosch,True,"app, game",False,,,True,True,False,False,False,False,False,False,False,False,False,False,False,False
682,Arboretum Poort-Bulten,arboretum,Losser,https://www.natuurmonumenten.nl/kinderen,Ontdek de natuur met OERRR,True,app,True,"general accessibility, people with disabilities, wheelchair access",,True,False,False,False,False,False,False,False,False,False,False,False,False,False
683,Arboretum Poort-Bulten,arboretum,Losser,https://www.natuurmonumenten.nl/kinderen/speeltips,Speel- en knutseltips van OERRR,True,app,True,"general accessibility, people with disabilities, wheelchair access",,True,False,False,False,False,False,False,False,False,False,False,False,False,False
684,Arboretum Poort-Bulten,arboretum,Losser,https://www.natuurmonumenten.nl/kinderen/kinderactiviteiten,Kinderactiviteiten in de natuur,True,app,True,"general accessibility, people with disabilities, wheelchair access",,True,False,False,False,False,False,False,False,False,False,False,False,False,False
685,Arboretum Poort-Bulten,arboretum,Losser,https://www.natuurmonumenten.nl/kinderen/speelnatuur,Speelnatuur van OERRR,True,app,True,"general accessibility, people with disabilities, wheelchair access",2-12 jaar,True,False,False,False,False,False,False,False,False,False,False,False,False,False
686,Arboretum Poort-Bulten,arboretum,Losser,https://www.natuurmonumenten.nl/kinderen/lidmaatschap,Wat is OERRR?,True,app,True,"general accessibility, people with disabilities, wheelchair access",0-3 jaar; 4+ jaar; 4-8 jaar; 9-12 jaar,True,False,False,False,False,False,False,False,False,False,False,False,False,False
687,Arboretum Poort-Bulten,arboretum,Losser,https://www.natuurmonumenten.nl/routes?locatie=N_965&wat=op+pad+met+kinderen,Routes in de natuur,True,app,True,"general accessibility, people with disabilities, wheelchair access",,True,False,False,False,False,False,False,False,False,False,False,False,False,False
688,Arboretum Poort-Bulten,arboretum,Losser,https://www.natuurmonumenten.nl/kinderen/verjaardag,De kinderfeestjes van OERRR,True,app,True,"general accessibility, people with disabilities, wheelchair access",,True,False,False,False,False,False,False,False,False,False,False,False,False,False
689,Arboretum Poort-Bulten,arboretum,Losser,https://www.natuurmonumenten.nl/natuurgebieden/arboretum-poort-bulten/projecten/bomenpartner,Bomenpartner,True,app,True,"general accessibility, people with disabilities, wheelchair access",,True,False,False,False,False,False,False,False,False,False,False,False,False,False
690,Arboretum Poort-Bulten,arboretum,Losser,https://www.natuurmonumenten.nl/kinderen/nieuwsbrief,Meld je aan voor de nieuwsbrief van OERRR,True,app,True,"general accessibility, people with disabilities, wheelchair access",16+ jaar,True,False,False,False,False,False,False,False,False,False,False,False,False,False
691,Arboretum Poort-Bulten,arboretum,Losser,https://www.natuurmonumenten.nl/kinderen/voorjaarswandelingen-met-kinderen,Voorjaarswandelingen met kinderen,True,app,True,"general accessibility, people with disabilities, wheelchair access",,True,False,False,False,False,False,False,False,False,False,False,False,False,False
692,Arboretum Poort-Bulten,arboretum,Losser,https://www.natuurmonumenten.nl/kinderen/speurtochten,Speurtocht voor kinderen,True,app,True,"general accessibility, people with disabilities, wheelchair access",,True,False,False,False,False,False,False,False,False,False,False,False,False,False
693,Arboretum Poort-Bulten,arboretum,Losser,https://www.natuurmonumenten.nl/kinderen/spreekbeurten,Spreekbeurten van OERRR,True,app,True,"general accessibility, people with disabilities, wheelchair access",,True,False,False,False,False,False,False,False,False,False,False,False,False,False
694,Arboretum Poort-Bulten,arboretum,Losser,https://www.natuurmonumenten.nl/kinderen/op-school,OERRR op school,True,app,True,"general accessibility, people with disabilities, wheelchair access",,True,False,False,False,False,False,False,False,False,False,False,False,False,False
695,Arboretum Poort-Bulten,arboretum,Losser,https://www.natuurmonumenten.nl/agenda?page=1&wat=op%20pad%20met%20kinderen,Agenda,True,app,True,"general accessibility, people with disabilities, wheelchair access",,True,False,False,False,False,False,False,False,False,False,False,False,False,False
696,Arboretum Poort-Bulten,arboretum,Losser,https://www.natuurmonumenten.nl/kinderen/buitenspeeltips,Buitenspeeltips  van OERRR,True,app,True,"general accessibility, people with disabilities, wheelchair access",,True,False,False,False,False,False,False,False,False,False,False,False,False,False
697,Arboretum Poort-Bulten,arboretum,Losser,https://www.natuurmonumenten.nl/kinderen/spelletjes,De leukste spelletjes voor kinderen,True,app,True,"general accessibility, people with disabilities, wheelchair access",,True,False,False,False,False,False,False,False,False,False,False,False,False,False
698,Arboretum Poort-Bulten,arboretum,Losser,https://www.natuurmonumenten.nl/kinderen/de-natuur-ontdekken-helpen,De natuur ontdekken & helpen,True,app,True,"general accessibility, people with disabilities, wheelchair access",,True,False,False,False,False,False,False,False,False,False,False,False,False,False
699,Arboretum Poort-Bulten,arboretum,Losser,https://www.natuurmonumenten.nl/kinderen/speelplekken/samen-spelen-speelnatuur-van-oerrr,Samen spelen in Speelnatuur van OERRR,True,app,True,"general accessibility, people with disabilities, wheelchair access",,True,False,False,False,False,False,False,False,False,False,False,False,False,False
700,Arboretum Poort-Bulten,arboretum,Losser,https://www.natuurmonumenten.nl/kinderen/speelplekken/allerkleinsten,Speelplekken voor peuters,True,app,True,"general accessibility, people with disabilities, wheelchair access",,True,False,False,False,False,False,False,False,False,False,False,False,False,False
701,Arboretum Poort-Bulten,arboretum,Losser,https://www.natuurmonumenten.nl/kinderen/lid-worden,Wat is OERRR?,True,app,True,"general accessibility, people with disabilities, wheelchair access",0-3 jaar; 4+ jaar; 4-8 jaar; 9-12 jaar,True,False,False,False,False,False,False,False,False,False,False,False,False,False
702,Arboretum Poort-Bulten,arboretum,Losser,https://www.natuurmonumenten.nl/kinderen/dit-is-oerrr,Dit is OERRR,True,app,True,"general accessibility, people with disabilities, wheelchair access",,True,False,False,False,False,False,False,False,False,False,False,False,False,False
703,Arboretum Poort-Bulten,arboretum,Losser,https://www.natuurmonumenten.nl/kinderen/buitenspelen-is-gezond,Ontdek de natuur met OERRR,True,app,True,"general accessibility, people with disabilities, wheelchair access",,True,False,False,False,False,False,False,False,False,False,False,False,False,False
704,Arboretum Poort-Bulten,arboretum,Losser,https://www.natuurmonumenten.nl/kinderen/partners/landal,Partnerpagina Landal OERRR,True,app,True,"general accessibility, people with disabilities, wheelchair access",,True,False,False,False,False,False,False,False,False,False,False,False,False,False
705,Arboretum Poort-Bulten,arboretum,Losser,https://www.natuurmonumenten.nl/kinderen/boswachter-bootcamp,Ontdek de natuur met OERRR,True,app,True,"general accessibility, people with disabilities, wheelchair access",,True,False,False,False,False,False,False,False,False,False,False,False,False,False
706,Arboretum Poort-Bulten,arboretum,Losser,https://www.natuurmonumenten.nl/kinderen/kinderfeestje-belevenisboerderij-schieveen,Kinderfeestje op de Belevenisboerderij Schieveen,True,app,True,"general accessibility, people with disabilities, wheelchair access",4-8 jaar; 7-10 jaar,True,False,False,False,False,False,False,False,False,False,False,False,False,False
707,Arboretum Poort-Bulten,arboretum,Losser,https://www.natuurmonumenten.nl/kinderen/kinderfeestje-tiengemeten,Ontdek de natuur met OERRR,True,app,True,"general accessibility, people with disabilities, wheelchair access",,True,False,False,False,False,False,False,False,False,False,False,False,False,False
708,Grote of Sint-Laurenskerk,church building,Alkmaar,http://www.grotekerk-alkmaar.nl/historie/tour-fossiele-resten/,Tour - Fossiele resten,False,,True,"people with disabilities, sensory-friendly, visual impairment support, wheelchair access",,True,False,False,True,False,False,False,False,False,False,False,False,False,False
709,Grote of Sint-Laurenskerk,church building,Alkmaar,http://www.grotekerk-alkmaar.nl/tour/,Laurentiuskapel,False,,True,"people with disabilities, sensory-friendly, visual impairment support, wheelchair access",,True,False,False,True,False,False,False,False,False,False,False,False,False,False
710,Grote of Sint-Laurenskerk,church building,Alkmaar,http://www.grotekerk-alkmaar.nl/je-bezoek/tourist-information/,Tourist information,True,online/virtual tour,True,"people with disabilities, sensory-friendly, visual impairment support, wheelchair access",,True,True,True,False,False,False,False,False,False,False,False,False,False,False
711,Grote of Sint-Laurenskerk,church building,Alkmaar,http://www.grotekerk-alkmaar.nl/historie/tour-fossiele-resten/punt-20/,20  Siphonophyllia,False,,True,"people with disabilities, sensory-friendly, visual impairment support, wheelchair access",,True,False,False,False,False,False,False,False,False,False,False,False,False,False
712,Grote of Sint-Laurenskerk,church building,Alkmaar,http://www.grotekerk-alkmaar.nl/historie/tour-fossiele-resten/punt-27/,27  Michelinia,False,,True,"people with disabilities, sensory-friendly, visual impairment support, wheelchair access",,True,False,False,True,False,False,False,False,False,False,False,False,False,False
713,Grote of Sint-Laurenskerk,church building,Alkmaar,http://www.grotekerk-alkmaar.nl/historie/tour-fossiele-resten/punt-12/,"12  Zeelelie, Crinoïde",False,,True,"people with disabilities, sensory-friendly, visual impairment support, wheelchair access",,True,False,False,False,False,False,False,False,False,False,False,False,False,False
714,Grote of Sint-Laurenskerk,church building,Alkmaar,http://www.grotekerk-alkmaar.nl/historie/tour-fossiele-resten/punt-16/,16  Michelinia,False,,True,"people with disabilities, sensory-friendly, visual impairment support, wheelchair access",,True,False,False,False,False,False,False,False,False,False,False,False,False,False
715,Grote of Sint-Laurenskerk,church building,Alkmaar,http://www.grotekerk-alkmaar.nl/historie/tour-fossiele-resten/punt-15/,"15  Armpotige, Brachiopode",False,,True,"people with disabilities, sensory-friendly, visual impairment support, wheelchair access",,True,False,False,False,False,False,False,False,False,False,False,False,False,False
716,Grote of Sint-Laurenskerk,church building,Alkmaar,http://www.grotekerk-alkmaar.nl/historie/tour-fossiele-resten/punt-6/,06  Koraal,False,,True,"people with disabilities, sensory-friendly, visual impairment support, wheelchair access",,True,False,False,False,False,False,False,False,False,False,False,False,False,False
717,Grote of Sint-Laurenskerk,church building,Alkmaar,http://www.grotekerk-alkmaar.nl/historie/tour-fossiele-resten/punt-9/,09  Gruislaag,False,,True,"people with disabilities, sensory-friendly, visual impairment support, wheelchair access",,True,False,False,False,False,False,False,False,False,False,False,False,False,False
718,Grote of Sint-Laurenskerk,church building,Alkmaar,http://www.grotekerk-alkmaar.nl/historie/tour-fossiele-resten/punt-7/,07  Favosites,False,,True,"people with disabilities, sensory-friendly, visual impairment support, wheelchair access",,True,False,False,False,False,False,False,False,False,False,False,False,False,False
719,Grote of Sint-Laurenskerk,church building,Alkmaar,http://www.grotekerk-alkmaar.nl/historie/tour-fossiele-resten/punt-8/,08  Samenspoeling,False,,True,"people with disabilities, sensory-friendly, visual impairment support, wheelchair access",,True,False,False,False,False,False,False,False,False,False,False,False,False,False
720,Grote of Sint-Laurenskerk,church building,Alkmaar,http://www.grotekerk-alkmaar.nl/historie/tour-fossiele-resten/punt-25/,25  Slakkenhuis,False,,True,"people with disabilities, sensory-friendly, visual impairment support, wheelchair access",,True,False,False,False,False,False,False,False,False,False,False,False,False,False
721,Grote of Sint-Laurenskerk,church building,Alkmaar,http://www.grotekerk-alkmaar.nl/historie/tour-fossiele-resten/punt-11/,11 Slakkenhuis,False,,True,"people with disabilities, sensory-friendly, visual impairment support, wheelchair access",,True,False,False,False,False,False,False,False,False,False,False,False,False,False
722,Grote of Sint-Laurenskerk,church building,Alkmaar,http://www.grotekerk-alkmaar.nl/historie/tour-fossiele-resten/punt-18/,18  Koraal,False,,True,"people with disabilities, sensory-friendly, visual impairment support, wheelchair access",,True,False,False,False,False,False,False,False,False,False,False,False,False,False
723,Grote of Sint-Laurenskerk,church building,Alkmaar,http://www.grotekerk-alkmaar.nl/historie/tour-fossiele-resten/punt-17/,17  Siphonophyllia,False,,True,"people with disabilities, sensory-friendly, visual impairment support, wheelchair access",,True,False,False,False,False,False,False,False,False,False,False,False,False,False
724,Grote of Sint-Laurenskerk,church building,Alkmaar,http://www.grotekerk-alkmaar.nl/historie/tour-fossiele-resten/punt-13/,13  Gipskristallen,False,,True,"people with disabilities, sensory-friendly, visual impairment support, wheelchair access",,True,False,False,False,False,False,False,False,False,False,False,False,False,False
725,Grote of Sint-Laurenskerk,church building,Alkmaar,http://www.grotekerk-alkmaar.nl/historie/tour-fossiele-resten/punt-23/,23  Gipskristallen,False,,True,"people with disabilities, sensory-friendly, visual impairment support, wheelchair access",,True,False,False,False,False,False,False,False,False,False,False,False,False,False
726,Grote of Sint-Laurenskerk,church building,Alkmaar,http://www.grotekerk-alkmaar.nl/historie/tour-fossiele-resten/punt-1/,01 Brachiopode,False,,True,"people with disabilities, sensory-friendly, visual impairment support, wheelchair access",,True,False,False,False,False,False,False,False,False,False,False,False,False,False
727,Grote of Sint-Laurenskerk,church building,Alkmaar,http://www.grotekerk-alkmaar.nl/historie/tour-fossiele-resten/punt-3/,03  Golfribbels,False,,True,"people with disabilities, sensory-friendly, visual impairment support, wheelchair access",,True,False,False,False,False,False,False,False,False,False,False,False,False,False
728,Grote of Sint-Laurenskerk,church building,Alkmaar,http://www.grotekerk-alkmaar.nl/historie/tour-fossiele-resten/punt-2/,02  Slakkenhuis,False,,True,"people with disabilities, sensory-friendly, visual impairment support, wheelchair access",,True,False,False,False,False,False,False,False,False,False,False,False,False,False
729,Grote of Sint-Laurenskerk,church building,Alkmaar,http://www.grotekerk-alkmaar.nl/historie/tour-fossiele-resten/punt-22/,22  Koraal,False,,True,"people with disabilities, sensory-friendly, visual impairment support, wheelchair access",,True,False,False,False,False,False,False,False,False,False,False,False,False,False
730,Grote of Sint-Laurenskerk,church building,Alkmaar,http://www.grotekerk-alkmaar.nl/historie/tour-fossiele-resten/punt-19/,"19  Zeelelie, Crinoïde",False,,True,"people with disabilities, sensory-friendly, visual impairment support, wheelchair access",,True,False,False,False,False,False,False,False,False,False,False,False,False,False
731,Grote of Sint-Laurenskerk,church building,Alkmaar,http://www.grotekerk-alkmaar.nl/historie/tour-fossiele-resten/punt-26/,26  Favosites,False,,True,"people with disabilities, sensory-friendly, visual impairment support, wheelchair access",,True,False,False,False,False,False,False,False,False,False,False,False,False,False
732,Grote of Sint-Laurenskerk,church building,Alkmaar,http://www.grotekerk-alkmaar.nl/historie/tour-fossiele-resten/punt-21/,21  Zaphrentis,False,,True,"people with disabilities, sensory-friendly, visual impairment support, wheelchair access",,True,False,False,False,False,False,False,False,False,False,False,False,False,False
733,Grote of Sint-Laurenskerk,church building,Alkmaar,http://www.grotekerk-alkmaar.nl/historie/tour-fossiele-resten/punt-4/,04  Slakkenhuis,False,,True,"people with disabilities, sensory-friendly, visual impairment support, wheelchair access",,True,False,False,False,False,False,False,False,False,False,False,False,False,False
734,Grote of Sint-Laurenskerk,church building,Alkmaar,http://www.grotekerk-alkmaar.nl/historie/tour-fossiele-resten/punt-14/,14  Zaphrentis,False,,True,"people with disabilities, sensory-friendly, visual impairment support, wheelchair access",,True,False,False,False,False,False,False,False,False,False,False,False,False,False
735,Grote of Sint-Laurenskerk,church building,Alkmaar,http://www.grotekerk-alkmaar.nl/historie/tour-fossiele-resten/punt-5/,05  Koraal,False,,True,"people with disabilities, sensory-friendly, visual impairment support, wheelchair access",,True,False,False,False,False,False,False,False,False,False,False,False,False,False
736,Grote of Sint-Laurenskerk,church building,Alkmaar,http://www.grotekerk-alkmaar.nl/historie/tour-fossiele-resten/punt-10/,10  Zaphrentis,False,,True,"people with disabilities, sensory-friendly, visual impairment support, wheelchair access",,True,False,False,False,False,False,False,False,False,False,False,False,False,False
737,Grote of Sint-Laurenskerk,church building,Alkmaar,http://www.grotekerk-alkmaar.nl/tour-deutsch/,Laurentius,False,,True,"people with disabilities, sensory-friendly, visual impairment support, wheelchair access",,True,False,False,True,False,False,False,False,False,False,False,False,False,False
738,Grote of Sint-Laurenskerk,church building,Alkmaar,http://www.grotekerk-alkmaar.nl/tour-english/,Laurentius chapel,False,,True,"people with disabilities, sensory-friendly, visual impairment support, wheelchair access",,True,True,False,True,False,True,False,False,False,False,False,False,False,False
739,CRASH Luchtoorlog- en Verzetsmuseum '40-'45,,Haarlemmermeer,https://www.crash40-45.nl/educatie/,Educatie programma,True,tablet,True,wheelchair access,,True,False,False,False,False,False,False,False,False,False,False,False,False,False
740,CRASH Luchtoorlog- en Verzetsmuseum '40-'45,,Haarlemmermeer,https://www.crash40-45.nl/educatie-contact/,Schoolbezoek,True,tablet,True,wheelchair access,,True,False,False,False,False,False,False,False,False,False,False,False,False,False
741,Stadsmuseum Doetinchem,,Doetinchem,https://www.stadsmuseumdoetinchem.nl/bezoek/educatie/,Kom langs met je klas!,False,,True,"people with disabilities, wheelchair access",,True,False,False,False,False,False,False,False,False,False,False,False,False,False
742,De Appel,arts centre,Amsterdam,http://www.deappel.nl/nl/events/,Agenda - de Appel Amsterdam,True,game,False,,0-18 jaar,True,True,False,False,False,False,False,False,False,False,False,False,False,False
743,De Appel,arts centre,Amsterdam,http://www.deappel.nl/nl/archive/events/1349-state-of-us-performance-door-family-connection-amp-afsluitend-programma,state of us: Performance door Family Connection & Afsluitend programma,False,,False,,0-18 jaar,True,False,False,False,False,False,False,False,False,False,False,False,False,False
744,De Appel,arts centre,Amsterdam,http://www.deappel.nl/nl/curatorial-programme/,Intro - de Appel Amsterdam,False,,False,,0-18 jaar,True,False,False,False,False,False,False,False,False,False,False,False,False,False
745,De Appel,arts centre,Amsterdam,http://www.deappel.nl/nl/archive/events/1327-palestijnse-tatreez-workshops-met-rima-musa,Palestijnse Tatreez-workshops met Rima Musa,False,,False,,0-18 jaar,True,False,False,False,False,False,False,False,False,False,False,False,False,False
746,De Appel,arts centre,Amsterdam,http://www.deappel.nl/nl/events/2856-catching-up-in-the-archive-table-guests-de-appel-curatorial-programme-participants,"Catching Up in the Archive
Table Guests: de Appel Curatorial Programme participants
 - Events - de Appel Amsterdam",False,,False,,0-18 jaar,True,False,False,False,False,False,False,False,False,False,False,False,False,False
747,De Appel,arts centre,Amsterdam,http://www.deappel.nl/nl/archive/events/1293-life-with-fifi-boeklezing-en-workshop,Life with Fifi: Boeklezing en workshop,False,,False,,0-18 jaar,True,True,False,False,False,False,False,False,False,False,False,False,False,False
748,De Appel,arts centre,Amsterdam,http://www.deappel.nl/nl/archive/events/1340-editing-resistance-workshop-amp-filmvertoningen,Editing Resistance Workshop & Filmvertoningen,False,,False,,0-18 jaar,True,True,False,False,False,False,False,False,False,False,False,False,False,False
749,De Appel,arts centre,Amsterdam,http://www.deappel.nl/nl/archive/events/1206-curatorial-programme-2023-hope-is-a-discipline-opening-we-just-wah-fu-dance,Opening Hope is a discipline: We just Wah Fu Dance,False,,False,,0-18 jaar,True,False,False,False,False,False,False,False,False,False,False,False,False,False
750,De Appel,arts centre,Amsterdam,http://www.deappel.nl/nl/archive/events/1212-curatorial-programme-2023-hope-is-a-discipline-tropical-tap-water-presents-jamal-liance,Curatorial Programme 2023 – Tropical Tap Water Presents: Jamal Liance,False,,False,,0-18 jaar,True,False,False,False,False,False,False,False,False,False,False,False,False,False
751,De Appel,arts centre,Amsterdam,http://www.deappel.nl/nl/archive/events/1241-gelijke-rechten-voor-iedereen-family-sunday-creatieve-workshop,"Gelijke rechten voor iedereen?!
Family Sunday creatieve workshop",False,,False,,0-18 jaar; 6+ jaar,True,True,False,False,False,False,False,False,False,False,False,False,False,False
752,De Appel,arts centre,Amsterdam,http://www.deappel.nl/nl/archive/events/1298-every-act-of-struggle-afsluitend-programma,Every Act of Struggle: Afsluitend programma,False,,False,,0-18 jaar,True,True,False,False,False,False,False,False,False,False,False,False,False,False
753,De Appel,arts centre,Amsterdam,http://www.deappel.nl/nl/archive/events/1218-curatorial-programme-2023-hope-is-a-discipline-lumbung-kios-arts-collaboratory-a-n-af-fair,Curatorial Programme 2023 – lumbung kios – Arts Collaboratory: a(n) (af)fair,False,,False,,0-18 jaar,True,False,False,False,False,False,False,False,False,False,False,False,False,False
754,De Appel,arts centre,Amsterdam,http://www.deappel.nl/nl/events/14164-tour-edgelanders-amsterdam-on-trial-part-iii-the-witnesses,"Tour:&nbsp;Edgelanders: Amsterdam on Trial / Part III: The Witnesses
 - Events - de Appel Amsterdam",False,,False,,0-18 jaar,True,False,False,False,False,False,False,False,False,False,False,False,False,False
755,De Appel,arts centre,Amsterdam,http://www.deappel.nl/nl/events/476-livestream-programma,Livestream programma - Events - de Appel Amsterdam,False,,False,,0-18 jaar,True,False,False,False,False,False,False,False,False,False,False,False,False,False
756,De Appel,arts centre,Amsterdam,http://www.deappel.nl/nl/archive/events/1217-curatorial-programme-2023-hope-is-a-discipline-esperanza-cumbia-solitaria-geannuleerd,Curatorial Programme 2023 – Esperanza (cumbia solitaria),False,,False,,0-18 jaar,True,False,False,False,True,False,False,False,False,False,False,False,False,False
757,De Appel,arts centre,Amsterdam,http://www.deappel.nl/nl/archive/events/1191-publiek-programma-inas-halabi-after-the-last-sky-inas-halabi-x-sarmad-platform-filmvertoning-amp-discussie,Publiek programma: Filmvertoning & discussie Sarmad-collectief,False,,False,,0-18 jaar,True,False,False,False,False,False,False,False,False,False,False,False,False,False
758,De Appel,arts centre,Amsterdam,http://www.deappel.nl/nl/archive/events/1207-curatorial-programme-2023-hope-is-a-discipline-pickling-for-posterity,Curatorial Programme – Pickling for Posterity pt. I,False,,False,,0-18 jaar,True,False,False,False,False,False,False,False,False,False,False,False,False,False
759,De Appel,arts centre,Amsterdam,http://www.deappel.nl/nl/archive/events/1247-morning-circle-workshop,Morning Circle: Workshop,False,,False,,0-18 jaar,True,True,False,False,False,False,False,False,False,False,False,False,False,False
760,De Appel,arts centre,Amsterdam,http://www.deappel.nl/nl/archive/events/1184-publiek-programma-perspectieven-op-pope-l-s-saamhorigheid-jaleesa-clows-en-kymani-ceder-in-gesprek,Jaleesa Clows en Kymani Ceder – In gesprek,False,,False,,0-18 jaar,True,False,False,False,False,False,False,False,False,False,False,False,False,False
761,De Appel,arts centre,Amsterdam,http://www.deappel.nl/nl/archive/events/1186-publiek-programma-perspectieven-op-pope-l-s-saamhorigheid-gesprek-raul-balai-en-ehsan-fardjadniya,Raul Balai en Ehsan Fardjadniya – In gesprek,False,,False,,0-18 jaar,True,False,False,False,False,False,False,False,False,False,False,False,False,False
762,De Appel,arts centre,Amsterdam,http://www.deappel.nl/nl/archive/events/1266-instructions-for-placemaking-palestinian-cities-workshop,Instructions for Placemaking: Palestinian Cities,False,,False,,0-18 jaar,True,True,False,False,False,False,False,False,False,False,False,True,False,False
763,De Appel,arts centre,Amsterdam,http://www.deappel.nl/nl/archive/events/1230-housewarming-still-in-my-quotidian-lecture-performance-by-siwar-kraytem-met-betl-aksu-alev-ersan-and-hanieh-fatouraee,"Housewarming: Still in my quotidian
Lecture-performance by Siwar Kraytem
with Betül Aksu, Alev Ersan and Hanieh Fatouraee",False,,False,,0-18 jaar,True,False,False,False,False,False,False,False,False,False,False,True,False,False
764,De Appel,arts centre,Amsterdam,http://www.deappel.nl/nl/archive/events/1202-curatorial-programme-2023-hope-is-a-discipline,Curatorial Programme – Hope is a discipline,False,,False,,0-18 jaar,True,False,False,False,False,False,False,False,False,False,False,False,False,False
765,De Appel,arts centre,Amsterdam,http://www.deappel.nl/nl/archive/events/1209-curatorial-programme-2023-hope-is-a-discipline-dear-islands,"Curatorial Programme 2023 – Dear Islands,",False,,False,,0-18 jaar,True,False,False,False,False,False,False,False,False,False,False,False,False,False
766,De Appel,arts centre,Amsterdam,http://www.deappel.nl/nl/archive/events/1215-curatorial-programme-2023-hope-is-a-discipline-listening-to-an-anthology-of-collectively-stirred-jamming-as-a-living-breathing-and-stretching-mechanism-of-sharing-s,"Curatorial Programme 2023 – Listening to an anthology of collectively stirred jamming as a living, breathing and stretching mechanism of sharing(s)",False,,False,,0-18 jaar,True,False,False,False,False,False,False,False,False,False,False,False,False,False
767,De Appel,arts centre,Amsterdam,http://www.deappel.nl/nl/archive/events/1304-cacchho-cucchha-een-solotentoonstelling-voor-kinderen-en-volwassenen-door-mercedes-azpilicueta,CaccHho CucchhA: Een solotentoonstelling voor Kinderen en Volwassenen door Mercedes Azpilicueta,True,game,False,,0-18 jaar,True,True,False,False,True,True,False,False,False,False,False,False,False,False
768,De Appel,arts centre,Amsterdam,http://www.deappel.nl/nl/archive/events/1214-curatorial-programme-2023-hope-is-a-discipline-watching-the-debris,Curatorial Programme 2023 – Watching the Debris,False,,False,,0-18 jaar,True,False,False,False,False,False,False,False,False,False,False,False,False,False
769,De Appel,arts centre,Amsterdam,http://www.deappel.nl/nl/archive/events/1193-publiek-programma-inas-halabi-after-the-last-sky-inas-halabi-x-lara-khaldi-gesprek,Publiek programma: Filmvertoning en gesprek tussen Inas Halabi & Lara Khaldi,False,,False,,0-18 jaar,True,True,False,False,False,False,False,False,False,False,False,False,False,False
770,De Appel,arts centre,Amsterdam,http://www.deappel.nl/nl/archive/events/1220-curatorial-programme-2023-hope-is-a-discipline-afscheid-ciao-karaoke,Curatorial Programme 2023 – Afscheid: Ciao Karaoke!,False,,False,,0-18 jaar,True,False,False,False,False,False,False,False,False,False,False,False,False,False
771,De Appel,arts centre,Amsterdam,http://www.deappel.nl/nl/archive/events/1192-publiek-programma-inas-halabi-after-the-last-sky-leesgroep-geleid-door-layal-ftouni-x-edward-said-after-the-last-sky,"Publiek Programma: Leesclub After the Last Sky van Edward Said, geleid door Layal Ftouneh",False,,False,,0-18 jaar,True,True,False,False,False,False,False,False,False,False,False,False,False,False
772,De Appel,arts centre,Amsterdam,http://www.deappel.nl/nl/archive/events/1210-curatorial-programme-2023-hope-is-a-discipline-won-t-you-celebrate-with-me,Curatorial Programme 2023 – won’t you celebrate with me?,False,,False,,0-18 jaar,True,False,False,False,False,False,False,False,False,False,False,False,False,False
773,De Appel,arts centre,Amsterdam,https://www.deappel.nl/nl/archive/events/1188-teenage-curators-als-je-me-echt-zou-kennen,Tiener Curatoren – Als je me echt zou kennen,False,,False,,0-18 jaar,True,False,False,False,False,False,False,False,False,False,False,False,False,False
774,De Appel,arts centre,Amsterdam,http://www.deappel.nl/nl/archive/events/1183-publiek-programma-perspectieven-op-pope-l-s-saamhorigheid-lezing-en-na-gesprek-mounir-samuel-hier-moeten-we-het-echt-over-hebben,Mounir Samuel – Hier moeten we het echt over hebben,False,,False,,0-18 jaar,True,False,False,False,False,False,False,False,False,False,False,False,False,False
775,De Appel,arts centre,Amsterdam,http://www.deappel.nl/nl/archive/events/1294-every-act-of-struggle-openingsprogramma,Every Act of Struggle: Openingsprogramma,False,,False,,0-18 jaar,True,True,False,False,False,False,False,False,False,False,False,False,False,False
776,De Appel,arts centre,Amsterdam,http://www.deappel.nl/nl/archive/events/1240-palestina-fundraiser-festival-print-kiosk-en-dabke-workshop,Palestina Fundraiser Festival: Print Kiosk and Dabke workshop,False,,False,,0-18 jaar,True,False,False,False,False,False,False,False,False,False,False,False,False,False
777,De Appel,arts centre,Amsterdam,http://www.deappel.nl/nl/archive/events/1216-curatorial-programme-2023-hope-is-a-discipline-pickling-for-posterity-pt-ii,Curatorial Programme 2023 – Pickling for Posterity pt. II,False,,False,,0-18 jaar,True,False,False,False,False,False,False,False,False,False,False,False,False,False
778,De Appel,arts centre,Amsterdam,http://www.deappel.nl/nl/archive/events/1299-the-remote-archivist-7-the-curatorial-programme,The Remote Archivist #7: The Curatorial Programme,False,,False,,0-18 jaar,True,False,False,False,False,False,False,False,False,False,False,False,False,False
779,De Appel,arts centre,Amsterdam,http://www.deappel.nl/nl/archive/events/1153-formation-camp-resultaten-van-de-curatorial-programme-2020-2021,Formation Camp,False,,False,,0-18 jaar,True,False,False,False,False,False,False,False,False,False,False,False,False,False
780,De Appel,arts centre,Amsterdam,http://www.deappel.nl/nl/archive/events/1208-curatorial-programme-2023-hope-is-a-discipline-take-4,Curatorial Programme 2023 – Take 4,False,,False,,0-18 jaar,True,True,False,False,False,False,False,False,False,False,False,False,False,False
781,De Appel,arts centre,Amsterdam,http://www.deappel.nl/nl/archive/events/1276-arias-workshop-slow-ai-x-mariana-lanari,Arias workshop: Slow AI x Mariana Lanari,False,,False,,0-18 jaar,True,False,False,False,False,False,False,False,False,False,False,False,False,False
782,De Appel,arts centre,Amsterdam,http://www.deappel.nl/nl/archive/events/1339-at-the-end-of-our-world-at-our-end-of-the-world-een-workshop-door-alar-kseolu,At the End of Our World / At Our End of the World – een workshop met Çağlar Köseoğlu,False,,False,,0-18 jaar,True,True,False,False,False,False,False,False,False,False,False,False,False,False
783,De Appel,arts centre,Amsterdam,http://www.deappel.nl/nl/archive/events/1219-curatorial-programme-2023-hope-is-a-discipline-infrastructures-of-feeling-met-ruth-wilson-gilmore,Curatorial Programme 2023 – “Infrastructures of Feeling” met Ruth Wilson Gilmore,False,,False,,0-18 jaar,True,False,False,False,False,False,False,False,False,False,False,False,False,False
784,De Appel,arts centre,Amsterdam,http://www.deappel.nl/nl/archive/events/1309-sensing-interdependence-exhibition-tour,Sensing Interdependence: Exhibition Tour,False,,False,,0-18 jaar,True,False,False,False,False,True,False,False,False,False,False,False,False,False
785,De Appel,arts centre,Amsterdam,http://www.deappel.nl/nl/archive/events/1213-curatorial-programme-2023-hope-is-a-discipline-networking-a-version-for-the-future-with-jihan-el-tahri,Curatorial Programme 2023 – Networking a version for the future,False,,False,,0-18 jaar,True,True,False,False,False,False,False,False,False,False,False,False,False,False
786,De Appel,arts centre,Amsterdam,http://www.deappel.nl/nl/archive/events/1211-curatorial-programme-2023-hope-is-a-discipline-slo-curating-met-sadia-shirazi-amp-constantina-zavitsanos,Curatorial Programme 2023 – “Slo Curating” – with Sadia Shirazi & Constantina Zavitsanos,False,,False,,0-18 jaar,True,False,False,False,False,False,False,False,False,False,False,False,False,False
787,De Appel,arts centre,Amsterdam,http://www.deappel.nl/en/archive/events/1349-state-of-us-performance-door-family-connection-amp-afsluitend-programma,state of us: Performance by Family Connection & Closing Programme,False,,False,,,True,True,False,False,False,False,False,False,False,False,False,False,False,False
788,De Appel,arts centre,Amsterdam,http://www.deappel.nl/nl/archive/entities/38522-family-connection,Family Connection,False,,False,,0-18 jaar,True,False,False,False,False,False,False,False,False,False,False,False,False,False
789,De Appel,arts centre,Amsterdam,http://www.deappel.nl/en/curatorial-programme/518-intro,Intro - de Appel Amsterdam,False,,False,,,True,True,False,False,False,False,False,False,False,False,False,False,False,False
790,De Appel,arts centre,Amsterdam,http://www.deappel.nl/nl/curatorial-programme/16684-curriculum-2026-27,Curriculum 2026/27 - de Appel Amsterdam,False,,False,,0-18 jaar,True,False,False,False,False,False,False,False,False,False,False,False,False,False
791,De Appel,arts centre,Amsterdam,http://www.deappel.nl/nl/curatorial-programme/566-deelnemen,Deelnemen - de Appel Amsterdam,False,,False,,0-18 jaar,True,True,False,False,False,False,False,False,False,False,False,False,False,False
792,De Appel,arts centre,Amsterdam,http://www.deappel.nl/nl/curatorial-programme/586-deelnemers,Deelnemers - de Appel Amsterdam,True,"VR, audio guide, interactive",False,,0-18 jaar,True,True,False,True,True,True,False,True,True,True,True,False,False,True
793,De Appel,arts centre,Amsterdam,http://www.deappel.nl/nl/curatorial-programme/823-tutors,Tutors - de Appel Amsterdam,False,,False,,0-18 jaar,True,True,False,False,False,False,False,False,False,False,False,False,False,False
794,De Appel,arts centre,Amsterdam,http://www.deappel.nl/nl/curatorial-programme/518-intro,Intro - de Appel Amsterdam,False,,False,,0-18 jaar,True,False,False,False,False,False,False,False,False,False,False,False,False,False
795,De Appel,arts centre,Amsterdam,http://www.deappel.nl/nl/curatorial-programme/14482-summer-school-24,Summer School '24 - de Appel Amsterdam,False,,False,,0-18 jaar,True,False,False,False,False,False,False,False,False,False,False,False,False,False
796,De Appel,arts centre,Amsterdam,http://www.deappel.nl/nl/curatorial-programme/579-curriculum-2025-26,Curriculum 2025/26 - de Appel Amsterdam,False,,False,,0-18 jaar,True,False,False,False,False,False,False,False,False,False,False,False,False,False
797,De Appel,arts centre,Amsterdam,http://www.deappel.nl/en/archive/events/1327-palestijnse-tatreez-workshops-met-rima-musa,Palestinian Tatreez Workshops with Rima Musa,False,,False,,,False,True,False,False,False,False,False,False,False,False,False,False,False,False
798,Skûtsjemuseum de Stripe,,Tietjerksteradeel,http://www.skutsjemuseum.nl/educatief-programma/audiotour,SKUTSJEMUSEUM,True,audio guide,False,,,True,False,False,False,False,False,False,False,False,False,False,False,False,False
799,Skûtsjemuseum de Stripe,,Tietjerksteradeel,http://www.skutsjemuseum.nl/educatief-programma/entreeprijzen-en-consumpties,SKUTSJEMUSEUM,True,audio guide,False,,,True,False,False,False,False,False,False,False,False,False,False,False,False,False
800,Skûtsjemuseum de Stripe,,Tietjerksteradeel,http://www.skutsjemuseum.nl/educatief-programma/anbi,SKUTSJEMUSEUM,True,audio guide,False,,,True,False,False,False,False,False,False,False,False,False,False,False,False,False
801,Skûtsjemuseum de Stripe,,Tietjerksteradeel,http://www.skutsjemuseum.nl/voor-kinderen,SKUTSJEMUSEUM,True,audio guide,False,,,True,False,False,False,False,False,False,False,False,False,False,False,False,False
802,Skûtsjemuseum de Stripe,,Tietjerksteradeel,http://www.skutsjemuseum.nl/educatief-programma/openingstijden,SKUTSJEMUSEUM,True,audio guide,False,,,True,False,False,False,False,False,False,False,False,False,False,False,False,False
803,Skûtsjemuseum de Stripe,,Tietjerksteradeel,http://www.skutsjemuseum.nl/educatief-programma/sponsors,SKUTSJEMUSEUM,True,audio guide,False,,,True,False,False,False,False,False,False,False,False,False,False,False,False,False
804,Skûtsjemuseum de Stripe,,Tietjerksteradeel,http://www.skutsjemuseum.nl/educatief-programma/vrijwilligers,SKUTSJEMUSEUM,True,audio guide,False,,,True,False,False,False,False,False,False,False,False,False,False,False,False,False
805,Puzzelmuseum,,De Friese Meren,https://puzzelmuseum.nl/scholen.html,scholen,False,,False,,,True,True,True,False,False,False,False,False,False,False,False,False,False,False
806,Puzzelmuseum,,De Friese Meren,https://puzzelmuseum.nl/workshops.html,workshops,False,,False,,,True,True,True,False,False,False,False,False,False,False,False,False,False,False
807,Puzzelmuseum,,De Friese Meren,https://puzzelmuseum.nl/familiefeest.html,familiefeest,False,,False,,,True,True,True,False,False,False,False,False,False,False,False,False,False,False
808,Museum De kantfabriek,,Horst aan de Maas,https://www.museumdekantfabriek.nl/ontdek-ons/cursussen-en-workshops/,Cursussen en workshops - Museum de Kantfabriek,True,VR,False,,,True,False,False,False,False,False,False,False,False,False,False,False,False,False
809,Museum De kantfabriek,,Horst aan de Maas,http://www.museumdekantfabriek.nl/#,Hartelijk welkom,True,VR,False,,,True,False,False,False,False,False,False,False,False,False,False,False,False,False
810,Museum De kantfabriek,,Horst aan de Maas,https://www.museumdekantfabriek.nl/ontdek-ons/cursussen-en-workshops/cursusvoorwaarden/,Cursusvoorwaarden - Museum de Kantfabriek,True,VR,False,,,True,False,False,False,False,False,False,False,False,False,False,False,False,False
811,Kasteel Hoensbroek,Commons Gallery; Castle,Heerlen,https://www.kasteelhoensbroek.nl/wat-is-er-te-doen/nieuw-versleutelde-verhalen-tentoonstelling/,Multimediale Tour ‘Versleutelde Verhalen’,False,,True,wheelchair access,,True,True,True,False,False,False,False,False,False,False,False,False,False,False
812,Kasteel Hoensbroek,Commons Gallery; Castle,Heerlen,https://www.kasteelhoensbroek.nl/onderwijs/,Onderwijs,False,,True,wheelchair access,,True,True,True,False,False,False,False,False,False,False,False,False,False,False
813,Kasteel Hoensbroek,Commons Gallery; Castle,Heerlen,https://www.kasteelhoensbroek.nl/eropuit-met-kinderen/,Eropuit met kinderen,False,,True,wheelchair access,,True,True,True,False,False,False,False,False,False,False,False,False,False,False
814,Kasteel Hoensbroek,Commons Gallery; Castle,Heerlen,https://www.kasteelhoensbroek.nl/onderwijs/hoger-onderwijs/,Hoger onderwijs,False,,True,wheelchair access,,True,True,True,False,False,False,False,False,False,False,False,False,False,False
815,Kasteel Hoensbroek,Commons Gallery; Castle,Heerlen,https://www.kasteelhoensbroek.nl/onderwijs/basis-onderwijs/,Basisonderwijs,False,,True,wheelchair access,,True,True,True,False,False,False,False,False,False,False,False,False,False,False
816,Kasteel Hoensbroek,Commons Gallery; Castle,Heerlen,https://www.kasteelhoensbroek.nl/educatie/combi-bezoek-kasteel-hoensbroek-blotevoetenpark/,Combi-bezoek Kasteel Hoensbroek & BloteVoetenPark,False,,True,wheelchair access,,True,True,True,False,False,False,False,False,False,False,False,False,False,False
817,Kasteel Hoensbroek,Commons Gallery; Castle,Heerlen,https://www.kasteelhoensbroek.nl/educatie/voordelig-schoolvervoer-met-het-arriva-cultuurkaartje/,Voordelig schoolvervoer met het Arriva Cultuurkaartje,False,,True,wheelchair access,,True,True,True,False,False,False,False,False,False,False,False,False,False,False
818,Kasteel Hoensbroek,Commons Gallery; Castle,Heerlen,https://www.kasteelhoensbroek.nl/onderwijs/voortgezet-onderwijs/,Voortgezet onderwijs,False,,True,wheelchair access,,True,True,True,False,False,False,False,False,False,False,False,False,False,False
819,Kasteel Hoensbroek,Commons Gallery; Castle,Heerlen,https://www.kasteelhoensbroek.nl/en/a-day-out-with-the-whole-family/,A day out with the whole family,False,,True,wheelchair access,,True,True,True,False,False,False,False,False,False,False,False,False,False,False
820,Kasteel Hoensbroek,Commons Gallery; Castle,Heerlen,https://www.kasteelhoensbroek.nl/wat-is-er-te-doen/schilder-je-verhaal/,‘Schild(er) je verhaal’,False,,True,wheelchair access,,True,True,True,False,False,False,False,False,False,False,False,False,False,False
821,Kasteel Hoensbroek,Commons Gallery; Castle,Heerlen,https://www.kasteelhoensbroek.nl/de/gemeinsam-mit-der-ganzen-familie-unterwegs/,Gemeinsam mit der ganzen Familie unterwegs,False,,True,wheelchair access,,True,True,True,False,False,False,False,False,False,False,False,False,False,False
822,Pier Pander Museum,,Leeuwarden,http://historischcentrumleeuwarden.nl/onderzoek/hulp-bij-onderzoek/een-persoon-of-familie,Onderzoek naar een persoon of familie,False,,False,,,True,True,False,False,False,False,False,False,False,False,False,False,False,False
823,Pier Pander Museum,,Leeuwarden,http://historischcentrumleeuwarden.nl/onderwijs/op-school,Op school,False,,False,,,True,True,False,False,False,False,False,False,False,False,False,False,False,False
824,Pier Pander Museum,,Leeuwarden,http://historischcentrumleeuwarden.nl/onderwijs,Onderwijs,False,,False,,,True,True,False,False,False,False,False,False,False,False,False,False,False,False
825,Pier Pander Museum,,Leeuwarden,http://historischcentrumleeuwarden.nl/onderwijs/onderwijsnieuws-van-hcl,Onderwijsnieuws,False,,False,,,True,True,False,False,False,False,False,False,False,False,False,False,False,False
826,Pier Pander Museum,,Leeuwarden,http://historischcentrumleeuwarden.nl/onderwijs/over-hcl-en-onderwijs,Over HCL en onderwijs,False,,False,,,True,True,False,False,False,False,False,False,False,False,False,False,False,False
827,Pier Pander Museum,,Leeuwarden,http://historischcentrumleeuwarden.nl/onderwijs/op-bezoek,Op bezoek,False,,False,,,True,True,False,False,False,False,False,False,False,False,False,False,False,False
828,Pier Pander Museum,,Leeuwarden,http://historischcentrumleeuwarden.nl/english/tours,Guided Tours,True,audio guide,False,,,True,True,False,False,False,False,False,False,False,False,False,False,False,False
829,Pier Pander Museum,,Leeuwarden,http://historischcentrumleeuwarden.nl/onderwijs/op-school?start=6,Op school,False,,False,,,True,True,False,False,False,False,False,False,False,False,False,False,False,False
830,Pier Pander Museum,,Leeuwarden,http://historischcentrumleeuwarden.nl/onderwijs/op-school/holocaust-dichtbij,Holocaust dichtbij,False,,False,,,True,True,False,False,False,False,False,False,False,False,False,False,False,False
831,Pier Pander Museum,,Leeuwarden,http://historischcentrumleeuwarden.nl/onderwijs/op-school/canon,De Canon van Leeuwarden,False,,False,,,True,True,False,False,False,False,False,False,False,False,False,False,False,False
832,Pier Pander Museum,,Leeuwarden,http://historischcentrumleeuwarden.nl/onderwijs/op-school/kunst-en-poezie-in-leeuwarden,Kunst en poëzie in Leeuwarden,True,app,False,,,True,True,False,False,False,False,False,False,False,False,False,False,False,False
833,Pier Pander Museum,,Leeuwarden,http://historischcentrumleeuwarden.nl/onderwijs/op-school/oefentool-oud-schrift,Oefentool oud schrift,False,,False,,,True,True,False,False,False,False,False,False,False,False,False,False,False,False
834,Pier Pander Museum,,Leeuwarden,http://historischcentrumleeuwarden.nl/onderwijs/op-school/geschiedenislokaal-fryslan,GeschiedenisLokaal Fryslân,False,,False,,,True,True,False,False,True,False,False,False,False,False,False,False,False,False
835,Pier Pander Museum,,Leeuwarden,http://historischcentrumleeuwarden.nl/onderwijs/op-school/digitale-stadswandelingen,Smartphonewandeling Oorlog & Vrijheid,True,app,False,,,True,True,False,False,False,False,False,False,False,False,False,False,False,False
836,Pier Pander Museum,,Leeuwarden,https://historischcentrumleeuwarden.nl/onderwijs/op-school/geschiedenislokaal-fryslan,GeschiedenisLokaal Fryslân,False,,False,,,True,True,False,False,True,False,False,False,False,False,False,False,False,False
837,Pier Pander Museum,,Leeuwarden,https://historischcentrumleeuwarden.nl/onderwijs/op-bezoek,Op bezoek,False,,False,,,True,True,False,False,False,False,False,False,False,False,False,False,False,False
838,Pier Pander Museum,,Leeuwarden,https://historischcentrumleeuwarden.nl/onderwijs/op-school/canon,De Canon van Leeuwarden,False,,False,,,True,True,False,False,False,False,False,False,False,False,False,False,False,False
839,Pier Pander Museum,,Leeuwarden,https://historischcentrumleeuwarden.nl/onderwijs/over-hcl-en-onderwijs,Over HCL en onderwijs,False,,False,,,True,True,False,False,False,False,False,False,False,False,False,False,False,False
840,Pier Pander Museum,,Leeuwarden,https://historischcentrumleeuwarden.nl/onderwijs/op-school,Op school,False,,False,,,True,True,False,False,False,False,False,False,False,False,False,False,False,False
841,Pier Pander Museum,,Leeuwarden,https://historischcentrumleeuwarden.nl/onderwijs/onderwijsnieuws-van-hcl,Onderwijsnieuws,False,,False,,,True,True,False,False,False,False,False,False,False,False,False,False,False,False
842,Pier Pander Museum,,Leeuwarden,http://historischcentrumleeuwarden.nl/onderwijs/onderwijsnieuws-van-hcl/samenwerking-archieven-en-onderwijs,Nationale samenwerking archieven en onderwijs: 'Bronnen in de klas',False,,False,,,True,True,False,False,False,False,False,False,False,False,False,False,False,False
843,Pier Pander Museum,,Leeuwarden,http://historischcentrumleeuwarden.nl/onderwijs/onderwijsnieuws-van-hcl/kinderen-kunnen-snipperspeuren-in-expositie-verhalen-van-leeuwarden,Kinderen kunnen 'snipperspeuren' in expositie Verhalen van Leeuwarden,False,,False,,,True,True,False,False,False,False,False,False,False,False,False,False,False,False
844,Pier Pander Museum,,Leeuwarden,http://historischcentrumleeuwarden.nl/onderwijs/op-bezoek/oldehove,Beklim de Oldehove....................(alle niveaus),False,,False,,,True,True,False,False,False,False,False,False,False,False,False,False,False,False
845,Pier Pander Museum,,Leeuwarden,http://historischcentrumleeuwarden.nl/onderwijs/op-bezoek/pier-pander,De kunst van Pier Pander.......... (alle niveaus),False,,False,,,True,True,False,False,False,False,False,False,False,False,False,False,False,False
846,Pier Pander Museum,,Leeuwarden,http://historischcentrumleeuwarden.nl/onderwijs/op-bezoek/dief-in-het-archief-groep-7-en-8,Dief in het archief..................... (groep 7 en 8),False,,False,,,True,True,False,False,False,False,False,False,False,False,False,False,False,False
847,Pier Pander Museum,,Leeuwarden,http://historischcentrumleeuwarden.nl/onderwijs/op-bezoek/spoedcursus-liwwadden,Spoedcursus Liwwadden.......... (alle niveaus),False,,False,,,True,True,False,False,False,False,False,False,False,False,False,False,False,False
848,Pier Pander Museum,,Leeuwarden,http://historischcentrumleeuwarden.nl/onderwijs/op-bezoek/bouwmeesters-van-de-odehove,Bouwmeesters van de Oldehove (vanaf groep 4),False,,False,,,True,True,False,False,False,False,False,False,False,False,False,False,False,False
849,Pier Pander Museum,,Leeuwarden,http://historischcentrumleeuwarden.nl/onderwijs/op-bezoek/workshops,Maatwerk & Workshops............ (alle niveaus),False,,False,,,True,True,True,False,False,False,False,False,False,False,False,False,False,False
850,Museum Boijmans Van Beuningen,art museum,Rotterdam,https://www.boijmans.nl/onderwijs,Onderwijs,True,app,True,"sensory-friendly, wheelchair access",,True,False,False,False,False,False,False,False,False,False,False,False,False,False
851,Museum Boijmans Van Beuningen,art museum,Rotterdam,https://www.boijmans.nl/touring-exhibitions,Touring Exhibitions,True,app,True,"sensory-friendly, wheelchair access",,True,False,False,False,False,False,False,False,False,False,False,False,False,False
852,Museum Boijmans Van Beuningen,art museum,Rotterdam,https://www.boijmans.nl/onderwijs/type/po-25-26,Onderwijs,True,app,True,"sensory-friendly, wheelchair access",,True,False,False,False,False,False,False,False,False,False,False,False,False,False
853,Museum Boijmans Van Beuningen,art museum,Rotterdam,https://www.boijmans.nl/onderwijs/type/cultuurkaart/lessen-in-het-museum/het-depot-werkt-met-workshop,Het depot werkt met workshop,True,app,True,"sensory-friendly, wheelchair access",,True,False,False,False,False,False,False,False,False,False,False,False,False,False
854,Museum Boijmans Van Beuningen,art museum,Rotterdam,https://www.boijmans.nl/onderwijs/type/vo-25-26/lessen-in-het-museum/tijdelijke-tentoonstelling-vo,Tijdelijke tentoonstelling VO,True,app,True,"sensory-friendly, wheelchair access",,True,False,False,False,False,False,False,False,False,False,False,False,False,False
855,Museum Boijmans Van Beuningen,art museum,Rotterdam,https://www.boijmans.nl/onderwijs/type/vo-25-26/lessen-in-het-museum/het-object-vertelt-met-workshop,Het object vertelt met workshop,True,app,True,"sensory-friendly, wheelchair access",,True,False,False,False,False,False,False,False,False,False,False,False,False,False
856,Museum Boijmans Van Beuningen,art museum,Rotterdam,https://www.boijmans.nl/onderwijs/type/cultuurkaart/lessen-in-het-museum/het-ontwerp-belicht,Het ontwerp belicht,True,app,True,"sensory-friendly, wheelchair access",,True,False,False,False,False,False,False,False,False,False,False,False,False,False
857,Museum Boijmans Van Beuningen,art museum,Rotterdam,https://www.boijmans.nl/onderwijs/type/vo-25-26/lessen-in-het-museum/het-depot-werkt,Het depot werkt,True,app,True,"sensory-friendly, wheelchair access",,True,False,False,False,False,False,False,False,False,False,False,False,False,False
858,Museum Boijmans Van Beuningen,art museum,Rotterdam,https://www.boijmans.nl/onderwijs/type/hbo-wo-25-26/lessen-in-het-museum/het-object-vertelt-met-workshop,Het object vertelt met workshop,True,app,True,"sensory-friendly, wheelchair access",,True,False,False,False,False,False,False,False,False,False,False,False,False,False
859,Museum Boijmans Van Beuningen,art museum,Rotterdam,https://www.boijmans.nl/onderwijs/type/hbo-wo-25-26/lessen-in-het-museum/het-koloniale-object-spreekt-met-workshop,Het koloniale object spreekt met workshop,True,app,True,"sensory-friendly, wheelchair access",,True,False,False,False,False,False,False,False,False,False,False,False,False,False
860,Museum Boijmans Van Beuningen,art museum,Rotterdam,https://www.boijmans.nl/onderwijs/type/hbo-wo-25-26/lessen-in-het-museum/het-object-vertelt,Het object vertelt,True,app,True,"sensory-friendly, wheelchair access",,True,False,False,False,False,False,False,False,False,False,False,False,False,False
861,Museum Boijmans Van Beuningen,art museum,Rotterdam,https://www.boijmans.nl/onderwijs/type/cultuurkaart/lessen-in-het-museum/het-depot-werkt,Het depot werkt,True,app,True,"sensory-friendly, wheelchair access",,True,False,False,False,False,False,False,False,False,False,False,False,False,False
862,Museum Boijmans Van Beuningen,art museum,Rotterdam,https://www.boijmans.nl/onderwijs/type/po-25-26/lessen-in-het-museum/het-depot-werkt-met-workshop,Het depot werkt met workshop,True,app,True,"sensory-friendly, wheelchair access",,True,False,False,False,False,False,False,False,False,False,False,False,False,False
863,Museum Boijmans Van Beuningen,art museum,Rotterdam,https://www.boijmans.nl/onderwijs/type/vo-25-26/lessen-in-het-museum/het-object-vertelt,Het object vertelt,True,app,True,"sensory-friendly, wheelchair access",,True,False,False,False,False,False,False,False,False,False,False,False,False,False
864,Museum Boijmans Van Beuningen,art museum,Rotterdam,https://www.boijmans.nl/onderwijs/type/cultuurkaart/lessen-in-het-museum/het-object-vertelt-met-workshop,Het object vertelt met workshop,True,app,True,"sensory-friendly, wheelchair access",,True,False,False,False,False,False,False,False,False,False,False,False,False,False
865,Museum Boijmans Van Beuningen,art museum,Rotterdam,https://www.boijmans.nl/onderwijs/type/vo-25-26/lessen-in-het-museum/het-ontwerp-belicht,Het ontwerp belicht,True,app,True,"sensory-friendly, wheelchair access",,True,False,False,False,False,False,False,False,False,False,False,False,False,False
866,Museum Boijmans Van Beuningen,art museum,Rotterdam,https://www.boijmans.nl/onderwijs/type/vo-25-26/lessen-in-het-museum/het-koloniale-object-spreekt-met-workshop,Het koloniale object spreekt met workshop,True,app,True,"sensory-friendly, wheelchair access",,True,False,False,False,False,False,False,False,False,False,False,False,False,False
867,Museum Boijmans Van Beuningen,art museum,Rotterdam,https://www.boijmans.nl/onderwijs/type/po-25-26/lessen-in-het-museum/het-depot-werkt,Het depot werkt,True,app,True,"sensory-friendly, wheelchair access",,True,False,False,False,False,False,False,False,False,False,False,False,False,False
868,Museum Boijmans Van Beuningen,art museum,Rotterdam,https://www.boijmans.nl/onderwijs/type/cultuurkaart/lessen-in-het-museum/tijdelijke-tentoonstelling-met-workshop-mbo,Tijdelijke tentoonstelling met Workshop MBO,True,app,True,"sensory-friendly, wheelchair access",,True,False,False,False,False,False,False,False,False,False,False,False,False,False
869,Museum Boijmans Van Beuningen,art museum,Rotterdam,https://www.boijmans.nl/onderwijs/type/vo-25-26/lessen-in-het-museum/het-depot-werkt-met-workshop,Het depot werkt met workshop,True,app,True,"sensory-friendly, wheelchair access",,True,False,False,False,False,False,False,False,False,False,False,False,False,False
870,Museum Boijmans Van Beuningen,art museum,Rotterdam,https://www.boijmans.nl/onderwijs/type/po-25-26/lessen-in-het-museum/zelfstandig-bezoek,Zelfstandig bezoek,True,app,True,"sensory-friendly, wheelchair access",,True,False,False,False,False,False,False,False,False,False,False,False,False,False
871,Museum Boijmans Van Beuningen,art museum,Rotterdam,https://www.boijmans.nl/onderwijs/type/po-25-26/lessen-in-het-museum/depotontdekkingsreis,Depotontdekkingsreis,True,app,True,"sensory-friendly, wheelchair access",,True,False,False,False,False,False,False,False,False,False,False,False,False,False
872,Museum Boijmans Van Beuningen,art museum,Rotterdam,https://www.boijmans.nl/onderwijs/type/hbo-wo-25-26/lessen-in-het-museum/het-depot-werkt,Het depot werkt,True,app,True,"sensory-friendly, wheelchair access",,True,False,False,False,False,False,False,False,False,False,False,False,False,False
873,Museum Boijmans Van Beuningen,art museum,Rotterdam,https://www.boijmans.nl/onderwijs/type/cultuurkaart/lessen-in-het-museum/het-koloniale-object-spreekt-met-workshop,Het koloniale object spreekt met workshop,True,app,True,"sensory-friendly, wheelchair access",,True,False,False,False,False,False,False,False,False,False,False,False,False,False
874,Museum Boijmans Van Beuningen,art museum,Rotterdam,https://www.boijmans.nl/en/education,Education,True,app,True,"sensory-friendly, wheelchair access",,False,True,False,False,False,False,False,False,False,False,False,False,False,False
875,Museum Boijmans Van Beuningen,art museum,Rotterdam,https://www.boijmans.nl/onderwijs/type/hbo-wo-25-26/lessen-in-het-museum/tijdelijke-tentoonstelling-met-workshop-hbo,Tijdelijke tentoonstelling met Workshop HBO,True,app,True,"sensory-friendly, wheelchair access",,True,False,False,False,False,False,False,False,False,False,False,False,False,False
876,Museum Boijmans Van Beuningen,art museum,Rotterdam,https://www.boijmans.nl/onderwijs/type/hbo-wo-25-26/lessen-in-het-museum/het-depot-werkt-met-workshop,Het depot werkt met workshop,True,app,True,"sensory-friendly, wheelchair access",,True,False,False,False,False,False,False,False,False,False,False,False,False,False
877,Museum Boijmans Van Beuningen,art museum,Rotterdam,https://www.boijmans.nl/onderwijs/type/hbo-wo-25-26/lessen-in-het-museum/tijdelijke-tentoonstelling-hbo,Tijdelijke tentoonstelling HBO,True,app,True,"sensory-friendly, wheelchair access",,True,False,False,False,False,False,False,False,False,False,False,False,False,False
878,Museum Boijmans Van Beuningen,art museum,Rotterdam,https://www.boijmans.nl/onderwijs/type/vo-25-26/lessen-in-het-museum/zelfstandig-bezoek,Zelfstandig bezoek,True,app,True,"sensory-friendly, wheelchair access",,True,False,False,False,False,False,False,False,False,False,False,False,False,False
879,Museum Boijmans Van Beuningen,art museum,Rotterdam,https://www.boijmans.nl/onderwijs/type/cultuurkaart/lessen-in-het-museum/het-object-vertelt,Het object vertelt,True,app,True,"sensory-friendly, wheelchair access",,True,False,False,False,False,False,False,False,False,False,False,False,False,False
880,Museum Boijmans Van Beuningen,art museum,Rotterdam,https://www.boijmans.nl/onderwijs/type/cultuurkaart/lessen-in-het-museum/tijdelijke-tentoonstelling-mbo,Tijdelijke tentoonstelling MBO,True,app,True,"sensory-friendly, wheelchair access",,True,False,False,False,False,False,False,False,False,False,False,False,False,False
881,Museum Boijmans Van Beuningen,art museum,Rotterdam,https://www.boijmans.nl/onderwijs/type/po-25-26/lessen-in-het-museum/tijdelijke-tentoonstelling-po,Tijdelijke tentoonstelling PO,True,app,True,"sensory-friendly, wheelchair access",,True,False,False,False,False,False,False,False,False,False,False,False,False,False
882,Museum Boijmans Van Beuningen,art museum,Rotterdam,https://www.boijmans.nl/onderwijs/type/vo-25-26/lessen-in-het-museum/tijdelijke-tentoonstelling-met-workshop-vo,Tijdelijke tentoonstelling met Workshop VO,True,app,True,"sensory-friendly, wheelchair access",,True,False,False,False,False,False,False,False,False,False,False,False,False,False
883,Museum Boijmans Van Beuningen,art museum,Rotterdam,https://www.boijmans.nl/onderwijs/type/cultuurkaart/lessen-in-het-museum/zelfstandig-bezoek,Zelfstandig bezoek,True,app,True,"sensory-friendly, wheelchair access",,True,False,False,False,False,False,False,False,False,False,False,False,False,False
884,Museum Boijmans Van Beuningen,art museum,Rotterdam,https://www.boijmans.nl/onderwijs/type/po-25-26/lessen-in-het-museum/tijdelijke-tentoonstelling-met-workshop-po,Tijdelijke tentoonstelling met Workshop PO,True,app,True,"sensory-friendly, wheelchair access",,True,False,False,False,False,False,False,False,False,False,False,False,False,False
885,Museum Boijmans Van Beuningen,art museum,Rotterdam,https://www.boijmans.nl/onderwijs/type/hbo-wo-25-26/lessen-in-het-museum/het-ontwerp-belicht,Het ontwerp belicht,True,app,True,"sensory-friendly, wheelchair access",,True,False,False,False,False,False,False,False,False,False,False,False,False,False
886,Museum Boijmans Van Beuningen,art museum,Rotterdam,https://www.boijmans.nl/onderwijs/type/po-25-26/lessen-in-het-museum/depotontdekkingsreis-met-workshop,Depotontdekkingsreis met Workshop,True,app,True,"sensory-friendly, wheelchair access",,True,False,False,False,False,False,False,False,False,False,False,False,False,False
887,Museum Boijmans Van Beuningen,art museum,Rotterdam,https://www.boijmans.nl/en/touring-exhibitions-24,Touring Exhibitions,True,app,True,"sensory-friendly, wheelchair access",,False,True,False,False,False,False,False,False,False,False,False,False,False,False
888,Fort bij Vijfhuizen,fort,Haarlemmermeer,https://www.kunstfort.nl/nl/educatie/primair-onderwijs/,Kunstfort bij Vijfhuizen,False,,True,wheelchair access,,True,False,False,False,False,False,False,False,False,False,False,False,False,False
889,Fort bij Vijfhuizen,fort,Haarlemmermeer,https://www.kunstfort.nl/nl/publieksprogramma/verwacht/,Kunstfort bij Vijfhuizen,False,,True,wheelchair access,,True,False,False,False,False,False,False,False,False,False,False,False,False,False
890,Fort bij Vijfhuizen,fort,Haarlemmermeer,https://www.kunstfort.nl/en/education/elementary-education/,Kunstfort bij Vijfhuizen,False,,True,wheelchair access,,False,True,False,False,False,False,False,False,False,False,False,False,False,False
891,Fort bij Vijfhuizen,fort,Haarlemmermeer,https://www.kunstfort.nl/nl/educatie/inschrijfformulier-scholen/,Kunstfort bij Vijfhuizen,False,,True,wheelchair access,,True,False,False,False,False,False,False,False,False,False,False,False,False,False
892,Fort bij Vijfhuizen,fort,Haarlemmermeer,https://www.kunstfort.nl/nl/educatie/voortgezet-onderwijs/,Kunstfort bij Vijfhuizen,False,,True,wheelchair access,,True,False,False,False,False,False,False,False,False,False,False,False,False,False
893,Fort bij Vijfhuizen,fort,Haarlemmermeer,https://www.kunstfort.nl/nl/publieksprogramma/tot-op-in-de-bodem-14-juni/,Kunstfort bij Vijfhuizen,False,,True,wheelchair access,,True,False,False,False,False,False,False,False,False,False,False,False,False,False
894,Fort bij Vijfhuizen,fort,Haarlemmermeer,https://www.kunstfort.nl/nl/publieksprogramma/geweest/,Kunstfort bij Vijfhuizen,False,,True,wheelchair access,,True,False,False,False,False,False,False,False,False,False,False,False,False,False
895,Fort bij Vijfhuizen,fort,Haarlemmermeer,https://www.kunstfort.nl/nl/publieksprogramma/tot-op-in-de-bodem/,Kunstfort bij Vijfhuizen,False,,True,wheelchair access,,True,False,False,False,False,False,False,False,False,False,False,False,False,False
896,Fort bij Vijfhuizen,fort,Haarlemmermeer,https://www.kunstfort.nl/en/public-programme/upcoming/,Kunstfort bij Vijfhuizen,False,,True,wheelchair access,,False,True,False,False,False,False,False,False,False,False,False,False,False,False
897,Museum Asselt,city museum,Asselt,https://www.museumasselt.nl/educatie/,Educatie,True,"tablet, virtual reality",True,"people with disabilities, wheelchair access",,False,True,False,False,False,False,False,False,False,False,False,False,False,False
898,Museum Asselt,city museum,Asselt,https://www.museumasselt.nl/educatie,Educatie,True,"tablet, virtual reality",True,"people with disabilities, wheelchair access",,False,True,False,False,False,False,False,False,False,False,False,False,False,False
899,Museum Asselt,city museum,Asselt,https://www.museumasselt.nl/#,Sponsoren,True,"VR, tablet",True,"people with disabilities, wheelchair access",,False,True,False,False,False,False,False,False,False,False,False,False,False,False
900,Internationaal Klompenmuseum,,Eelde,http://www.klompenmuseum.nl/tour,Virtuele tour,False,,True,wheelchair access,,True,False,False,False,False,False,False,False,False,False,False,False,False,False
901,Internationaal Klompenmuseum,,Eelde,http://www.klompenmuseum.nl/bezoeken#educatie,Bezoek het Internationaal Klompenmuseum,False,,True,wheelchair access,6-12 jaar,True,False,False,True,False,False,False,False,False,False,False,False,False,False
902,Nieuwe Instituut,architecture museum; design museum,Rotterdam,https://nieuweinstituut.nl/projects/plan-uw-bezoek,Openingstijden,True,"VR, tablet",True,people with disabilities,,True,False,False,False,False,False,False,False,False,False,False,False,False,False
903,Nieuwe Instituut,architecture museum; design museum,Rotterdam,https://nieuweinstituut.nl/search,Search,True,"VR, tablet",True,people with disabilities,,True,False,False,False,False,False,False,False,False,False,False,False,False,False
904,Nieuwe Instituut,architecture museum; design museum,Rotterdam,https://nieuweinstituut.nl/articles/faro-subsidie-toekenning,Nieuwe Instituut ontvangt Faro-subsidie voor landelijk Curriculum voor Erfgoedtoekomsten,True,"VR, interactive, tablet",True,people with disabilities,,True,False,False,False,False,False,False,False,False,False,False,False,False,False
905,Nieuwe Instituut,architecture museum; design museum,Rotterdam,https://nieuweinstituut.nl/projects/huis-sonneveld,Beleef Huis Sonneveld,True,"VR, audio guide, tablet, virtual reality",True,people with disabilities,,True,False,False,False,False,False,False,False,False,False,False,False,False,False
906,Nieuwe Instituut,architecture museum; design museum,Rotterdam,https://nieuweinstituut.nl/projects/fungi-anarchistische-ontwerpers,FUNGI. Anarchistische ontwerpers,True,"VR, tablet",True,people with disabilities,,True,False,False,False,False,False,False,False,False,False,False,False,False,False
907,Nieuwe Instituut,architecture museum; design museum,Rotterdam,https://nieuweinstituut.nl/events/thursday-night-detour-2026-juni-1,Thursday Night Detour: Focus op architectuur,True,"VR, tablet",True,people with disabilities,,True,True,False,False,False,False,False,False,False,False,False,False,False,False
908,Nieuwe Instituut,architecture museum; design museum,Rotterdam,https://nieuweinstituut.nl/projects/onderwijs,Boek een Omleiding,True,"VR, tablet",True,people with disabilities,,True,False,False,False,False,False,False,False,False,False,False,False,False,False
909,Nieuwe Instituut,architecture museum; design museum,Rotterdam,https://nieuweinstituut.nl/pages/colofon,Colofon,True,"VR, tablet",True,people with disabilities,,True,False,False,False,False,False,False,False,False,False,False,False,False,False
910,Nieuwe Instituut,architecture museum; design museum,Rotterdam,https://nieuweinstituut.nl/pages/now-on-display,Collection Gallery,True,"VR, tablet",True,people with disabilities,,True,False,False,False,False,False,False,False,False,False,False,False,False,False
911,Nieuwe Instituut,architecture museum; design museum,Rotterdam,https://nieuweinstituut.nl/events/workshop-another-island,Dentro Di Nos Tempo: de Kaapverdische tijdscapsule,True,"VR, tablet",True,people with disabilities,,True,False,False,False,False,False,False,False,False,False,False,False,False,False
912,Nieuwe Instituut,architecture museum; design museum,Rotterdam,https://nieuweinstituut.nl/projects/kinderen,"Toekomst
makers!",True,"VR, tablet",True,people with disabilities,,True,False,False,False,False,False,False,False,False,False,False,False,False,False
913,Nieuwe Instituut,architecture museum; design museum,Rotterdam,https://nieuweinstituut.nl/projects/plan-uw-bezoek/rondleidingen,Rondleidingen,True,"VR, tablet",True,people with disabilities,,True,False,False,False,False,False,False,False,False,False,False,False,False,False
914,Nieuwe Instituut,architecture museum; design museum,Rotterdam,https://nieuweinstituut.nl/projects/huis-sonneveld/beleef-huis-sonneveld,Beleef Huis Sonneveld,True,"VR, audio guide, tablet, virtual reality",True,people with disabilities,,True,True,True,True,False,False,False,False,False,False,False,False,False,False
915,Nieuwe Instituut,architecture museum; design museum,Rotterdam,https://nieuweinstituut.nl/projects/huis-sonneveld/familie-sonneveld,Familie Sonneveld,True,"VR, audio guide, tablet",True,people with disabilities,,True,False,False,False,False,False,False,False,False,False,False,False,False,False
916,Nieuwe Instituut,architecture museum; design museum,Rotterdam,https://nieuweinstituut.nl/en/events/thursday-night-detour-2026-juni-1,Thursday Night Detour: Focus on Architecture,True,tablet,True,people with disabilities,,True,True,False,False,False,False,False,False,False,False,False,False,False,False
917,Nieuwe Instituut,architecture museum; design museum,Rotterdam,https://nieuweinstituut.nl/projects/toekomstmakers,Bekijk ook,True,"VR, tablet",True,people with disabilities,6+ jaar,True,False,False,False,False,False,False,False,False,False,False,False,False,False
918,Nieuwe Instituut,architecture museum; design museum,Rotterdam,https://nieuweinstituut.nl/en/events/workshop-another-island,Dentro Di Nos Tempo: The Cape Verdian Time Capsule,True,tablet,True,people with disabilities,,True,True,False,False,False,False,False,False,False,False,False,False,False,False
919,Nieuwe Instituut,architecture museum; design museum,Rotterdam,https://nieuweinstituut.nl/en/projects/kinderen,"Future
Makers!",True,tablet,True,people with disabilities,4-12 years,False,True,False,False,False,False,False,False,False,False,False,False,False,False
920,Nieuwe Instituut,architecture museum; design museum,Rotterdam,https://nieuweinstituut.nl/projects/kinderen/activiteiten,Activiteiten,True,"VR, tablet",True,people with disabilities,,True,False,False,False,False,False,False,False,False,False,False,False,False,False
921,Nieuwe Instituut,architecture museum; design museum,Rotterdam,https://nieuweinstituut.nl/projects/kinderen/familiefest,FamilieFest,True,"VR, tablet",True,people with disabilities,,True,False,False,False,False,False,False,False,False,False,False,False,False,False
922,Noord-Veluws Museum,,Nunspeet,https://www.noord-veluws-museum.nl/educatie/,EDUCATIE,False,,True,"people with disabilities, wheelchair access",,True,True,True,True,True,True,False,True,True,True,True,True,True,True
923,Kasteel Doornenburg,castle,Lingewaard,https://www.kasteeldoornenburg.nl/scholen/,Met je hele klas naar Kasteel Doornenburg? | Kasteel Doornenburg,True,"VR, tablet",False,,,True,False,False,False,False,False,False,False,False,False,False,False,False,False
924,Kasteel Doornenburg,castle,Lingewaard,https://www.kasteeldoornenburg.nl/scholen/puzzelrondleiding-4-5/,Puzzelrondleiding 4-5 | Kasteel Doornenburg,True,"VR, tablet",False,,,True,False,False,False,False,False,False,False,False,False,False,False,False,False
925,Kasteel Doornenburg,castle,Lingewaard,https://www.kasteeldoornenburg.nl/scholen/ontdekkingsreis-groep-6-7/,Ontdekkingsreis groep 6-7 | Kasteel Doornenburg,True,"VR, tablet",False,,,True,False,False,False,False,False,False,False,False,False,False,False,False,False
926,Kasteel Doornenburg,castle,Lingewaard,https://www.kasteeldoornenburg.nl/scholen/ontdekkingsreis-groep-5-2/,Ontdekkingsreis groep 5 | Kasteel Doornenburg,True,"VR, tablet",False,,,True,False,False,False,False,False,False,False,False,False,False,False,False,False
927,Kasteel Doornenburg,castle,Lingewaard,https://www.kasteeldoornenburg.nl/scholen/puzzelrondleiding/,Puzzelrondleiding 3-4 | Kasteel Doornenburg,True,"VR, tablet",False,,,True,False,False,False,False,False,False,False,False,False,False,False,False,False
928,Kasteel Doornenburg,castle,Lingewaard,https://www.kasteeldoornenburg.nl/scholen/educatieve-rondleiding-4-8/,Educatieve rondleiding 4-8 | Kasteel Doornenburg,True,"VR, tablet",False,,,True,False,False,False,False,False,False,False,False,False,False,False,False,False
929,Kasteel Doornenburg,castle,Lingewaard,https://www.kasteeldoornenburg.nl/scholen/kleuterrondleiding/,Kleuterrondleiding groep 1-3 | Kasteel Doornenburg,True,"VR, tablet",False,,,True,False,False,False,False,False,False,False,False,False,False,False,False,False
930,Museum Sloten,,Sloten,http://www.museumsloten.nl/te-zien-te-doen/kinderen/scholen,Kom met je klas op bezoek,False,,True,wheelchair access,,True,False,False,False,False,False,False,False,False,False,False,False,False,False
931,Museum Sloten,,Sloten,http://www.museumsloten.nl/te-zien-te-doen/kinderen/speurtocht,Wick de muis in het stadhuis,False,,True,wheelchair access,,True,False,False,False,False,False,False,False,False,False,False,False,False,False
932,De Walvisch,Of a cylinder capacity exceeding 1000 cm3 but not exceeding 1000 cm3,Schiedam,https://www.deschiedamsemolens.nl/educatie/,Educatie,False,,False,,,True,False,False,False,False,False,False,False,False,False,False,False,False,False
933,Museum Prinsenhof Delft,,Delft,http://prinsenhof-delft.nl/onderwijs,Wil je op de hoogte blijven?,False,,True,"general accessibility, people with disabilities",,True,True,False,False,False,False,False,False,False,True,False,False,False,False
934,Joods Museum,,Amsterdam,https://jck.nl/route/route-met-kinderen,1 uur Joods Museum met kinderen (10+),True,app,True,"people with disabilities, wheelchair access",,True,False,False,False,False,False,False,False,False,False,False,False,False,False
935,Joods Museum,,Amsterdam,https://jck.nl/voor-families-en-kinderen,Voor families en kinderen,True,app,True,"people with disabilities, wheelchair access",10+ jaar; 6+ jaar,True,False,False,False,False,False,False,False,False,False,False,False,False,False
936,Joods Museum,,Amsterdam,https://jck.nl/route/route-met-jonge-kinderen,1 uur Joods Museum junior met jonge kinderen (6+),True,app,True,"people with disabilities, wheelchair access",,True,False,False,False,False,False,False,False,False,False,False,False,False,False
937,Joods Museum,,Amsterdam,https://jck.nl/agenda/hedy-dancona,Hedy d'Ancona en de vrouwenemancipatie: een strijd die nooit af is,True,app,True,"people with disabilities, wheelchair access",,True,False,False,False,False,False,False,False,False,False,False,False,False,False
938,Joods Museum,,Amsterdam,https://jck.nl/voor-scholen,Bezoek met school,True,app,True,"people with disabilities, wheelchair access",,True,False,False,False,False,False,False,False,False,False,False,False,False,False
939,Museum Catharijneconvent,,Utrecht,https://catharijneconvent.nl/kinderen-familie/,Kinderen & familie,False,,True,"general accessibility, people with disabilities, sensory-friendly, visual impairment support, wheelchair access",,True,False,False,False,False,False,False,False,False,False,False,False,False,False
940,Museum Catharijneconvent,,Utrecht,https://catharijneconvent.nl/voortgezet-onderwijs-nieuw/aanbod-havo-vwo/,Havo/vwo programma's,False,,True,"general accessibility, people with disabilities, sensory-friendly, visual impairment support, wheelchair access",,True,False,False,False,False,False,False,False,False,False,False,False,False,False
941,Museum Catharijneconvent,,Utrecht,https://catharijneconvent.nl/primair-onderwijs/feest-je-mee-speciaal-onderwijs/,Feest je mee? - Speciaal onderwijs,False,,True,"general accessibility, people with disabilities, sensory-friendly, visual impairment support, wheelchair access",,True,False,False,False,False,False,False,False,False,False,False,False,False,False
942,Museum Catharijneconvent,,Utrecht,https://catharijneconvent.nl/primair-onderwijs/,Primair onderwijs,False,,True,"general accessibility, people with disabilities, sensory-friendly, visual impairment support, wheelchair access",,True,False,False,False,False,False,False,False,False,False,False,False,False,False
943,Museum Catharijneconvent,,Utrecht,https://catharijneconvent.nl/voortgezet-onderwijs-nieuw/,Voortgezet onderwijs,False,,True,"general accessibility, people with disabilities, sensory-friendly, visual impairment support, wheelchair access",,True,False,False,False,False,False,False,False,False,False,False,False,False,False
944,Museum Catharijneconvent,,Utrecht,https://catharijneconvent.nl/toegankelijkheid/toegankelijkheid-speciale-programmas/,Toegankelijkheid: speciale programma's,False,,True,"general accessibility, people with disabilities, sensory-friendly, visual impairment support, wheelchair access",,True,False,False,False,False,False,False,False,False,False,False,False,False,False
945,Museum Catharijneconvent,,Utrecht,https://catharijneconvent.nl/voortgezet-onderwijs-nieuw/vmbo-aanbod/,VMBO programma's,True,"game, interactive",True,"general accessibility, people with disabilities, sensory-friendly, visual impairment support, wheelchair access",,True,False,False,False,False,False,False,False,False,False,False,False,False,False
946,Museum Catharijneconvent,,Utrecht,https://catharijneconvent.nl/voortgezet-onderwijs-nieuw/havo-vwo/cultuur-van-de-kerk/,Kathedralen vol verhalen,False,,True,"general accessibility, people with disabilities, sensory-friendly, visual impairment support, wheelchair access",,True,False,False,False,False,False,False,False,False,False,False,False,False,False
947,Museum Catharijneconvent,,Utrecht,https://catharijneconvent.nl/voortgezet-onderwijs-nieuw/havo-vwo/stadswandeling/,Stadswandelingen Middeleeuws Utrecht,False,,True,"general accessibility, people with disabilities, sensory-friendly, visual impairment support, wheelchair access",,True,False,False,False,False,False,False,False,False,False,False,False,False,False
948,Museum Catharijneconvent,,Utrecht,https://catharijneconvent.nl/voortgezet-onderwijs-nieuw/havo-vwo/workshop-miniaturen/,De mooiste miniaturen - schilder ze zelf!,False,,True,"general accessibility, people with disabilities, sensory-friendly, visual impairment support, wheelchair access",,True,False,False,False,False,False,False,False,False,False,False,False,False,False
949,Museum Catharijneconvent,,Utrecht,https://catharijneconvent.nl/voortgezet-onderwijs-nieuw/havo-vwo/influencers/,'Influencers' en hervormers,False,,True,"general accessibility, people with disabilities, sensory-friendly, visual impairment support, wheelchair access",,True,False,False,False,False,False,False,False,False,False,False,False,False,False
950,Museum Catharijneconvent,,Utrecht,https://catharijneconvent.nl/voortgezet-onderwijs-nieuw/havo-vwo/expeditie-middeleeuwen/,Op expeditie door de middeleeuwen,False,,True,"general accessibility, people with disabilities, sensory-friendly, visual impairment support, wheelchair access",,True,False,False,False,False,False,False,False,False,False,False,False,False,False
951,Museum Catharijneconvent,,Utrecht,https://catharijneconvent.nl/voortgezet-onderwijs-nieuw/havo-vwo/praktische-informatie/,Praktische informatie,False,,True,"general accessibility, people with disabilities, sensory-friendly, visual impairment support, wheelchair access",,True,False,False,False,False,False,False,False,False,False,False,False,False,False
952,Museum Catharijneconvent,,Utrecht,https://catharijneconvent.nl/primair-onderwijs/gezocht-mezelf/,Gezocht: mezelf!,False,,True,"general accessibility, people with disabilities, sensory-friendly, visual impairment support, wheelchair access",,True,False,False,False,False,False,False,False,False,False,False,False,False,False
953,Museum Catharijneconvent,,Utrecht,https://catharijneconvent.nl/primair-onderwijs/voorwaarden-feestjaarkaart/,Voorwaarden Feestjaarkaart,False,,True,"general accessibility, people with disabilities, sensory-friendly, visual impairment support, wheelchair access",,True,False,False,False,False,False,False,False,False,False,False,False,False,False
954,Museum Catharijneconvent,,Utrecht,https://catharijneconvent.nl/primair-onderwijs/op-visite-in-kunst/,Op visite in een kunstwerk,False,,True,"general accessibility, people with disabilities, sensory-friendly, visual impairment support, wheelchair access",,True,False,False,False,False,False,False,False,False,False,False,False,False,False
955,Museum Catharijneconvent,,Utrecht,https://catharijneconvent.nl/primair-onderwijs/daar-zit-muziek-in/,Daar zit muziek in!,False,,True,"general accessibility, people with disabilities, sensory-friendly, visual impairment support, wheelchair access",,True,False,False,False,False,False,False,False,False,False,False,False,False,False
956,Museum Catharijneconvent,,Utrecht,https://catharijneconvent.nl/primair-onderwijs/feest-bord/,Feest op je bord,False,,True,"general accessibility, people with disabilities, sensory-friendly, visual impairment support, wheelchair access",,True,False,False,False,False,False,False,False,False,False,False,False,False,False
957,Museum Catharijneconvent,,Utrecht,https://catharijneconvent.nl/primair-onderwijs/praktische-informatie/,Praktische informatie,False,,True,"general accessibility, people with disabilities, sensory-friendly, visual impairment support, wheelchair access",,True,False,False,False,False,False,False,False,False,False,False,False,False,False
958,Museum Catharijneconvent,,Utrecht,https://catharijneconvent.nl/primair-onderwijs/nog-%C3%A9%C3%A9n-nachtje-slapen-groep-1-en-2/,Nog één nachtje slapen!,False,,True,"general accessibility, people with disabilities, sensory-friendly, visual impairment support, wheelchair access",,True,False,False,False,False,False,False,False,False,False,False,False,False,False
959,Museum Catharijneconvent,,Utrecht,https://catharijneconvent.nl/primair-onderwijs/ik-en-mijn-familie/,Mijn familie & ik,False,,True,"general accessibility, people with disabilities, sensory-friendly, visual impairment support, wheelchair access",,True,False,False,False,False,False,False,False,False,False,False,False,False,False
960,Museum Catharijneconvent,,Utrecht,https://catharijneconvent.nl/primair-onderwijs/spiegeltje-spiegeltje/,"Spiegeltje, spiegeltje aan de wand",False,,True,"general accessibility, people with disabilities, sensory-friendly, visual impairment support, wheelchair access",,True,False,False,False,False,False,False,False,False,False,False,False,False,False
961,Museum Catharijneconvent,,Utrecht,https://catharijneconvent.nl/primair-onderwijs/waar-is-dat-feestje/,Waar is dat feestje?,False,,True,"general accessibility, people with disabilities, sensory-friendly, visual impairment support, wheelchair access",,True,False,False,False,False,False,False,False,False,False,False,False,False,False
962,Museum Catharijneconvent,,Utrecht,https://catharijneconvent.nl/primair-onderwijs/burgerschapsproject/,Burgerschaps-project 'Weet wat je zegt',False,,True,"general accessibility, people with disabilities, sensory-friendly, visual impairment support, wheelchair access",,True,False,False,False,False,False,False,False,False,False,False,False,False,False
963,Museum Catharijneconvent,,Utrecht,https://catharijneconvent.nl/voortgezet-onderwijs-nieuw/aanbod-vmbo/geheim-van-het-klooster/,Het geheim van het klooster - Escape game,True,game,True,"general accessibility, people with disabilities, sensory-friendly, visual impairment support, wheelchair access",,True,False,False,False,False,False,False,False,False,False,False,False,False,False
964,Museum Catharijneconvent,,Utrecht,https://catharijneconvent.nl/voortgezet-onderwijs-nieuw/vmbo-aanbod/oog-in-oog/,Oog in oog - Voorbij je eerste blik,False,,True,"general accessibility, people with disabilities, sensory-friendly, visual impairment support, wheelchair access",,True,False,False,False,False,False,False,False,False,False,False,False,False,False
965,Museum Catharijneconvent,,Utrecht,https://catharijneconvent.nl/voortgezet-onderwijs-nieuw/aanbod-vmbo/workshop-miniaturen-vmbo/,De mooiste miniaturen - schilder ze zelf!,False,,True,"general accessibility, people with disabilities, sensory-friendly, visual impairment support, wheelchair access",,True,False,False,False,False,False,False,False,False,False,False,False,False,False
966,Museum Catharijneconvent,,Utrecht,https://catharijneconvent.nl/voortgezet-onderwijs-nieuw/vmbo-aanbod/Voices-of-tolerance/,Voices of Tolerance,False,,True,"general accessibility, people with disabilities, sensory-friendly, visual impairment support, wheelchair access",,True,False,False,False,False,False,False,False,False,False,False,False,False,False
967,Museum Catharijneconvent,,Utrecht,https://catharijneconvent.nl/voortgezet-onderwijs-nieuw/aanbod-vmbo/de-waarde-van-kunst/,Onbetaalbaar? - De waarde(n) van kunst,False,,True,"general accessibility, people with disabilities, sensory-friendly, visual impairment support, wheelchair access",,True,False,False,False,False,False,False,False,False,False,False,False,False,False
968,Museum Catharijneconvent,,Utrecht,https://catharijneconvent.nl/voortgezet-onderwijs-nieuw/aanbod-vmbo/praktische-informatie/,Praktische informatie,False,,True,"general accessibility, people with disabilities, sensory-friendly, visual impairment support, wheelchair access",,True,False,False,False,False,False,False,False,False,False,False,False,False,False
969,Museum Catharijneconvent,,Utrecht,https://catharijneconvent.nl/voortgezet-onderwijs-nieuw/aanbod-vmbo/stadswandeling-vmbo/,Stadswandeling Middeleeuws Utrecht,False,,True,"general accessibility, people with disabilities, sensory-friendly, visual impairment support, wheelchair access",,True,False,False,False,False,False,False,False,False,False,False,False,False,False
970,Museum het Oude Raadhuis Urk,art museum,Urk,http://www.museumopurk.nl/bezoek-het-museum#educatie,Bezoek het museum,True,"VR, app, tablet",True,wheelchair access,0-5 jaar; 6-12 jaar,True,False,False,False,False,False,False,False,False,False,False,False,False,False
971,Haags Openbaar Vervoer Museum,complex of multiple objects; trammuseum,Den Haag,https://hovm.nl/museum/tourist-tram-den-haag/,Tourist Tram,True,audio guide,True,"people with disabilities, wheelchair access",,True,False,False,False,False,False,False,False,False,False,False,False,False,False
972,Museum Dokkum,,Dongeradeel,https://www.museumdokkum.nl/educatie/,Educatie,True,tablet,True,"people with disabilities, wheelchair access",,True,False,False,False,False,False,False,False,False,False,False,False,False,False
973,Toon Kortooms Park,park,Deurne,http://www.toonkortoomspark.nl/pages/peelbustour,Peelbustour,False,,True,wheelchair access,,True,False,False,False,False,False,False,False,False,False,False,False,False,False
974,Toon Kortooms Park,park,Deurne,http://www.toonkortoomspark.nl/pages/familiedag-91,Familiedag,False,,True,wheelchair access,,True,False,False,False,False,False,False,False,False,False,False,False,False,False
975,Toon Kortooms Park,park,Deurne,http://www.toonkortoomspark.nl/peelbustour,Peelbustour,False,,True,wheelchair access,,True,False,False,False,False,False,False,False,False,False,False,False,False,False
976,Toon Kortooms Park,park,Deurne,http://www.toonkortoomspark.nl/familiedag-91,Familiedag,False,,True,wheelchair access,,True,False,False,False,False,False,False,False,False,False,False,False,False,False
977,Internationaal Brandweermuseum Rijssen,,Rijssen,https://www.brandweermuseum.nl/events/educatie/,Scholen & Educatie,False,,False,,,True,False,False,False,False,False,False,False,False,False,False,False,False,False
978,Internationaal Brandweermuseum Rijssen,,Rijssen,https://www.brandweermuseum.nl/voertuigschildjes/,Voertuigschildjes,False,,False,,,True,False,False,False,False,False,False,False,False,False,False,False,False,False
979,Internationaal Brandweermuseum Rijssen,,Rijssen,https://www.brandweermuseum.nl/geen-categorie/dag-van-het-gezin-met-gratis-toegang-voor-kinderen-in-het-brandweermuseum/,Dag van het gezin met gratis toegang voor kinderen in het Brandweermuseum,False,,False,,,True,False,False,False,False,False,False,False,False,False,False,False,False,False
980,Internationaal Brandweermuseum Rijssen,,Rijssen,https://www.brandweermuseum.nl/brandweerschildjes/,Brandweerschildjes,False,,False,,,True,False,False,False,False,False,False,False,False,False,False,False,False,False
981,Slot Zuylen,complex of several objects; castle,Stichtse Vecht,http://www.slotzuylen.nl/tours-rondleidingen/,Rondleidingen,True,"VR, tablet",False,,,True,False,False,False,False,False,False,False,False,False,False,False,False,False
982,Medemblik steam museum,historical museum,Medemblik,https://stoommachinemuseum.nl/nsm-virtueel/,Virtuele tours en 360° video's,True,VR,True,wheelchair access,10-12 jaar,True,True,True,False,False,False,False,False,False,False,False,False,False,False
983,Medemblik steam museum,historical museum,Medemblik,https://stoommachinemuseum.nl/scholen/,Schoolbezoek,False,,True,wheelchair access,,True,True,True,False,False,False,False,False,False,False,False,False,False,False
984,Medemblik steam museum,historical museum,Medemblik,https://stoommachinemuseum.nl/zien-doen/voor-kinderen/,Leukste museum voor kinderen,False,,True,wheelchair access,,True,True,True,False,False,False,False,False,False,False,False,False,False,False
985,Medemblik steam museum,historical museum,Medemblik,https://stoommachinemuseum.nl/bezoek/tickets-en-prijzen/,Tickets en prijzen,False,,True,wheelchair access,5-12 jaar,True,True,True,False,False,False,False,False,False,False,False,False,False,False
986,Medemblik steam museum,historical museum,Medemblik,https://stoommachinemuseum.nl#museumdiploma,Het land van water en stoom,False,,True,wheelchair access,,True,True,True,False,False,False,False,False,False,False,False,False,False,False
987,Medemblik steam museum,historical museum,Medemblik,https://stoommachinemuseum.nl/zien-doen/onderwijs/,Burgers en stoommachines,False,,True,wheelchair access,,True,True,True,False,False,False,False,False,False,False,False,False,False,False
988,Medemblik steam museum,historical museum,Medemblik,https://stoommachinemuseum.nl/en/see-doo/children/,HAVE YOU ALREADY HAD A HEATING DIPLOMA?,False,,True,wheelchair access,,True,True,True,False,False,False,False,False,False,False,False,False,False,False
989,Stedelijk Museum Alkmaar,,Alkmaar,https://stedelijkmuseumalkmaar.nl/onderwijs/mbo-hbo-nt2/,MBO en HBO,True,VR,True,"people with disabilities, wheelchair access",,True,False,False,False,False,False,False,False,False,False,False,False,False,False
990,Stedelijk Museum Alkmaar,,Alkmaar,https://stedelijkmuseumalkmaar.nl/onderwijs/voortgezet-onderwijs/,Voortgezet onderwijs,True,VR,True,"people with disabilities, wheelchair access",,True,False,False,False,False,False,False,False,False,False,False,False,False,False
991,Stedelijk Museum Alkmaar,,Alkmaar,https://stedelijkmuseumalkmaar.nl/onderwijs/,Onderwijs,True,VR,True,"people with disabilities, wheelchair access",,True,False,False,False,False,False,False,False,False,False,False,False,False,False
992,Stedelijk Museum Alkmaar,,Alkmaar,https://stedelijkmuseumalkmaar.nl/onderwijs/primair-onderwijs/,Primair onderwijs,True,VR,True,"people with disabilities, wheelchair access",,True,False,False,False,False,False,False,False,False,False,False,False,False,False
993,Stedelijk Museum Alkmaar,,Alkmaar,https://stedelijkmuseumalkmaar.nl/tentoonstelling/de-bergense-school/,De Bergense School,True,VR,True,"people with disabilities, wheelchair access",,True,False,False,True,False,False,False,False,False,False,False,False,False,False
994,Stedelijk Museum Alkmaar,,Alkmaar,http://stedelijkmuseumalkmaar.nl/onderwijs/,Onderwijs,True,VR,True,"people with disabilities, wheelchair access",,True,False,False,False,False,False,False,False,False,False,False,False,False,False
995,Stedelijk Museum Alkmaar,,Alkmaar,https://stedelijkmuseumalkmaar.nl/en/education/mbo-hbo-nt2/,MBO and HBO,False,,True,"people with disabilities, wheelchair access",,False,True,False,False,False,False,False,False,False,False,False,False,False,False
996,Stedelijk Museum Alkmaar,,Alkmaar,https://stedelijkmuseumalkmaar.nl/onderwijs/mbo-hbo-nt2/voor-docenten-visible-thinking-in-de-klas/,Voor docenten: Visible Thinking in de klas,True,VR,True,"people with disabilities, wheelchair access",,True,False,False,False,False,False,False,False,False,False,False,False,False,False
997,Stedelijk Museum Alkmaar,,Alkmaar,https://stedelijkmuseumalkmaar.nl/onderwijs/voortgezet-onderwijs/voor-docenten-vo-visible-thinking-in-de-klas/,Voor docenten: Visible Thinking in de klas,True,VR,True,"people with disabilities, wheelchair access",,True,False,False,False,False,False,False,False,False,False,False,False,False,False
998,Stedelijk Museum Alkmaar,,Alkmaar,https://stedelijkmuseumalkmaar.nl/onderwijs/voortgezet-onderwijs/anders-kijken-vo-2/,Anders Kijken,True,VR,True,"people with disabilities, wheelchair access",,True,False,False,False,False,False,False,False,False,False,False,False,False,False
999,Stedelijk Museum Alkmaar,,Alkmaar,https://stedelijkmuseumalkmaar.nl/en/education/secondary-education/,Continuing Education,False,,True,"people with disabilities, wheelchair access",,False,True,False,False,False,False,False,False,False,False,False,False,False,False
1000,Stedelijk Museum Alkmaar,,Alkmaar,https://stedelijkmuseumalkmaar.nl/onderwijs/voortgezet-onderwijs/zelfstandig-bezoek/,Zelfstandig bezoek,True,VR,True,"people with disabilities, wheelchair access",,True,False,False,False,False,False,False,False,False,False,False,False,False,False
1001,Stedelijk Museum Alkmaar,,Alkmaar,https://stedelijkmuseumalkmaar.nl/onderwijs/scholen-nieuwsbrief/,Meld je aan voor de nieuwsbrief,False,,True,"people with disabilities, wheelchair access",,True,False,False,False,False,False,False,False,False,False,False,False,False,False
1002,Stedelijk Museum Alkmaar,,Alkmaar,https://stedelijkmuseumalkmaar.nl/en/education/,Education,True,interactive,True,"people with disabilities, wheelchair access",,False,True,False,False,False,False,False,False,False,False,False,False,False,False
1003,Stedelijk Museum Alkmaar,,Alkmaar,https://stedelijkmuseumalkmaar.nl/en/education/primary-education/,Primary education,False,,True,"people with disabilities, wheelchair access",,False,True,False,False,False,False,False,False,False,False,False,False,False,False
1004,Stedelijk Museum Alkmaar,,Alkmaar,https://stedelijkmuseumalkmaar.nl/onderwijs/primair-onderwijs/voor-docenten-visible-thinking-in-de-klas/,Voor docenten: Visible Thinking in de klas,True,VR,True,"people with disabilities, wheelchair access",,True,False,False,False,False,False,False,False,False,False,False,False,False,False
1005,Stedelijk Museum Alkmaar,,Alkmaar,https://stedelijkmuseumalkmaar.nl/onderwijs/primair-onderwijs/natte-voeten-andere-narigheid/,Groep 6-8: Natte Voeten & Andere Narigheid,True,VR,True,"people with disabilities, wheelchair access",,True,False,False,False,False,False,False,False,False,False,False,False,False,False
1006,Stedelijk Museum Alkmaar,,Alkmaar,https://stedelijkmuseumalkmaar.nl/onderwijs/primair-onderwijs/groep-1-3-help-het-doek-is-zoek/,Groep 1-3: Help! Het doek is zoek!,True,VR,True,"people with disabilities, wheelchair access",,True,False,False,False,False,False,False,False,False,False,False,False,False,False
1007,Stedelijk Museum Alkmaar,,Alkmaar,https://stedelijkmuseumalkmaar.nl/onderwijs/primair-onderwijs/zelfstandig-bezoek/,Zelfstandig bezoek,True,VR,True,"people with disabilities, wheelchair access",,True,False,False,False,False,False,False,False,False,False,False,False,False,False
1008,Stedelijk Museum Alkmaar,,Alkmaar,https://stedelijkmuseumalkmaar.nl/onderwijs/primair-onderwijs/groep-1-8-anders-kijken/,Groep 1-8: Anders Kijken,True,VR,True,"people with disabilities, wheelchair access",,True,False,False,False,False,False,False,False,False,False,False,False,False,False
1009,Stedelijk Museum Alkmaar,,Alkmaar,https://stedelijkmuseumalkmaar.nl/en/exhibition/the-mountain-school/,The Bergen School,False,,True,"people with disabilities, wheelchair access",,True,True,False,True,False,False,False,False,False,False,False,False,False,False
1010,Stedelijk Museum Alkmaar,,Alkmaar,https://stedelijkmuseumalkmaar.nl/Kring,Kring Bergense School,True,VR,True,"people with disabilities, wheelchair access",,True,False,False,False,False,False,False,False,False,False,False,False,False,False
1011,Stedelijk Museum Alkmaar,,Alkmaar,http://stedelijkmuseumalkmaar.nl/en/education/,Education,True,interactive,True,"people with disabilities, wheelchair access",,False,True,False,False,False,False,False,False,False,False,False,False,False,False
1012,Woonbootmuseum,houseboat,Amsterdam,https://www.houseboatmuseum.nl/#,Houseboat Museum Amsterdam - Experience the Boat House Lifestyle,True,"audio guide, interactive",True,people with disabilities,00+ years,True,True,True,True,True,True,False,False,False,True,False,False,True,False
1013,Vlasserij-Suikermuseum,,Klundert,http://www.vlasserij-suikermuseum.nl/Avans-Hoge-School-Project,Avans Hoge School Project,False,,True,"people with disabilities, wheelchair access",,True,False,False,False,False,False,False,False,False,False,False,False,False,False
1014,Hendrick Hamel Museum,,Gorinchem,https://hendrickhamelmuseum.nl/onderwijs/#voortgezet-onderwijs,Onderwijs,False,,True,"people with disabilities, wheelchair access",,True,True,True,True,True,True,False,True,True,True,True,True,True,True
1015,Hendrick Hamel Museum,,Gorinchem,https://hendrickhamelmuseum.nl/onderwijs/,Onderwijs,False,,True,"people with disabilities, wheelchair access",,True,True,True,True,True,True,False,True,True,True,True,True,True,True
1016,Hendrick Hamel Museum,,Gorinchem,https://hendrickhamelmuseum.nl/onderwijs/#primair-onderwijs,Onderwijs,False,,True,"people with disabilities, wheelchair access",,True,True,True,True,True,True,False,True,True,True,True,True,True,True
1017,Hendrick Hamel Museum,,Gorinchem,https://hendrickhamelmuseum.nl/onderwijs/#hbo-wo-stage,Onderwijs,False,,True,"people with disabilities, wheelchair access",,True,True,True,True,True,True,False,True,True,True,True,True,True,True
1018,IJstijdenmuseum,,Achtkarspelen,https://www.ijstijdenmuseum.nl/parkeren-en-route/,Parkeren en route - ijstijdenmuseum,False,,False,,,True,False,False,False,False,False,False,False,False,False,False,False,False,False
1019,IJstijdenmuseum,,Achtkarspelen,https://www.ijstijdenmuseum.nl/voor-de-jeugd/,Voor de jeugd - ijstijdenmuseum,False,,False,,,True,False,False,False,False,False,False,False,False,False,False,False,False,False
1020,Museum Weesp,,Amsterdam,http://www.museumweesp.nl/#,Home - Museum Weesp,False,,True,people with disabilities,,True,True,False,False,False,False,False,False,False,False,False,False,False,False
1021,Museum Joure,coffee museum,Joure,https://www.museumjoure.nl/meemaken/,Maken & Meemaken,True,"VR, app, tablet",True,"people with disabilities, sensory-friendly, wheelchair access",,True,False,False,False,False,False,False,False,False,False,False,False,False,False
1022,Museum Joure,coffee museum,Joure,https://www.museumjoure.nl/educatie/,Museum Joure is leuk én leerzaam,True,"VR, app, tablet",True,"people with disabilities, sensory-friendly, wheelchair access",,True,False,False,False,False,False,False,False,False,False,False,False,False,False
1023,Museum Joure,coffee museum,Joure,https://www.museumjoure.nl/museum-voor-kinderen/,Museum voor kinderen geschikt? Zeker!,True,"VR, app, tablet",True,"people with disabilities, sensory-friendly, wheelchair access",,True,False,False,False,False,False,False,False,False,False,False,False,False,False
1024,Museum Joure,coffee museum,Joure,https://www.museumjoure.nl/coole-kidsnacht/,Coole Kidsnacht,True,"VR, app, tablet",True,"people with disabilities, sensory-friendly, wheelchair access",,True,False,False,False,False,False,False,False,False,False,False,False,False,False
1025,Museum Joure,coffee museum,Joure,https://www.museumjoure.nl/en/museum-voor-kinderen/,Museum suitable for children? Definitely!,True,"VR, app, tablet",True,"people with disabilities, sensory-friendly, wheelchair access",,False,True,False,False,False,False,False,False,False,False,False,False,False,False
1026,Museum Joure,coffee museum,Joure,https://www.museumjoure.nl/de/museum-voor-kinderen/,Ist das Museum für Kinder geeignet? Auf jeden Fall!,True,"VR, app, tablet",True,"people with disabilities, sensory-friendly, wheelchair access",,False,False,True,False,False,False,False,False,False,False,False,False,False,False
1027,Museum Joure,coffee museum,Joure,https://www.museumjoure.nl/de/coole-kidsnacht/,Coole Kinder-Nacht,True,"VR, app, tablet",True,"people with disabilities, sensory-friendly, wheelchair access",,False,False,True,False,False,False,False,False,False,False,False,False,False,False
1028,Museum Joure,coffee museum,Joure,https://www.museumjoure.nl/en/coole-kidsnacht/,Cool Kids Night,True,"VR, app, tablet",True,"people with disabilities, sensory-friendly, wheelchair access",,False,True,False,False,False,False,False,False,False,False,False,False,False,False
1029,Oold Ark,,Ooststellingwerf,https://www.museumenmolenmakkinga.nl/index.php/museum/educatie,Educatie,False,,False,,,True,False,False,False,False,False,False,False,False,False,False,False,False,False
1030,Oold Ark,,Ooststellingwerf,https://www.museumenmolenmakkinga.nl/index.php/museum/educatie/veerkieker,Veerkieker,False,,False,,,True,False,False,False,False,False,False,False,False,False,False,False,False,False
1031,Haarlemmermeermuseum Historisch Museum,,Hoofddorp,http://www.haarlemmermeermuseum.nl/audiotour,Hoofdnavigatie,True,"app, audio guide, smartphone",True,"people with disabilities, wheelchair access",,True,False,False,False,False,False,False,False,False,False,False,False,False,False
1032,Sonnenborgh,astronomical observatory,Utrecht,https://www.sonnenborgh.nl/kinderen,Ver weg komt dichterbij,True,tablet,False,,,True,True,False,False,False,False,False,False,False,False,False,False,False,False
1033,Sonnenborgh,astronomical observatory,Utrecht,https://www.sonnenborgh.nl/onderwijs,Onderwijs - Sonnenborgh museum & sterrenwacht,False,,False,,,True,True,False,False,False,False,False,False,False,False,False,False,False,False
1034,Sonnenborgh,astronomical observatory,Utrecht,https://www.sonnenborgh.nl/primair-onderwijs,Primair onderwijs,False,,False,,,True,True,False,False,False,False,False,False,False,False,False,False,False,False
1035,Sonnenborgh,astronomical observatory,Utrecht,https://www.sonnenborgh.nl/hoger-onderwijs,Hoger onderwijs,False,,False,,,True,True,False,False,False,False,False,False,False,False,False,False,False,False
1036,Sonnenborgh,astronomical observatory,Utrecht,https://www.sonnenborgh.nl/bso,Speurtocht: voetzoekertjes,True,tablet,False,,,True,True,False,False,False,False,False,False,False,False,False,False,False,False
1037,Sonnenborgh,astronomical observatory,Utrecht,https://www.sonnenborgh.nl/voortgezet-onderwijs,Voortgezet onderwijs,False,,False,,,True,True,False,False,False,False,False,False,False,False,False,False,False,False
1038,Kasteel Huize Ruurlo,Fortress; estate; residential,Berkelland,https://www.museummore-kasteelruurlo.nl/basisonderwijs-en-bso/,Onze lessen voor basisonderwijs en BSO,False,,True,"people with disabilities, wheelchair access",,True,False,False,False,False,False,False,False,False,False,False,False,False,False
1039,Kasteel Huize Ruurlo,Fortress; estate; residential,Berkelland,https://www.museummore-kasteelruurlo.nl/more-voor-kinderen-en-families/,Speurtochten en kijkwijzers,False,,True,"people with disabilities, wheelchair access",,True,False,False,False,False,False,False,False,False,False,False,False,False,False
1040,Kasteel Huize Ruurlo,Fortress; estate; residential,Berkelland,https://www.museummore-kasteelruurlo.nl/voortgezet-onderwijs/,Onze lessen voor het VO,True,interactive,True,"people with disabilities, wheelchair access",16+ jaar,True,False,False,False,False,False,False,False,False,False,False,False,False,False
1041,Kasteel Huize Ruurlo,Fortress; estate; residential,Berkelland,https://www.museummore-kasteelruurlo.nl/familiedag/,Ontdek samen Kasteel Ruurlo,False,,True,"people with disabilities, wheelchair access",,True,False,False,False,False,False,False,False,False,False,False,False,False,False
1042,Kasteel Huize Ruurlo,Fortress; estate; residential,Berkelland,https://www.museummore-kasteelruurlo.nl/mbo-hbo-wo-en-volwassenenonderwijs/,Museumbezoek met rondleiding,True,interactive,True,"people with disabilities, wheelchair access",,True,False,False,False,False,False,False,False,False,False,False,False,False,False
1043,Kasteel Huize Ruurlo,Fortress; estate; residential,Berkelland,https://www.museummore-kasteelruurlo.nl/en/basisonderwijs-en-bso/,Basisonderwijs en BSO | Kasteel Ruurlo,False,,True,"people with disabilities, wheelchair access",,True,False,False,False,False,False,False,False,False,False,False,False,False,False
1044,Kasteel Huize Ruurlo,Fortress; estate; residential,Berkelland,https://www.museummore-kasteelruurlo.nl/nu-te-zien/,Nu te zien,False,,True,"people with disabilities, wheelchair access",,True,False,False,False,False,False,False,False,False,False,False,False,False,False
1045,Kasteel Huize Ruurlo,Fortress; estate; residential,Berkelland,https://www.museummore-kasteelruurlo.nl/#familierondleidingen,Nu te zien:,False,,True,"people with disabilities, wheelchair access",,True,False,False,False,False,False,False,False,False,False,False,False,False,False
1046,Kasteel Huize Ruurlo,Fortress; estate; residential,Berkelland,https://www.museummore-kasteelruurlo.nl/#vakantiesenfamiliedagen,Nu te zien:,False,,True,"people with disabilities, wheelchair access",,True,False,False,False,False,False,False,False,False,False,False,False,False,False
1047,Kasteel Huize Ruurlo,Fortress; estate; residential,Berkelland,https://www.museummore-kasteelruurlo.nl/en/more-voor-kinderen-en-families/,MORE voor kinderen en families,False,,True,"people with disabilities, wheelchair access",,True,False,False,False,False,False,False,False,False,False,False,False,False,False
1048,Kasteel Huize Ruurlo,Fortress; estate; residential,Berkelland,https://www.museummore-kasteelruurlo.nl/en/voortgezet-onderwijs/,Onze lessen voor het VO,True,interactive,True,"people with disabilities, wheelchair access",16+ jaar,True,False,False,False,False,False,False,False,False,False,False,False,False,False
1049,Kasteel Huize Ruurlo,Fortress; estate; residential,Berkelland,https://www.museummore-kasteelruurlo.nl/en/familiedag/,Ontdek samen Kasteel Ruurlo,False,,True,"people with disabilities, wheelchair access",,True,False,False,False,False,False,False,False,False,False,False,False,False,False
1050,Kasteel Huize Ruurlo,Fortress; estate; residential,Berkelland,https://www.museummore-kasteelruurlo.nl/en/mbo-hbo-wo-en-volwassenenonderwijs/,Museumbezoek met rondleiding,True,interactive,True,"people with disabilities, wheelchair access",,True,False,False,False,False,False,False,False,False,False,False,False,False,False
1051,Museum Jan Cunen,,Oss,https://www.museumjancunen.nl/voortgezet-onderwijs/,Voortgezet onderwijs,True,app,True,wheelchair access,,True,False,False,False,False,False,False,False,False,False,False,False,False,False
1052,Museum Jan Cunen,,Oss,https://www.museumjancunen.nl/agenda/kunstkijkworkshop-art-based-learning-5/,Kunstkijkworkshop Art Based Learning,False,,True,wheelchair access,,True,False,False,False,False,False,False,False,False,False,False,False,False,False
1053,Museum Jan Cunen,,Oss,https://www.museumjancunen.nl/agenda/kunstkijkworkshop-art-based-learning-6/,Kunstkijkworkshop Art Based Learning,False,,True,wheelchair access,,True,False,False,False,False,False,False,False,False,False,False,False,False,False
1054,Museum Jan Cunen,,Oss,https://www.museumjancunen.nl/primair-onderwijs/,Primair onderwijs,False,,True,wheelchair access,,True,False,False,False,False,False,False,False,False,False,False,False,False,False
1055,Museum Jan Cunen,,Oss,https://www.museumjancunen.nl/agenda/kunstkijkworkshop-art-based-learning-8/,Kunstkijkworkshop Art Based Learning,False,,True,wheelchair access,,True,False,False,False,False,False,False,False,False,False,False,False,False,False
1056,Museum Jan Cunen,,Oss,https://www.museumjancunen.nl/families-en-kinderen/,Families & kinderen,False,,True,wheelchair access,,True,False,False,False,False,False,False,False,False,False,False,False,False,False
1057,Museum Jan Cunen,,Oss,https://www.museumjancunen.nl/agenda/kunstkijkworkshop-art-based-learning-9/,Kunstkijkworkshop Art Based Learning,False,,True,wheelchair access,,True,False,False,False,False,False,False,False,False,False,False,False,False,False
1058,Museum Jan Cunen,,Oss,https://www.museumjancunen.nl/agenda/kunstkijkworkshop-art-based-learning-7/,Kunstkijkworkshop Art Based Learning,False,,True,wheelchair access,,True,False,False,False,False,False,False,False,False,False,False,False,False,False
1059,Museum Jan Cunen,,Oss,https://www.museumjancunen.nl/workshop-sjabloondruk-en-monotype/,Workshop sjabloondruk en monotype,False,,True,wheelchair access,,True,False,False,False,False,False,False,False,False,False,False,False,False,False
1060,Museum Jan Cunen,,Oss,http://www.museumjancunen.nl/#graffiti,Ontdek het mooiste museum van Oss,False,,True,wheelchair access,,True,True,False,False,False,False,False,False,False,False,False,False,False,False
1061,Museum Jan Cunen,,Oss,http://www.museumjancunen.nl/#sjabloondruk,Ontdek het mooiste museum van Oss,False,,True,wheelchair access,,True,True,False,False,False,False,False,False,False,False,False,False,False,False
1062,Museum Jan Cunen,,Oss,https://www.museumjancunen.nl/workshop-grafisch-vormgeven/,Workshop grafisch vormgeven,True,game,True,wheelchair access,,True,False,False,False,False,False,False,False,False,False,False,False,False,False
1063,Museum Jan Cunen,,Oss,http://www.museumjancunen.nl/#grafischvormgeven,Ontdek het mooiste museum van Oss,False,,True,wheelchair access,,True,True,False,False,False,False,False,False,False,False,False,False,False,False
1064,Museum Jan Cunen,,Oss,http://www.museumjancunen.nl/#museumtour,Ontdek het mooiste museum van Oss,False,,True,wheelchair access,,True,True,False,False,False,False,False,False,False,False,False,False,False,False
1065,Museum Jan Cunen,,Oss,http://www.museumjancunen.nl/#productfotografie,Ontdek het mooiste museum van Oss,False,,True,wheelchair access,,True,True,False,False,False,False,False,False,False,False,False,False,False,False
1066,Museum Jan Cunen,,Oss,http://www.museumjancunen.nl/#dans,Ontdek het mooiste museum van Oss,False,,True,wheelchair access,,True,True,False,False,False,False,False,False,False,False,False,False,False,False
1067,Museum Jan Cunen,,Oss,https://www.museumjancunen.nl/workshop-productfotografie/,Workshop productfotografie,False,,True,wheelchair access,,True,False,False,False,False,False,False,False,False,False,False,False,False,False
1068,Museum Jan Cunen,,Oss,https://www.museumjancunen.nl/workshop-dans/,Workshop dans,False,,True,wheelchair access,,True,False,False,False,False,False,False,False,False,False,False,False,False,False
1069,Museum Jan Cunen,,Oss,https://www.museumjancunen.nl/interactieve-museumtour/,Interactieve museumtour,False,,True,wheelchair access,,True,False,False,False,False,False,False,False,False,False,False,False,False,False
1070,Museum Jan Cunen,,Oss,http://www.museumjancunen.nl/#outside,Ontdek het mooiste museum van Oss,False,,True,wheelchair access,,True,True,False,False,False,False,False,False,False,False,False,False,False,False
1071,Museum Jan Cunen,,Oss,https://www.museumjancunen.nl/workshop-graffiti-stencil-art/,Workshop graffiti/stencil-art,False,,True,wheelchair access,,True,False,False,False,False,False,False,False,False,False,False,False,False,False
1072,Museum Jan Cunen,,Oss,https://www.museumjancunen.nl/interactieve-rondleiding/,Interactieve museumtour,True,interactive,True,wheelchair access,,True,False,False,False,False,False,False,False,False,False,False,False,False,False
1073,Museum Jan Cunen,,Oss,https://www.museumjancunen.nl/rondleiding-met-workshop/,Museumtour met workshop,False,,True,wheelchair access,,True,False,False,False,False,False,False,False,False,False,False,False,False,False
1074,Museum Jan Cunen,,Oss,http://www.museumjancunen.nl/#museumtourmetworkshop,Ontdek het mooiste museum van Oss,False,,True,wheelchair access,,True,True,False,False,False,False,False,False,False,False,False,False,False,False
1075,Museum Jan Cunen,,Oss,http://www.museumjancunen.nl/#interactievetour,Ontdek het mooiste museum van Oss,False,,True,wheelchair access,,True,True,False,False,False,False,False,False,False,False,False,False,False,False
1076,Ruurd Wiersma Museum,,Noardeast-Frysland,https://www.ruurdwiersma.nl/ontdek/audiotour/,Audiotour,True,audio guide,False,,,True,False,False,False,False,False,False,False,False,False,False,False,False,False
1077,Ruurd Wiersma Museum,,Noardeast-Frysland,https://www.ruurdwiersma.nl/ontdek/audiotour/fragment01/,Hoe het begon,True,audio guide,False,,,True,False,False,False,False,False,False,False,False,False,False,False,False,False
1078,Ruurd Wiersma Museum,,Noardeast-Frysland,https://www.ruurdwiersma.nl/ontdek/audiotour/fragment06/,Elfstedentocht,True,audio guide,False,,,True,False,False,False,False,False,False,False,False,False,False,False,False,False
1079,Ruurd Wiersma Museum,,Noardeast-Frysland,https://www.ruurdwiersma.nl/ontdek/audiotour/aow/,Aow…,True,audio guide,False,,,True,False,False,False,False,False,False,False,False,False,False,False,False,False
1080,Ruurd Wiersma Museum,,Noardeast-Frysland,https://www.ruurdwiersma.nl/ontdek/audiotour/fragment03/,Herfst,True,audio guide,False,,,True,False,False,False,False,False,False,False,False,False,False,False,False,False
1081,Ruurd Wiersma Museum,,Noardeast-Frysland,https://www.ruurdwiersma.nl/ontdek/audiotour/fragment07/,Hof van Eden,True,audio guide,False,,,True,False,False,False,False,False,False,False,False,False,False,False,False,False
1082,Ruurd Wiersma Museum,,Noardeast-Frysland,https://www.ruurdwiersma.nl/ontdek/audiotour/fragment02/,Ruurd zijn leven,True,audio guide,False,,,True,False,False,False,False,False,False,False,False,False,False,False,False,False
1083,Ruurd Wiersma Museum,,Noardeast-Frysland,https://www.ruurdwiersma.nl/ontdek/audiotour/fragment08/,Kruisiging,True,audio guide,False,,,True,False,False,False,False,False,False,False,False,False,False,False,False,False
1084,Ruurd Wiersma Museum,,Noardeast-Frysland,https://www.ruurdwiersma.nl/ontdek/audiotour/mieke-telkamp/,Mieke Telkamp,True,audio guide,False,,,True,False,False,False,False,False,False,False,False,False,False,False,False,False
1085,Ruurd Wiersma Museum,,Noardeast-Frysland,https://www.ruurdwiersma.nl/ontdek/audiotour/fragment05/,Schoenen,True,audio guide,False,,,True,False,False,False,False,False,False,False,False,False,False,False,False,False
1086,Ruurd Wiersma Museum,,Noardeast-Frysland,https://www.ruurdwiersma.nl/ontdek/audiotour/fragment04/,Sneeuw,True,audio guide,False,,,True,False,False,False,False,False,False,False,False,False,False,False,False,False
1087,TENT Rotterdam,art location; exhibition hall,Rotterdam,http://www.tentrotterdam.nl/educatie/,Educatie - TENT,True,"app, game",False,,,True,False,False,False,False,False,False,False,False,False,False,False,False,False
1088,TENT Rotterdam,art location; exhibition hall,Rotterdam,http://www.tentrotterdam.nl/educatie/programma/?_educatie=mbo,Educatie - TENT,True,app,False,,,True,False,False,False,False,False,False,False,False,False,False,False,False,False
1089,TENT Rotterdam,art location; exhibition hall,Rotterdam,http://www.tentrotterdam.nl/educatie/programma/?_educatie=hbo-wo,Educatie - TENT,True,app,False,,,True,False,False,False,False,False,False,False,False,False,False,False,False,False
1090,TENT Rotterdam,art location; exhibition hall,Rotterdam,http://www.tentrotterdam.nl/educatie/programma/?_educatie=voortgezet-onderwijs,Educatie - TENT,True,app,False,,,True,False,False,False,False,False,False,False,False,False,False,False,False,False
1091,TENT Rotterdam,art location; exhibition hall,Rotterdam,http://www.tentrotterdam.nl/educatie/programma/?_educatie=primair-onderwijs,Educatie - TENT,True,app,False,,,True,False,False,False,False,False,False,False,False,False,False,False,False,False
1092,Universiteitsmuseum,University Museum,Groningen,https://www.rug.nl/museum/whats-on/for-children/knutsel-en-experimentenzaal,Knutsel- en experimentenzaal,False,,True,wheelchair access,,True,True,False,False,False,False,False,False,False,False,False,False,False,False
1093,Universiteitsmuseum,University Museum,Groningen,https://www.rug.nl/museum/whats-on/for-children/,Voor kinderen,False,,True,wheelchair access,,True,True,False,False,False,False,False,False,False,False,False,False,False,False
1094,Universiteitsmuseum,University Museum,Groningen,https://www.rug.nl/museum/education/vo-en-ho-aanbod,Aanbod voor Voortgezet en Hoger onderwijs,False,,True,wheelchair access,,True,True,False,False,False,False,False,False,False,False,False,False,False,False
1095,Universiteitsmuseum,University Museum,Groningen,https://www.rug.nl/museum/education/basisonderwijs-aanbod,Aanbod voor Basisonderwijs,False,,True,wheelchair access,,True,True,False,False,False,False,False,False,False,False,False,False,False,False
1096,Universiteitsmuseum,University Museum,Groningen,https://www.rug.nl/museum/whats-on/for-children/verjaardagsfeestje-kinderfeestje/kinderfeestje,Kinderfeestje,False,,True,wheelchair access,,True,True,False,False,False,False,False,False,False,False,False,False,False,False
1097,Universiteitsmuseum,University Museum,Groningen,https://www.rug.nl/museum/whats-on/activities,Activiteitenagenda,False,,True,wheelchair access,,True,True,False,False,False,False,False,False,False,False,False,False,False,False
1098,Universiteitsmuseum,University Museum,Groningen,https://www.rug.nl/museum/whats-on/for-children/workshops-in-het-lab,Workshops in het lab,False,,True,wheelchair access,,True,True,False,False,False,False,False,False,False,False,False,False,False,False
1099,Universiteitsmuseum,University Museum,Groningen,https://www.rug.nl/museum/education/praktische-informatie-boekingen-onderwijs,Praktische informatie & boekingen,False,,True,wheelchair access,,True,True,False,False,False,False,False,False,False,False,False,False,False,False
1100,Universiteitsmuseum,University Museum,Groningen,https://www.rug.nl/museum/whats-on/for-children/speurtochten-voor-kinderen/speurtochten-voor-kinderen,Speuren en puzzelen,False,,True,wheelchair access,,True,True,False,False,False,False,False,False,False,False,False,False,False,False
1101,Universiteitsmuseum,University Museum,Groningen,https://www.rug.nl/museum/whats-on/guided-tours,Rondleidingen,False,,True,wheelchair access,,True,True,False,False,False,False,False,False,False,False,False,False,False,False
1102,Universiteitsmuseum,University Museum,Groningen,https://www.rug.nl/museum/exhibitions/permanent/mural-of-j-c-kapteyn,Muurschildering J. C. Kapteyn,False,,True,wheelchair access,,True,True,False,False,False,False,False,False,False,False,False,False,False,False
1103,Universiteitsmuseum,University Museum,Groningen,https://www.rug.nl/museum/education/,Onderwijs,False,,True,wheelchair access,,True,True,False,False,False,False,False,False,False,False,False,False,False,False
1104,Universiteitsmuseum,University Museum,Groningen,https://www.rug.nl/museum/education/anatomische-les,De anatomische les,False,,True,wheelchair access,,True,True,False,False,False,False,False,False,False,False,False,False,False,False
1105,Universiteitsmuseum,University Museum,Groningen,https://www.rug.nl/museum/education/rondje-rug,Museumles: Rondje RUG in de binnenstad,False,,True,wheelchair access,,True,True,False,False,False,False,False,False,False,False,False,False,False,False
1106,Universiteitsmuseum,University Museum,Groningen,https://www.rug.nl/museum/education/museumles-masterminds,Museumles 'Masterminds',False,,True,wheelchair access,,True,True,False,False,False,False,False,False,False,False,False,False,False,False
1107,Universiteitsmuseum,University Museum,Groningen,https://www.rug.nl/museum/education/menselijk-lichaam,Museumles Menselijk lichaam,False,,True,wheelchair access,,True,True,False,False,False,False,False,False,False,False,False,False,False,False
1108,Universiteitsmuseum,University Museum,Groningen,https://www.rug.nl/museum/education/proefjeslab-workshop-tandpasta-maken,Proefjeslab: Workshop tandpasta maken,False,,True,wheelchair access,,True,True,False,False,False,False,False,False,False,False,False,False,False,False
1109,Universiteitsmuseum,University Museum,Groningen,https://www.rug.nl/museum/education/proefjeslab-workshop-badzout-maken,Proefjeslab: Workshop badzout maken,False,,True,wheelchair access,,True,True,False,False,False,False,False,False,False,False,False,False,False,False
1110,Universiteitsmuseum,University Museum,Groningen,https://www.rug.nl/museum/education/proefjeslab-experimenten,Proefjeslab: Experimenten,False,,True,wheelchair access,,True,True,False,False,False,False,False,False,False,False,False,False,False,False
1111,Universiteitsmuseum,University Museum,Groningen,https://www.rug.nl/museum/whats-on/for-children/verjaardagsfeestje-kinderfeestje/praktische-informatie-kinderfeestje,Praktische informatie Kinderfeestje,False,,True,wheelchair access,,True,True,False,False,False,False,False,False,False,False,False,False,False,False
1112,"Ottoburch, museum Rijswijk",courtyard,Rijswijk,http://www.museumrijswijk.nl/tentoonstelling-workshop-midzomer-dromen-360,Verwacht,False,,False,,,False,False,False,False,False,False,False,False,False,False,False,False,False,False
1113,"Ottoburch, museum Rijswijk",courtyard,Rijswijk,http://www.museumrijswijk.nl/tentoonstelling-papier-biennale-2026-familielijnen-354,Verwacht,False,,False,,,False,False,False,False,False,False,False,False,False,False,False,False,False,False
1114,"Ottoburch, museum Rijswijk",courtyard,Rijswijk,http://www.museumrijswijk.nl/tentoonstelling-workshop-patronen-weven-met-papier-361,Verwacht,False,,False,,,False,False,False,False,False,False,False,False,False,False,False,False,False,False
1115,"Ottoburch, museum Rijswijk",courtyard,Rijswijk,http://www.museumrijswijk.nl/tentoonstelling-workshops-batik-op-papier-358,Verwacht,False,,False,,,False,False,False,False,False,False,False,False,False,False,False,False,False,False
1116,"Ottoburch, museum Rijswijk",courtyard,Rijswijk,http://www.museumrijswijk.nl/tentoonstelling-workshop-schaal-van-papier-359,Verwacht,False,,False,,,False,False,False,False,False,False,False,False,False,False,False,False,False,False
1117,Streekmuseum Reeuwijk,Farmhouse,Bodegraven-Reeuwijk,https://www.streekmuseumreeuwijk.nl/genealogie/familieberichten-en-bidprentjes/,Snuffelen in krantenknipsels en familieberichten,False,,False,,,True,True,True,False,False,False,False,False,False,False,False,False,False,False
