activity_id,museum_name,museum_category,city,activity_url,activity_title,target_group,has_digital_experience,digital_experience_description,special_needs_accessible,accessibility_description,target_age,lang_nl,lang_en,lang_de,lang_fr,lang_es,lang_it,lang_pap,lang_ru,lang_ja,lang_zh,lang_uk,lang_ar,lang_pt,lang_ko,lang_he
1,Rembrandthuis,art museum; museum house,Amsterdam,https://www.rembrandthuis.nl/nl/plan-je-bezoek/bezoekersinformatie/families-kinderen/,Adventure with Kwast,family,TRUE,multimedia tour,TRUE,general accessibility,6+ years,TRUE,TRUE,TRUE,TRUE,TRUE,TRUE,FALSE,FALSE,FALSE,FALSE,FALSE,FALSE,FALSE,FALSE,FALSE
2,Rembrandthuis,art museum; museum house,Amsterdam,https://www.rembrandthuis.nl/en/plan-your-visit/visitor-information/families-with-children/,How did Rembrandt make his paint and etchings?,family,TRUE,multimedia tour,TRUE,general accessibility,,TRUE,FALSE,FALSE,FALSE,FALSE,FALSE,FALSE,FALSE,FALSE,FALSE,FALSE,FALSE,FALSE,FALSE,FALSE
3,Rembrandthuis,art museum; museum house,Amsterdam,https://wandelenmetrembrandt.nl/en,City walk with Rembrandt,family,TRUE,app; interactive map,TRUE,general accessibility,,TRUE,TRUE,FALSE,FALSE,FALSE,FALSE,FALSE,FALSE,FALSE,FALSE,FALSE,FALSE,FALSE,FALSE,FALSE
4,Rembrandthuis,art museum; museum house,Amsterdam,https://www.rembrandthuis.nl/nl/plan-je-bezoek/onderwijs/basis-onderwijs/,Basisonderwijs tour,school,FALSE,,FALSE,,5+ years,TRUE,FALSE,FALSE,FALSE,FALSE,FALSE,FALSE,FALSE,FALSE,FALSE,FALSE,FALSE,FALSE,FALSE,FALSE
5,Rembrandthuis,art museum; museum house,Amsterdam,https://www.rembrandthuis.nl/nl/plan-je-bezoek/onderwijs/voortgezet-onderwijs/,Voortgezet tour,school,FALSE,,FALSE,,12+ years,TRUE,FALSE,FALSE,FALSE,FALSE,FALSE,FALSE,FALSE,FALSE,FALSE,FALSE,FALSE,FALSE,FALSE,FALSE
6,Rembrandthuis,art museum; museum house,Amsterdam,https://www.rembrandthuis.nl/nl/plan-je-bezoek/onderwijs/mbo/,MBO tour,school,TRUE,online tour,FALSE,,16+ years,TRUE,FALSE,FALSE,FALSE,FALSE,FALSE,FALSE,FALSE,FALSE,FALSE,FALSE,FALSE,FALSE,FALSE,FALSE
7,Rembrandthuis,art museum; museum house,Amsterdam,https://www.rembrandthuis.nl/nl/plan-je-bezoek/onderwijs/speciaal-basisonderwijs/,Speciaal basisonderwijs tour,school,FALSE,,TRUE,general accessibility,5+ years,TRUE,FALSE,FALSE,FALSE,FALSE,FALSE,FALSE,FALSE,FALSE,FALSE,FALSE,FALSE,FALSE,FALSE,FALSE
8,Rembrandthuis,art museum; museum house,Amsterdam,https://www.rembrandthuis.nl/nl/plan-je-bezoek/onderwijs/voortgezet-speciaal-onderwijs/,Voortgezet speciaal onderwijs tour,school,FALSE,,TRUE,general accessibility,12+ years,TRUE,FALSE,FALSE,FALSE,FALSE,FALSE,FALSE,FALSE,FALSE,FALSE,FALSE,FALSE,FALSE,FALSE,FALSE
9,Drents Museum,art museum; historical museum,Assen,https://drentsmuseum.nl/activiteiten/archeologie-doedagen,Archeaologie Doedagen,family,TRUE,multimedia tour,TRUE,wheelchair access,,TRUE,FALSE,FALSE,FALSE,FALSE,FALSE,FALSE,FALSE,FALSE,FALSE,FALSE,FALSE,FALSE,FALSE,FALSE
10,Drents Museum,art museum; historical museum,Assen,https://drentsmuseum.nl/tentoonstellingen/labyrinthia,Labyrinthia,family,TRUE,multimedia tour; tablet,TRUE," visual impairment support, wheelchair access",3+ years,TRUE,TRUE,FALSE,FALSE,FALSE,FALSE,FALSE,FALSE,FALSE,FALSE,FALSE,FALSE,FALSE,FALSE,FALSE
11,Drents Museum,art museum; historical museum,Assen,https://drentsmuseum.nl/plan-je-bezoek/toegankelijk-bezoek/prikkelarm-museum-bezoek,Prikkelarm museum bezoek,family,TRUE,multimedia tour; video,TRUE,"sensory-friendly, low stimulus",,TRUE,FALSE,FALSE,FALSE,FALSE,FALSE,FALSE,FALSE,FALSE,FALSE,FALSE,FALSE,FALSE,FALSE,FALSE
12,Drents Museum,art museum; historical museum,Assen,https://drentsmuseum.nl/activiteiten/kunst-doedagen,Kunst Doedagen,family,FALSE,,TRUE,wheelchair access,,TRUE,FALSE,FALSE,FALSE,FALSE,FALSE,FALSE,FALSE,FALSE,FALSE,FALSE,FALSE,FALSE,FALSE,FALSE
13,Drents Museum,art museum; historical museum,Assen,https://drentsmuseum.nl/plan-je-bezoek/toegankelijk-bezoek/musea-in-gebaren,Musea in Gebaren (NGT tour),family,FALSE, ,TRUE,sign language tour,,TRUE,FALSE,FALSE,FALSE,FALSE,FALSE,FALSE,FALSE,FALSE,FALSE,FALSE,FALSE,FALSE,FALSE,FALSE
14,Drents Museum,art museum; historical museum,Assen,https://drentsmuseum.nl/onderwijs/aanbod/mysterie-in-het-veen,Mysterie in het veen,school,TRUE,online role playing game,FALSE,,10-12 years,TRUE,FALSE,FALSE,FALSE,FALSE,FALSE,FALSE,FALSE,FALSE,FALSE,FALSE,FALSE,FALSE,FALSE,FALSE
15,Drents Museum,art museum; historical museum,Assen,https://drentsmuseum.nl/onderwijs/aanbod/het-grootste-poppenhuis-van-nederland,Een historische ontmoeting - Beleef de 18e eeuw,school,FALSE,,TRUE,general accessibility; wheelchair access,8-12 years,TRUE,FALSE,FALSE,FALSE,FALSE,FALSE,FALSE,FALSE,FALSE,FALSE,FALSE,FALSE,FALSE,FALSE,FALSE
16,Drents Museum,art museum; historical museum,Assen,https://drentsmuseum.nl/onderwijs/aanbod/ook-een-stoel-vertelt-een-boel,Ook een stoel vertelt een boel,school,FALSE,,TRUE,general accessibility; wheelchair access,6-8 years,TRUE,FALSE,FALSE,FALSE,FALSE,FALSE,FALSE,FALSE,FALSE,FALSE,FALSE,FALSE,FALSE,FALSE,FALSE
17,Drents Museum,art museum; historical museum,Assen,https://drentsmuseum.nl/onderwijs/aanbod/een-koffer-vol-spullen,Een kofer vol spullen,school,FALSE,,TRUE,general accessibility; wheelchair access,5-8 years,TRUE,FALSE,FALSE,FALSE,FALSE,FALSE,FALSE,FALSE,FALSE,FALSE,FALSE,FALSE,FALSE,FALSE,FALSE
18,Drents Museum,art museum; historical museum,Assen,https://drentsmuseum.nl/onderwijs/aanbod/po-online-workshop-stillevens-vind-je-overal,Online Workshop Stillevens Vind Je Overal,school,TRUE,online tour,TRUE,general accessibility; wheelchair access,10-12 years,TRUE,FALSE,FALSE,FALSE,FALSE,FALSE,FALSE,FALSE,FALSE,FALSE,FALSE,FALSE,FALSE,FALSE,FALSE
19,Drents Museum,art museum; historical museum,Assen,https://drentsmuseum.nl/onderwijs/aanbod/online-ontdekkingstocht-rondsnuffelen-in-de-18de-eeuw,Online Ontdekkingstocht Rondsnuffelen In De 18de Eeuw,school,TRUE,online tour,FALSE,,8-12 years,TRUE,FALSE,FALSE,FALSE,FALSE,FALSE,FALSE,FALSE,FALSE,FALSE,FALSE,FALSE,FALSE,FALSE,FALSE
20,Moco Museum,art museum building,Amsterdam,https://www.mocomuseum.com/schools-and-students/,School tours,school,TRUE,audio guide,FALSE,,,TRUE,TRUE,FALSE,FALSE,FALSE,FALSE,FALSE,FALSE,FALSE,FALSE,FALSE,FALSE,FALSE,FALSE,FALSE
21,SieboldHuis,museum house ,Leiden,https://www.sieboldhuis.org/activiteiten/kumihimo/,Kumihimo Workshop,family,FALSE,,TRUE,"general accessibility, wheelchair access",8+ years,TRUE,FALSE,FALSE,FALSE,FALSE,FALSE,FALSE,FALSE,FALSE,FALSE,FALSE,FALSE,FALSE,FALSE,FALSE
22,SieboldHuis,museum house ,Leiden,https://www.sieboldhuis.org/activiteiten/kinderspeurtocht,Kinderspeurtocht,family,FALSE,,TRUE,"general accessibility, wheelchair access",6-12 years,TRUE,FALSE,FALSE,FALSE,FALSE,FALSE,FALSE,FALSE,FALSE,FALSE,FALSE,FALSE,FALSE,FALSE,FALSE
23,SieboldHuis,museum house ,Leiden,https://www.sieboldhuis.org/activiteiten/audiotour-2/,Audiotour,family,TRUE,audio guide,TRUE,"general accessibility, wheelchair access",,TRUE,FALSE,FALSE,FALSE,FALSE,FALSE,FALSE,FALSE,FALSE,FALSE,FALSE,FALSE,FALSE,FALSE,FALSE
24,Marinemuseum,maritime museum,Den Helder,https://www.marinemuseum.nl/nl/junior-zee-ingenieurs/,Junior Zee-Ingenieurs,school,FALSE,,FALSE,,8-12 years,TRUE,FALSE,FALSE,FALSE,FALSE,FALSE,FALSE,FALSE,FALSE,FALSE,FALSE,FALSE,FALSE,FALSE,FALSE
25,Marinemuseum,maritime museum,Den Helder,https://www.marinemuseum.nl/nl/voortgezet-onderwijs/koude-oorlog/,Programma Koude Oorlog,school,TRUE,interactive multimedia,TRUE,wheelchair access,,TRUE,FALSE,FALSE,FALSE,FALSE,FALSE,FALSE,FALSE,FALSE,FALSE,FALSE,FALSE,FALSE,FALSE,FALSE
26,Marinemuseum,maritime museum,Den Helder,https://www.marinemuseum.nl/nl/voortgezet-onderwijs/anti-piraterij/,Lesprogramma Kaping in de klas,school,FALSE,,TRUE,wheelchair access,12+ years,TRUE,FALSE,FALSE,FALSE,FALSE,FALSE,FALSE,FALSE,FALSE,FALSE,FALSE,FALSE,FALSE,FALSE,FALSE
27,Marinemuseum,maritime museum,Den Helder,https://www.marinemuseum.nl/nl/basisonderwijs/seinen-op-zee/,Seinen op Zee,school,FALSE,,FALSE,,6+ years,TRUE,TRUE,FALSE,FALSE,FALSE,FALSE,FALSE,FALSE,FALSE,FALSE,FALSE,FALSE,FALSE,FALSE,FALSE
28,Marinemuseum,maritime museum,Den Helder,https://www.marinemuseum.nl/nl/basisonderwijs/kunst-en-de-marine/,Kunst en de Marine,school,FALSE,,TRUE,wheelchair access,8+ years,TRUE,FALSE,FALSE,FALSE,FALSE,FALSE,FALSE,FALSE,FALSE,FALSE,FALSE,FALSE,FALSE,FALSE,FALSE
29,Marinemuseum,maritime museum,Den Helder,https://www.marinemuseum.nl/nl/basisonderwijs/tweede-wereldoorlog/,Tweede Wereldoorlog,school,FALSE,,TRUE,wheelchair access,12+ years,TRUE,FALSE,FALSE,FALSE,FALSE,FALSE,FALSE,FALSE,FALSE,FALSE,FALSE,FALSE,FALSE,FALSE,FALSE
30,Marinemuseum,maritime museum,Den Helder,https://www.marinemuseum.nl/nl/basisonderwijs/haven/,Haven,school,FALSE,,TRUE,general accessibility,,TRUE,FALSE,FALSE,FALSE,FALSE,FALSE,FALSE,FALSE,FALSE,FALSE,FALSE,FALSE,FALSE,FALSE,FALSE
31,Marinemuseum,maritime museum,Den Helder,https://www.marinemuseum.nl/nl/basisonderwijs/bso/,Buitenschoolse Opvang,school,FALSE,,TRUE,general accessibility,4-12 years,TRUE,FALSE,FALSE,FALSE,FALSE,FALSE,FALSE,FALSE,FALSE,FALSE,FALSE,FALSE,FALSE,FALSE,FALSE
32,Het Scheepvaartmuseum,maritime museum,Amsterdam,https://www.hetscheepvaartmuseum.nl/doen/tentoonstellingen/verhaal-van-de-walvis,Het verhaal van de Walvis,school,TRUE,multimedia tour,TRUE,"general accessibility, hearing impairment support, people with disabilities, wheelchair access",6+ years,TRUE,TRUE,FALSE,FALSE,FALSE,FALSE,FALSE,FALSE,FALSE,FALSE,FALSE,FALSE,FALSE,FALSE,FALSE
33,Het Scheepvaartmuseum,maritime museum,Amsterdam,https://www.hetscheepvaartmuseum.nl/doen/tentoonstellingen/duiker-doris,Duiker Doris,school,FALSE,,TRUE,"general accessibility, hearing impairment support, people with disabilities, wheelchair access",2+ years,TRUE,TRUE,FALSE,FALSE,FALSE,FALSE,FALSE,FALSE,FALSE,FALSE,FALSE,FALSE,FALSE,FALSE,FALSE
34,Het Scheepvaartmuseum,maritime museum,Amsterdam,https://www.hetscheepvaartmuseum.nl/doen/families-en-kinderen/junior-audiotour,Junior audiotour,family,TRUE,audio guide,TRUE,"general accessibility, hearing impairment support, people with disabilities, wheelchair access",,TRUE,FALSE,FALSE,FALSE,FALSE,FALSE,FALSE,FALSE,FALSE,FALSE,FALSE,FALSE,FALSE,FALSE,FALSE
35,Het Scheepvaartmuseum,maritime museum,Amsterdam,https://www.hetscheepvaartmuseum.nl/over-ons/nieuwsbrief,VOC-schip Amsterdam,family,TRUE,multimedia tour; video,TRUE,"general accessibility, hearing impairment support, people with disabilities, wheelchair access",,TRUE,FALSE,FALSE,FALSE,FALSE,FALSE,FALSE,FALSE,FALSE,FALSE,FALSE,FALSE,FALSE,FALSE,FALSE
36,Het Scheepvaartmuseum,maritime museum,Amsterdam,https://www.hetscheepvaartmuseum.nl/bezoek/onderwijs/bo/alles-komt-boven-water-onderwijsprogramma,Alles komt boven water,school,FALSE,,TRUE,"general accessibility, hearing impairment support, people with disabilities, wheelchair access",11-14 years,TRUE,FALSE,FALSE,FALSE,FALSE,FALSE,FALSE,FALSE,FALSE,FALSE,FALSE,FALSE,FALSE,FALSE,FALSE
37,Het Scheepvaartmuseum,maritime museum,Amsterdam,https://www.hetscheepvaartmuseum.nl/bezoek/onderwijs/onderwijsprogramma-schaduwen-op-de-atlantische-oceaan,Schauwden op de Atlantische Oceaan,school,TRUE,video,TRUE,"general accessibility, hearing impairment support, people with disabilities, wheelchair access",11-14 years,TRUE,FALSE,FALSE,FALSE,FALSE,FALSE,FALSE,FALSE,FALSE,FALSE,FALSE,FALSE,FALSE,FALSE,FALSE
38,Het Scheepvaartmuseum,maritime museum,Amsterdam,https://www.hetscheepvaartmuseum.nl/bezoek/onderwijs/bo/op-zee,Op Zee,school,TRUE,music,TRUE,"general accessibility, hearing impairment support, people with disabilities, wheelchair access",6-9 years,TRUE,FALSE,FALSE,FALSE,FALSE,FALSE,FALSE,FALSE,FALSE,FALSE,FALSE,FALSE,FALSE,FALSE,FALSE
40,Het Scheepvaartmuseum,maritime museum,Amsterdam,https://www.hetscheepvaartmuseum.nl/bezoek/onderwijs/boot-kamp,Bootkamp,school,FALSE,,TRUE,"general accessibility, hearing impairment support, people with disabilities, wheelchair access",12+ years,TRUE,FALSE,FALSE,FALSE,FALSE,FALSE,FALSE,FALSE,FALSE,FALSE,FALSE,FALSE,FALSE,FALSE,FALSE
41,Het Scheepvaartmuseum,maritime museum,Amsterdam,https://www.hetscheepvaartmuseum.nl/bezoek/onderwijs/eindexamenrondleiding,Examen Rondeling,school,TRUE,multimedia tour,TRUE,"general accessibility, hearing impairment support, people with disabilities, wheelchair access",10+ years,TRUE,TRUE,FALSE,FALSE,FALSE,FALSE,FALSE,FALSE,FALSE,FALSE,FALSE,FALSE,FALSE,FALSE,FALSE
42,Het Scheepvaartmuseum,maritime museum,Amsterdam,https://www.hetscheepvaartmuseum.nl/bezoek/onderwijs/vo/onderwijsprogramma-oceanista,Oceanista,school,FALSE,,TRUE,"general accessibility, hearing impairment support, people with disabilities, wheelchair access",12+ years,TRUE,TRUE,FALSE,FALSE,FALSE,FALSE,FALSE,FALSE,FALSE,FALSE,FALSE,FALSE,FALSE,FALSE,FALSE
43,Het Scheepvaartmuseum,maritime museum,Amsterdam,https://www.hetscheepvaartmuseum.nl/bezoek/onderwijs/vo,Voortgezet,school,FALSE,,TRUE,"general accessibility, hearing impairment support, people with disabilities, wheelchair access",,TRUE,TRUE,FALSE,FALSE,FALSE,FALSE,FALSE,FALSE,FALSE,FALSE,FALSE,FALSE,FALSE,FALSE,FALSE
44,Museum Valkenburg,regional museum,Valkenburg aan de Geul,https://www.museumvalkenburg.nl/agenda/speciaal-voor-kinderen-ga-mee-op-pad-met-de-archeoloog-op-zoek-naar-sporen-van-het-verleden/,Ga mee op pad met de archeoloog op zoek naar sporen van het verleden,family,FALSE,,TRUE, wheelchair access,,TRUE,FALSE,FALSE,FALSE,FALSE,FALSE,FALSE,FALSE,FALSE,FALSE,FALSE,FALSE,FALSE,FALSE,FALSE
45,ANNO,regional museum,Zwolle,https://anno.nl/kinderen-in-het-museum/,ANNO Voor Kinderen,family,TRUE,multimedia tour,TRUE,people with disabilities,,TRUE,FALSE,FALSE,FALSE,FALSE,FALSE,FALSE,FALSE,FALSE,FALSE,FALSE,FALSE,FALSE,FALSE,FALSE
46,ANNO,regional museum,Zwolle,https://anno.nl/lesprogramma-storm-in-de-kerk/,Lesprogramma Storm in de Kerk,school,FALSE,,TRUE,people with disabilities,12-14 years,TRUE,FALSE,FALSE,FALSE,FALSE,FALSE,FALSE,FALSE,FALSE,FALSE,FALSE,FALSE,FALSE,FALSE,FALSE
47,ANNO,regional museum,Zwolle,https://anno.nl/lesprogramma-archeologie-in-de-klas/,Lesprogramma: Archeologie in de klas,school,FALSE,,TRUE,people with disabilities,7-14 years,TRUE,FALSE,FALSE,FALSE,FALSE,FALSE,FALSE,FALSE,FALSE,FALSE,FALSE,FALSE,FALSE,FALSE,FALSE
48,ANNO,regional museum,Zwolle,https://anno.nl/lesprogramma-zwolle-en-het-verraad-van-de-blauwvingers/,Lesprogramma: Zwolle en het verraad van de Blauwvingers,school,FALSE,,TRUE,people with disabilities,7-14 years,TRUE,FALSE,FALSE,FALSE,FALSE,FALSE,FALSE,FALSE,FALSE,FALSE,FALSE,FALSE,FALSE,FALSE,FALSE
49,ANNO,regional museum,Zwolle,https://anno.nl/lesprogramma-over-bikkels-en-pechvogels/,Lesprogramma: Over Bikkels en Pechvogels,school,FALSE,,TRUE,people with disabilities,8-12 years,TRUE,FALSE,FALSE,FALSE,FALSE,FALSE,FALSE,FALSE,FALSE,FALSE,FALSE,FALSE,FALSE,FALSE,FALSE
50,ANNO,regional museum,Zwolle,https://anno.nl/lesprogramma-aangenaam-anno/,"Lesprogramma: aangenaam, ANNO!",school,FALSE,,TRUE,people with disabilities,12+ years,TRUE,FALSE,FALSE,FALSE,FALSE,FALSE,FALSE,FALSE,FALSE,FALSE,FALSE,FALSE,FALSE,FALSE,FALSE
51,ANNO,regional museum,Zwolle,https://anno.nl/lesprogramma-machtig-mooi-huis/,Lesprogramma: machtig mooi huis,school,FALSE,,TRUE,people with disabilities,8-12 years,TRUE,FALSE,FALSE,FALSE,FALSE,FALSE,FALSE,FALSE,FALSE,FALSE,FALSE,FALSE,FALSE,FALSE,FALSE
52,ANNO,regional museum,Zwolle,https://anno.nl/lesprogramma-de-tweede-wereldoorlog-in-zwolle/,Lesprogramma: De Tweede Wereldoorlog in Zwolle,school,TRUE,interactive map,TRUE,people with disabilities,11-14 years,TRUE,FALSE,FALSE,FALSE,FALSE,FALSE,FALSE,FALSE,FALSE,FALSE,FALSE,FALSE,FALSE,FALSE,FALSE
53,ANNO,regional museum,Zwolle,https://anno.nl/op-de-toren-zit-een-haan-omgevingsgericht-onderwijs-voor-kleuters/,Lesprogramma: Op de toren zit een Haan: omgevingsgericht onderwijs voor kleuters,school,FALSE,,TRUE,people with disabilities,4-6 years,TRUE,FALSE,FALSE,FALSE,FALSE,FALSE,FALSE,FALSE,FALSE,FALSE,FALSE,FALSE,FALSE,FALSE,FALSE
54,Oude Kerk,church building,Amsterdam,https://www.oudekerk.nl/en/faq,Activity sheet: Explore with Dapper,family,FALSE,,TRUE,visual impairments; assistance dogs; wheelchair access,4-12 years,TRUE,FALSE,FALSE,FALSE,FALSE,FALSE,FALSE,FALSE,FALSE,FALSE,FALSE,FALSE,FALSE,FALSE,FALSE
55,Oude Kerk,church building,Amsterdam,https://oudekerk.nl/primair-onderwijs/7948,Hoogtepunten van de Oude Kerk,school,FALSE,,TRUE,people with disabilities,4-12 years,TRUE,FALSE,FALSE,FALSE,FALSE,FALSE,FALSE,FALSE,FALSE,FALSE,FALSE,FALSE,FALSE,FALSE,FALSE
56,Oude Kerk,church building,Amsterdam,https://oudekerk.nl/voortgezetonderwijs/7954,Uniek samenspel tussen kunst en erfgoed,school,FALSE, ,TRUE,people with disabilities,4-12 years,TRUE,FALSE,FALSE,FALSE,FALSE,FALSE,FALSE,FALSE,FALSE,FALSE,FALSE,FALSE,FALSE,FALSE,FALSE
57,Hollands Kaasmuseum,cheese museum,Alkmaar,https://www.kaasmuseum.nl/wat-is-er-te-doen/voor-kinderen/,Speurtocht over kaas,family,TRUE,"game, interactive, touchscreen",TRUE,wheelchair access; assistance dogs,,TRUE,TRUE,FALSE,FALSE,FALSE,FALSE,FALSE,FALSE,FALSE,FALSE,FALSE,FALSE,FALSE,FALSE,FALSE
58,Hollands Kaasmuseum,cheese museum,Alkmaar,https://www.kaasmuseum.nl/onderwijs/lespakket/lespakket-van-koe-naar-kaas/,Lespakket Van Koe Naar Kaas,school,TRUE,digital quiz,TRUE,wheelchair access,11-13 years,TRUE,TRUE,FALSE,FALSE,FALSE,FALSE,FALSE,FALSE,FALSE,FALSE,FALSE,FALSE,FALSE,FALSE,FALSE
59,Eye Filmmuseum,film museum; cinema,Amsterdam,https://www.eyefilm.nl/programma/filmmagie/1021499,Filmmagie,family,TRUE,multimedia workshop,TRUE,"general accessibility, people with disabilities, sign language support, visual impairment support, wheelchair access, guidance dogs",6+ years,TRUE,FALSE,FALSE,FALSE,FALSE,FALSE,FALSE,FALSE,FALSE,FALSE,FALSE,FALSE,FALSE,FALSE,FALSE
60,Eye Filmmuseum,film museum; cinema,Amsterdam,https://www.eyefilm.nl/programma/cinemini/63168,Cinemini,family,TRUE,movie,TRUE,"general accessibility, people with disabilities, sign language support, visual impairment support, wheelchair access, guidance dogs",2-6 years,TRUE,FALSE,FALSE,FALSE,FALSE,FALSE,FALSE,FALSE,FALSE,FALSE,FALSE,FALSE,FALSE,FALSE,FALSE
61,Eye Filmmuseum,film museum; cinema,Amsterdam,https://www.eyefilm.nl/kinderprogrammas/ontdekroute,Missie Superogen,family,TRUE,multimedia tour,TRUE,"general accessibility, people with disabilities, sign language support, visual impairment support, wheelchair access, guidance dogs",4-12 years,TRUE,FALSE,FALSE,FALSE,FALSE,FALSE,FALSE,FALSE,FALSE,FALSE,FALSE,FALSE,FALSE,FALSE,FALSE
62,Eye Filmmuseum,film museum; cinema,Amsterdam,https://www.eyefilm.nl/en/animation-tables/1002375,Animation Tables,family,TRUE,app,TRUE,"general accessibility, people with disabilities, sign language support, visual impairment support, wheelchair access, guidance dogs",,TRUE,TRUE,FALSE,FALSE,FALSE,FALSE,FALSE,FALSE,FALSE,FALSE,FALSE,FALSE,FALSE,FALSE,FALSE
63,Eye Filmmuseum,film museum; cinema,Amsterdam,https://www.eyefilm.nl/en/flipbook/946413,Flipbook,family,FALSE,,TRUE,"general accessibility, people with disabilities, sign language support, visual impairment support, wheelchair access, guidance dogs",,TRUE,FALSE,FALSE,FALSE,FALSE,FALSE,FALSE,FALSE,FALSE,FALSE,FALSE,FALSE,FALSE,FALSE,FALSE
64,Eye Filmmuseum,film museum; cinema,Amsterdam,https://www.eyefilm.nl/en/prohttps://www.eyefilm.nl/en/audio-benches/1003648gramme/2001-a-time-capsule/1600279,Audio benches,family,TRUE,audio guide,TRUE,"general accessibility, people with disabilities, sign language support, visual impairment support, wheelchair access, guidance dogs",,TRUE,TRUE,FALSE,FALSE,FALSE,FALSE,FALSE,FALSE,FALSE,FALSE,FALSE,FALSE,FALSE,FALSE,FALSE
65,Eye Filmmuseum,film museum; cinema,Amsterdam,https://www.eyefilm.nl/en/childrens-activities,Children's screenings,family,TRUE,movie,TRUE,"general accessibility, people with disabilities, sign language support, visual impairment support, wheelchair access, guidance dogs",,TRUE,TRUE,FALSE,FALSE,FALSE,FALSE,FALSE,FALSE,FALSE,FALSE,FALSE,FALSE,FALSE,FALSE,FALSE
66,Eye Filmmuseum,film museum; cinema,Amsterdam,https://www.eyefilm.nl/en/green-screen/1001910,Green Screen,family,TRUE,"camera, interactive",TRUE,"general accessibility, people with disabilities, sign language support, visual impairment support, wheelchair access, guidance dogs",,TRUE,TRUE,FALSE,FALSE,FALSE,FALSE,FALSE,FALSE,FALSE,FALSE,FALSE,FALSE,FALSE,FALSE,FALSE
67,Eye Filmmuseum,film museum; cinema,Amsterdam,https://www.eyefilm.nl/over-eye/communities/moviezone,MovieZone,family,TRUE,movie-making workshop,TRUE,"general accessibility, people with disabilities, sign language support, visual impairment support, wheelchair access, guidance dogs",,TRUE,FALSE,FALSE,FALSE,FALSE,FALSE,FALSE,FALSE,FALSE,FALSE,FALSE,FALSE,FALSE,FALSE,FALSE
68,Eye Filmmuseum,film museum; cinema,Amsterdam,https://www.eyefilm.nl/educatie/gastles-animeer-je-klas/319660,Gastles: Animeer je Klas,school,FALSE,movie-making workshop,TRUE,"general accessibility, people with disabilities, sign language support, visual impairment support, wheelchair access, guidance dogs",8-10 years,TRUE,TRUE,FALSE,FALSE,FALSE,FALSE,FALSE,FALSE,FALSE,FALSE,FALSE,FALSE,FALSE,FALSE,FALSE
69,Eye Filmmuseum,film museum; cinema,Amsterdam,https://www.eyefilm.nl/educatie/gastles-een-koffer-vol-film/319564,Gastles: Een Kofer Vol Film,school,TRUE,movie ,TRUE,"general accessibility, people with disabilities, sign language support, visual impairment support, wheelchair access, guidance dogs",6-8 years,TRUE,FALSE,FALSE,FALSE,FALSE,FALSE,FALSE,FALSE,FALSE,FALSE,FALSE,FALSE,FALSE,FALSE,FALSE
70,Eye Filmmuseum,film museum; cinema,Amsterdam,https://www.eyefilm.nl/educatie/gastles-film-voor-de-toekomst/319895,Gastles: Film voor de Toekomst,school,TRUE,movie,TRUE,"general accessibility, people with disabilities, sign language support, visual impairment support, wheelchair access, guidance dogs",12-14 years,TRUE,TRUE,FALSE,FALSE,FALSE,FALSE,FALSE,FALSE,FALSE,FALSE,FALSE,FALSE,FALSE,FALSE,FALSE
71,Eye Filmmuseum,film museum; cinema,Amsterdam,https://www.eyefilm.nl/educatie/gastles-net-als-in-de-film/319856,Gastles: Net als in de film,school,TRUE,movie-making workshop,TRUE,"general accessibility, people with disabilities, sign language support, visual impairment support, wheelchair access, guidance dogs",10-12 years,TRUE,FALSE,FALSE,FALSE,FALSE,FALSE,FALSE,FALSE,FALSE,FALSE,FALSE,FALSE,FALSE,FALSE,FALSE
72,Eye Filmmuseum,film museum; cinema,Amsterdam,https://www.eyefilm.nl/educatie/expeditie-cinema/47955,Expeditie Cinema,school,TRUE,multimedia workshop,TRUE,"general accessibility, people with disabilities, sign language support, visual impairment support, wheelchair access, guidance dogs",10-14 years,TRUE,FALSE,FALSE,FALSE,FALSE,FALSE,FALSE,FALSE,FALSE,FALSE,FALSE,FALSE,FALSE,FALSE,FALSE
73,Eye Filmmuseum,film museum; cinema,Amsterdam,https://www.eyefilm.nl/educatie/ontdek-de-tentoonstelling/48043,Ontdek de tentoonstelling,school,TRUE,movie ,TRUE,"general accessibility, people with disabilities, sign language support, visual impairment support, wheelchair access, guidance dogs",12+ years,TRUE,FALSE,FALSE,FALSE,FALSE,FALSE,FALSE,FALSE,FALSE,FALSE,FALSE,FALSE,FALSE,FALSE,FALSE
74,Eye Filmmuseum,film museum; cinema,Amsterdam,https://www.eyefilm.nl/educatie/kies-de-film/483514,Kies de film,school,TRUE,movie,TRUE,"general accessibility, people with disabilities, sign language support, visual impairment support, wheelchair access, guidance dogs",12-14 years,TRUE,FALSE,FALSE,FALSE,FALSE,FALSE,FALSE,FALSE,FALSE,FALSE,FALSE,FALSE,FALSE,FALSE,FALSE
75,Eye Filmmuseum,film museum; cinema,Amsterdam,https://www.eyefilm.nl/educatie/raar-maar-waar/48466,Raar maar waar,school,TRUE,"movie, quiz",TRUE,"general accessibility, people with disabilities, sign language support, visual impairment support, wheelchair access, guidance dogs",10-12 years,TRUE,FALSE,FALSE,FALSE,FALSE,FALSE,FALSE,FALSE,FALSE,FALSE,FALSE,FALSE,FALSE,FALSE,FALSE
76,Eye Filmmuseum,film museum; cinema,Amsterdam,https://www.eyefilm.nl/educatie/speurneuzen/49657,Speurneuzen,school,TRUE,"movie, quiz",TRUE,"general accessibility, people with disabilities, sign language support, visual impairment support, wheelchair access, guidance dogs",8-10 years,TRUE,FALSE,FALSE,FALSE,FALSE,FALSE,FALSE,FALSE,FALSE,FALSE,FALSE,FALSE,FALSE,FALSE,FALSE
77,Eye Filmmuseum,film museum; cinema,Amsterdam,https://www.eyefilm.nl/programma/meet-the-archive/1334292,Gastles: Fact or fiction?,school,TRUE,movie,TRUE,"general accessibility, people with disabilities, sign language support, visual impairment support, wheelchair access, guidance dogs",12+ years,TRUE,FALSE,FALSE,FALSE,FALSE,FALSE,FALSE,FALSE,FALSE,FALSE,FALSE,FALSE,FALSE,FALSE,FALSE
78,Eye Filmmuseum,film museum; cinema,Amsterdam,https://www.eyefilm.nl/educatie/soundtrack-live/49174,Soundtrack live,school,TRUE,movie-making workshop,TRUE,"general accessibility, people with disabilities, sign language support, visual impairment support, wheelchair access, guidance dogs",12+ years,TRUE,FALSE,FALSE,FALSE,FALSE,FALSE,FALSE,FALSE,FALSE,FALSE,FALSE,FALSE,FALSE,FALSE,FALSE
79,Eye Filmmuseum,film museum; cinema,Amsterdam,https://www.eyefilm.nl/educatie/animeer-je-filmstrook/36459,Animeer je filmstrok,school,TRUE,movie-making workshop,TRUE,"general accessibility, people with disabilities, sign language support, visual impairment support, wheelchair access, guidance dogs",12+ years,TRUE,FALSE,FALSE,FALSE,FALSE,FALSE,FALSE,FALSE,FALSE,FALSE,FALSE,FALSE,FALSE,FALSE,FALSE
80,Eye Filmmuseum,film museum; cinema,Amsterdam,https://www.eyefilm.nl/educatie/workshop-film-je-verhaal/37581,Workshop film je verhaal,school,TRUE,movie-making workshop,TRUE,"general accessibility, people with disabilities, sign language support, visual impairment support, wheelchair access, guidance dogs",12+ years,TRUE,FALSE,FALSE,FALSE,FALSE,FALSE,FALSE,FALSE,FALSE,FALSE,FALSE,FALSE,FALSE,FALSE,FALSE
81,Eye Filmmuseum,film museum; cinema,Amsterdam,https://www.eyefilm.nl/educatie/monteer-je-eigen-videoclip/319933,Monteer je eigen videoclip,school,TRUE,movie-making workshop,TRUE,"general accessibility, people with disabilities, sign language support, visual impairment support, wheelchair access",12+ years,TRUE,FALSE,FALSE,FALSE,FALSE,FALSE,FALSE,FALSE,FALSE,FALSE,FALSE,FALSE,FALSE,FALSE,FALSE
82,Museum De Bastei,regional museum,Nijmegen,https://www.debastei.nl/en/exposities/2026/big-journey-small-plastics,The Big Journey of Small Plastics,family,TRUE,VR experience,TRUE,"people with disabilities, visual impairment support, wheelchair access",,TRUE,TRUE,TRUE,FALSE,FALSE,FALSE,FALSE,FALSE,FALSE,FALSE,FALSE,FALSE,FALSE,FALSE,FALSE
83,Museum De Bastei,regional museum,Nijmegen,https://www.debastei.nl/en/exposities/2026/experience-bastei,Experience Bastei,family,FALSE,,TRUE,"people with disabilities, visual impairment support, wheelchair access",,TRUE,TRUE,TRUE,FALSE,FALSE,FALSE,FALSE,FALSE,FALSE,FALSE,FALSE,FALSE,FALSE,FALSE,FALSE
84,Museum De Bastei,regional museum,Nijmegen,https://www.debastei.nl/en/exposities/2026/treasury-river,Treasury of the River,family,FALSE,,TRUE,"people with disabilities, visual impairment support, wheelchair access",,TRUE,TRUE,TRUE,FALSE,FALSE,FALSE,FALSE,FALSE,FALSE,FALSE,FALSE,FALSE,FALSE,FALSE,FALSE
85,Museum De Bastei,regional museum,Nijmegen,https://www.debastei.nl/en/exposities/2026/waal-hall,Waal Hall,family,TRUE,interactive,TRUE,"people with disabilities, visual impairment support, wheelchair access",,TRUE,TRUE,TRUE,FALSE,FALSE,FALSE,FALSE,FALSE,FALSE,FALSE,FALSE,FALSE,FALSE,FALSE,FALSE
86,Historisch Museum Vriezenveen,historical museum,Vriezenveen,https://www.museumvriezenveen.nl/grootmoeders-tijd,Grootmoeders tijd,school,FALSE,,TRUE,"general accessibility, people with disabilities",3-12 years,TRUE,FALSE,FALSE,FALSE,FALSE,FALSE,FALSE,FALSE,FALSE,FALSE,FALSE,FALSE,FALSE,FALSE,FALSE
87,Historisch Museum Vriezenveen,historical museum,Vriezenveen,https://www.museumvriezenveen.nl/educatie,Wat is er gebeurd met de grond onder je voeten,school,TRUE,digital lessons,TRUE,"general accessibility, people with disabilities",6-12 years,TRUE,FALSE,FALSE,FALSE,FALSE,FALSE,FALSE,FALSE,FALSE,FALSE,FALSE,FALSE,FALSE,FALSE,FALSE
88,Historisch Museum Vriezenveen,historical museum,Vriezenveen,https://www.museumvriezenveen.nl/educatie,Dialect in de klas,school,FALSE,,TRUE,"general accessibility, people with disabilities",9-12 years,TRUE,FALSE,FALSE,FALSE,FALSE,FALSE,FALSE,FALSE,FALSE,FALSE,FALSE,FALSE,FALSE,FALSE,FALSE
89,Museum Techniek met 'n Ziel,technology museum,Neerkant,https://techniekmeteenziel.nl/plan-bezoek/scholen,School tours,school,FALSE,,FALSE,,10+ years,TRUE,FALSE,FALSE,FALSE,FALSE,FALSE,FALSE,FALSE,FALSE,FALSE,FALSE,FALSE,FALSE,FALSE,FALSE
90,Museum Huis Doorn,historical museum,Doorn,https://www.huisdoorn.nl/educatie/primair-onderwijs/,"Wilhelm en Willie, Jong in 1920",school,FALSE,,TRUE,"visual impairment support, wheelchair access",10-12 years,TRUE,FALSE,FALSE,FALSE,FALSE,FALSE,FALSE,FALSE,FALSE,FALSE,FALSE,FALSE,FALSE,FALSE,FALSE
91,Museum Huis Doorn,historical museum,Doorn,https://www.huisdoorn.nl/educatie/primair-onderwijs/,Achter de schermen: werken bij de hoge heer,school,FALSE,,TRUE,"visual impairment support, wheelchair access",12-14 years,TRUE,FALSE,FALSE,FALSE,FALSE,FALSE,FALSE,FALSE,FALSE,FALSE,FALSE,FALSE,FALSE,FALSE,FALSE
92,Museum Huis Doorn,historical museum,Doorn,https://www.huisdoorn.nl/educatie/primair-onderwijs/,Educatief platform WOI,school,TRUE,online tour,TRUE,"visual impairment support, wheelchair access",13-14 years,TRUE,FALSE,FALSE,FALSE,FALSE,FALSE,FALSE,FALSE,FALSE,FALSE,FALSE,FALSE,FALSE,FALSE,FALSE
93,Museum Huis Doorn,historical museum,Doorn,https://www.huisdoorn.nl/educatie/voortgezet-onderwijs/,Ronleiding door het huis van de ex keizer,school,FALSE,,TRUE,"visual impairment support, wheelchair access",12+ years,TRUE,FALSE,FALSE,FALSE,FALSE,FALSE,FALSE,FALSE,FALSE,FALSE,FALSE,FALSE,FALSE,FALSE,FALSE
94,Museum Huis Doorn,historical museum,Doorn,https://www.huisdoorn.nl/nieuwsberichten/ontdek-het-geheim-van-de-keizer/,Speurtocht,family,FALSE,,TRUE,"people with disabilities, sensory-friendly, visual impairment support, wheelchair access",4+ years,TRUE,FALSE,FALSE,FALSE,FALSE,FALSE,FALSE,FALSE,FALSE,FALSE,FALSE,FALSE,FALSE,FALSE,FALSE
95,Ton Smits Huis,museum house; art museum,Eindhoven,https://tonsmitshuis.nl/tarieven-en-contact/,Workshop cartoonteken,family,FALSE,,TRUE,people with disabilities,12+ years,TRUE,FALSE,FALSE,FALSE,FALSE,FALSE,FALSE,FALSE,FALSE,FALSE,FALSE,FALSE,FALSE,FALSE,FALSE
96,Van Eesteren Museum,urban planning museum; architecture museum,Amsterdam,https://www.vaneesterenmuseum.nl/museumwoning,Van Eesteren Museum House Guided tours,family,FALSE,,FALSE,,,TRUE,TRUE,FALSE,FALSE,FALSE,FALSE,FALSE,FALSE,FALSE,FALSE,FALSE,FALSE,FALSE,FALSE,FALSE
97,TextielMuseum,technology museum; factory,Tilburg,https://www.textielmuseum.nl/onderwijs/primair-onderwijs/museumfabriek,De museumfabriek,school,FALSE,,TRUE,wheelchair access; assistance dogs,4+ years,TRUE,FALSE,FALSE,FALSE,FALSE,FALSE,FALSE,FALSE,FALSE,FALSE,FALSE,FALSE,FALSE,FALSE,FALSE
98,TextielMuseum,technology museum; factory,Tilburg,https://www.textielmuseum.nl/onderwijs/primair-onderwijs/sashiko,Sashiko,school,FALSE,,TRUE,wheelchair access; assistance dogs,4+ years,TRUE,FALSE,FALSE,FALSE,FALSE,FALSE,FALSE,FALSE,FALSE,FALSE,FALSE,FALSE,FALSE,FALSE,FALSE
99,TextielMuseum,technology museum; factory,Tilburg,https://www.textielmuseum.nl/onderwijs/primair-onderwijs/draai-mee,Draai mee,school,FALSE,,TRUE,wheelchair access; assistance dogs,4+ years,TRUE,FALSE,FALSE,FALSE,FALSE,FALSE,FALSE,FALSE,FALSE,FALSE,FALSE,FALSE,FALSE,FALSE,FALSE
100,TextielMuseum,technology museum; factory,Tilburg,https://www.textielmuseum.nl/onderwijs/primair-onderwijs/toekomst-tenues,Toekomst tenues,school,FALSE,,TRUE,wheelchair access; assistance dogs,12+ years,TRUE,FALSE,FALSE,FALSE,FALSE,FALSE,FALSE,FALSE,FALSE,FALSE,FALSE,FALSE,FALSE,FALSE,FALSE
101,TextielMuseum,technology museum; factory,Tilburg,https://textielmuseum.nl/onderwijs-club-zien-ogenschijnlijk?_gl=1*i9erx7*_gcl_au*MTQ1MDc4NTQ1NS4xNzgwODc1MTcz*_ga*MTc5MTY2MTkzNS4xNzgwODczODQ4*_ga_0215QYV530*czE3ODA4NzM4NDUkbzEkZzEkdDE3ODA4NzU5NzMkajIwJGwwJGgw,Club Zien  ,family,TRUE,multimedia tour; tablet,TRUE,wheelchair access; assistance dogs,12-14 years,TRUE,TRUE,FALSE,FALSE,FALSE,FALSE,FALSE,FALSE,FALSE,FALSE,FALSE,FALSE,FALSE,FALSE,FALSE
102,TextielMuseum,technology museum; factory,Tilburg,https://www.textielmuseum.nl/onderwijs/voortgezet-onderwijs/workshop-vers-van-de-pers,Workshop Vers van de pers,school,FALSE,,TRUE,wheelchair access; assistance dogs,12+ years,TRUE,TRUE,FALSE,FALSE,FALSE,FALSE,FALSE,FALSE,FALSE,FALSE,FALSE,FALSE,FALSE,FALSE,FALSE
103,TextielMuseum,technology museum; factory,Tilburg,https://www.textielmuseum.nl/onderwijs/voortgezet-onderwijs/workshop-woven-stories,Workshop woven stories,school,FALSE,,TRUE,wheelchair access; assistance dogs,12+ years,TRUE,TRUE,FALSE,FALSE,FALSE,FALSE,FALSE,FALSE,FALSE,FALSE,FALSE,FALSE,FALSE,FALSE,FALSE
104,TextielMuseum,technology museum; factory,Tilburg,https://www.textielmuseum.nl/onderwijs/voortgezet-onderwijs,Rondleidingen voor scholen,school,FALSE,,TRUE,wheelchair access; assistance dogs,12+ years,TRUE,TRUE,FALSE,FALSE,FALSE,FALSE,FALSE,FALSE,FALSE,FALSE,FALSE,FALSE,FALSE,FALSE,FALSE
105,Streek & Landbouwmuseum Goemanszorg,regional museum,Dreischor,https://goemanszorg.nl/voor-de-kinderen/,Voor de kinderen,family,FALSE,,TRUE,wheelchair access; assistance dogs,4+ years,TRUE,FALSE,FALSE,FALSE,FALSE,FALSE,FALSE,FALSE,FALSE,FALSE,FALSE,FALSE,FALSE,FALSE,FALSE
106,Streek & Landbouwmuseum Goemanszorg,regional museum,Dreischor,https://goemanszorg.nl/lespakketten-en-educatie/,De museumassistent,school,FALSE,,TRUE,wheelchair access; assistance dogs,9-12 years,TRUE,FALSE,FALSE,FALSE,FALSE,FALSE,FALSE,FALSE,FALSE,FALSE,FALSE,FALSE,FALSE,FALSE,FALSE
107,Streek & Landbouwmuseum Goemanszorg,regional museum,Dreischor,https://goemanszorg.nl/lespakketten-en-educatie/,Van vlasdraad tot springtouw,school,FALSE,,TRUE,wheelchair access; assistance dogs,12-14 years,TRUE,FALSE,FALSE,FALSE,FALSE,FALSE,FALSE,FALSE,FALSE,FALSE,FALSE,FALSE,FALSE,FALSE,FALSE
108,Nationaal Onderduikmuseum,historical museum,Aalten,https://nationaalonderduikmuseum.nl/educatie/basisscholen/,De Kleine Zoektoch,school,FALSE,,FALSE,"people with disabilities, wheelchair access",11+ years,TRUE,FALSE,TRUE,FALSE,FALSE,FALSE,FALSE,FALSE,FALSE,FALSE,FALSE,FALSE,FALSE,FALSE,FALSE
109,Nationaal Onderduikmuseum,historical museum,Aalten,https://nationaalonderduikmuseum.nl/educatie/basisscholen/,De Zoektocht,school,FALSE,,FALSE,"people with disabilities, wheelchair access",12-14 years,TRUE,FALSE,TRUE,FALSE,FALSE,FALSE,FALSE,FALSE,FALSE,FALSE,FALSE,FALSE,FALSE,FALSE,FALSE
110,Nationaal Onderduikmuseum,historical museum,Aalten,https://nationaalonderduikmuseum.nl/educatie/basisscholen/,Ja?! Nee?! Misschien?!,school,FALSE,,FALSE,"people with disabilities, wheelchair access",13-14 years,TRUE,FALSE,TRUE,FALSE,FALSE,FALSE,FALSE,FALSE,FALSE,FALSE,FALSE,FALSE,FALSE,FALSE,FALSE
111,Nationaal Onderduikmuseum,historical museum,Aalten,https://nationaalonderduikmuseum.nl/educatie/voortgezet-onderwijs/,Keuzes maken; toen en nu,school,FALSE,,FALSE,"people with disabilities, wheelchair access",12+ years,TRUE,FALSE,TRUE,FALSE,FALSE,FALSE,FALSE,FALSE,FALSE,FALSE,FALSE,FALSE,FALSE,FALSE,FALSE
112,Stadhuismuseum Zierikzee,regional museum,Zierikzee,https://www.stadhuismuseum.nl/rondleiding-gravensteen2/,Rondleiding Gravensteen,family,FALSE,,TRUE,"people with disabilities, wheelchair access",0+ years,TRUE,FALSE,FALSE,FALSE,FALSE,FALSE,FALSE,FALSE,FALSE,FALSE,FALSE,FALSE,FALSE,FALSE,FALSE
113,Stadhuismuseum Zierikzee,regional museum,Zierikzee,https://www.stadhuismuseum.nl/basisonderwijs/,Wie wat bewaart…,school,FALSE,,TRUE,"people with disabilities, wheelchair access",6-8 years,TRUE,FALSE,FALSE,FALSE,FALSE,FALSE,FALSE,FALSE,FALSE,FALSE,FALSE,FALSE,FALSE,FALSE,FALSE
114,Stadhuismuseum Zierikzee,regional museum,Zierikzee,https://www.stadhuismuseum.nl/basisonderwijs/,Op ontdekkingtocht dor her museum,school,FALSE,,TRUE,"people with disabilities, wheelchair access",8-12 years,TRUE,FALSE,FALSE,FALSE,FALSE,FALSE,FALSE,FALSE,FALSE,FALSE,FALSE,FALSE,FALSE,FALSE,FALSE
115,Stadhuismuseum Zierikzee,regional museum,Zierikzee,https://www.stadhuismuseum.nl/basisonderwijs/,Duik in de wereld van een onderwaterarcheoloog!,school,FALSE,,TRUE,"people with disabilities, wheelchair access",12-14 years,TRUE,FALSE,FALSE,FALSE,FALSE,FALSE,FALSE,FALSE,FALSE,FALSE,FALSE,FALSE,FALSE,FALSE,FALSE
116,Stadhuismuseum Zierikzee,regional museum,Zierikzee,https://www.stadhuismuseum.nl/bezoekersinformatie-2/#1749045137620-0b5d98ad-2014,Speurtocht,family,FALSE,,TRUE,"people with disabilities, wheelchair access",8+ years,TRUE,FALSE,FALSE,FALSE,FALSE,FALSE,FALSE,FALSE,FALSE,FALSE,FALSE,FALSE,FALSE,FALSE,FALSE
117,Stadsmuseum Rhenen,art museum,Rhenen,https://stadsmuseumrhenen.nl/kinderen/,Speurtocht: Ontdek de dieren in het museum!,family,FALSE,,FALSE,,4-8 years,TRUE,FALSE,FALSE,FALSE,FALSE,FALSE,FALSE,FALSE,FALSE,FALSE,FALSE,FALSE,FALSE,FALSE,FALSE
118,Stadsmuseum Rhenen,art museum,Rhenen,https://stadsmuseumrhenen.nl/kinderen/,"Speurtocht: Nieuwe dingen, oude dingen: Speur mee!",family,FALSE,,FALSE,,9-12 years,TRUE,FALSE,FALSE,FALSE,FALSE,FALSE,FALSE,FALSE,FALSE,FALSE,FALSE,FALSE,FALSE,FALSE,FALSE
119,Kazemattenmuseum,historical museum,Kornwerderzand,http://www.kazemattenmuseum.nl/onderwijs/rondleidingen-voor-scholen/,Rondleidingen voor scholen,school,FALSE,,TRUE,wheelchair access,,TRUE,FALSE,FALSE,FALSE,FALSE,FALSE,FALSE,FALSE,FALSE,FALSE,FALSE,FALSE,FALSE,FALSE,FALSE
120,Veluws Museum Hagedoorns Plaatse,"farm museum, open-air museum",Epe,https://www.hagedoornsplaatse.nl/activiteiten/educatie-programma/,De Verzamelman,school,FALSE,,TRUE,"people with disabilities, wheelchair access",6-8 years,TRUE,FALSE,FALSE,FALSE,FALSE,FALSE,FALSE,FALSE,FALSE,FALSE,FALSE,FALSE,FALSE,FALSE,FALSE
121,Veluws Museum Hagedoorns Plaatse,"farm museum, open-air museum",Epe,https://www.hagedoornsplaatse.nl/activiteiten/educatie-programma/,De Boerenbruiloft,school,FALSE,,TRUE,"people with disabilities, wheelchair access",8-10 years,TRUE,FALSE,FALSE,FALSE,FALSE,FALSE,FALSE,FALSE,FALSE,FALSE,FALSE,FALSE,FALSE,FALSE,FALSE
122,Veluws Museum Hagedoorns Plaatse,"farm museum, open-air museum",Epe,https://www.hagedoornsplaatse.nl/activiteiten/educatie-programma/,Wonen,school,FALSE,,TRUE,"people with disabilities, wheelchair access",10-12 years,TRUE,FALSE,FALSE,FALSE,FALSE,FALSE,FALSE,FALSE,FALSE,FALSE,FALSE,FALSE,FALSE,FALSE,FALSE
123,Veluws Museum Hagedoorns Plaatse,"farm museum, open-air museum",Epe,https://www.hagedoornsplaatse.nl/zien-en-beleven/speurtocht/,Speurtocht,family,FALSE,,TRUE,"people with disabilities, wheelchair access",,TRUE,FALSE,FALSE,FALSE,FALSE,FALSE,FALSE,FALSE,FALSE,FALSE,FALSE,FALSE,FALSE,FALSE,FALSE
124,Veluws Museum Hagedoorns Plaatse,"farm museum, open-air museum",Epe,https://www.hagedoornsplaatse.nl/zien-en-beleven/familietour/,Familietour,family,TRUE,"interactive, smartphone, app",TRUE,"people with disabilities, wheelchair access",,TRUE,FALSE,FALSE,FALSE,FALSE,FALSE,FALSE,FALSE,FALSE,FALSE,FALSE,FALSE,FALSE,FALSE,FALSE
125,Observeum,observatory,Tietjerksteradeel,https://www.observeum.nl/home/educatie/,Ruimtevaart,school,FALSE,,FALSE,,8+ years,TRUE,FALSE,FALSE,FALSE,FALSE,FALSE,FALSE,FALSE,FALSE,FALSE,FALSE,FALSE,FALSE,FALSE,FALSE
126,Observeum,observatory,Tietjerksteradeel,https://www.observeum.nl/home/educatie/,Planetarium,school,TRUE,digital lessons,FALSE,,8+ years,TRUE,FALSE,FALSE,FALSE,FALSE,FALSE,FALSE,FALSE,FALSE,FALSE,FALSE,FALSE,FALSE,FALSE,FALSE
127,Observeum,observatory,Tietjerksteradeel,https://www.observeum.nl/home/educatie/,Sterrenkijken,school,FALSE,,FALSE,,4+ years,TRUE,FALSE,FALSE,FALSE,FALSE,FALSE,FALSE,FALSE,FALSE,FALSE,FALSE,FALSE,FALSE,FALSE,FALSE
128,Observeum,observatory,Tietjerksteradeel,https://escape-observeum.jimdofree.com/spelregels/,Escape Observeum,family,TRUE,"interactive, digital quiz",FALSE,,,TRUE,FALSE,FALSE,FALSE,FALSE,FALSE,FALSE,FALSE,FALSE,FALSE,FALSE,FALSE,FALSE,FALSE,FALSE
129,Observeum,observatory,Tietjerksteradeel,https://www.observeum.nl/home/educatie/,Stenentijdperk,school,FALSE,,FALSE,,8+ years,TRUE,FALSE,FALSE,FALSE,FALSE,FALSE,FALSE,FALSE,FALSE,FALSE,FALSE,FALSE,FALSE,FALSE,FALSE
130,Observeum,observatory,Tietjerksteradeel,https://www.observeum.nl/home/educatie/sterrenkunde/,Sterrenkunde,school,TRUE,digital lessons,FALSE,,,TRUE,FALSE,FALSE,FALSE,FALSE,FALSE,FALSE,FALSE,FALSE,FALSE,FALSE,FALSE,FALSE,FALSE,FALSE
131,Observeum,observatory,Tietjerksteradeel,https://www.observeum.nl/home/educatie/,Pluto,school,FALSE,,FALSE,,4-7 years,TRUE,FALSE,FALSE,FALSE,FALSE,FALSE,FALSE,FALSE,FALSE,FALSE,FALSE,FALSE,FALSE,FALSE,FALSE
132,Observeum,observatory,Tietjerksteradeel,https://www.observeum.nl/home/educatie/,Zonnestelsel,school,FALSE,,FALSE,,8+ years,TRUE,FALSE,FALSE,FALSE,FALSE,FALSE,FALSE,FALSE,FALSE,FALSE,FALSE,FALSE,FALSE,FALSE,FALSE
133,De Valk,windmill museum,Leiden,https://www.molenmuseumdevalk.nl/ontdek-de-molen,Discover the mill,family,TRUE,"digital tour, 3D",FALSE,,0+ years,TRUE,TRUE,FALSE,FALSE,FALSE,FALSE,FALSE,FALSE,FALSE,FALSE,FALSE,FALSE,FALSE,FALSE,FALSE
134,Stedelijk Museum Zutphen,art museum,Zutphen,https://museazutphen.nl/stichting-musea-zutphen/voor-scholen/basisonderwijs/,Kunst & Kijken,school,FALSE,,TRUE,"people with disabilities, visual impairment support, wheelchair access, assistance dogs",4-12 years,TRUE,FALSE,FALSE,FALSE,FALSE,FALSE,FALSE,FALSE,FALSE,FALSE,FALSE,FALSE,FALSE,FALSE,FALSE
135,Stedelijk Museum Zutphen,art museum,Zutphen,https://museazutphen.nl/stichting-musea-zutphen/voor-scholen/basisonderwijs/,De verzamelaars,school,TRUE,digital lessons,TRUE,"people with disabilities, visual impairment support, wheelchair access, assistance dogs",7-8 years,TRUE,FALSE,FALSE,FALSE,FALSE,FALSE,FALSE,FALSE,FALSE,FALSE,FALSE,FALSE,FALSE,FALSE,FALSE
136,Stedelijk Museum Zutphen,art museum,Zutphen,https://museazutphen.nl/stichting-musea-zutphen/voor-scholen/basisonderwijs/,Op de thee bij een adelijke familie,school,FALSE,,TRUE,"people with disabilities, visual impairment support, wheelchair access, assistance dogs",8-10 years,TRUE,FALSE,FALSE,FALSE,FALSE,FALSE,FALSE,FALSE,FALSE,FALSE,FALSE,FALSE,FALSE,FALSE,FALSE
137,Stedelijk Museum Zutphen,art museum,Zutphen,https://museazutphen.nl/stichting-musea-zutphen/voor-scholen/basisonderwijs/,De museumassistent,school,TRUE,digital lessons,TRUE,"people with disabilities, visual impairment support, wheelchair access, assistance dogs",9-10 years,TRUE,FALSE,FALSE,FALSE,FALSE,FALSE,FALSE,FALSE,FALSE,FALSE,FALSE,FALSE,FALSE,FALSE,FALSE
138,Stedelijk Museum Zutphen,art museum,Zutphen,https://museazutphen.nl/stichting-musea-zutphen/voor-scholen/basisonderwijs/,Viking Crime Scene,school,FALSE,,TRUE,"people with disabilities, visual impairment support, wheelchair access, assistance dogs",9-14 years,TRUE,FALSE,FALSE,FALSE,FALSE,FALSE,FALSE,FALSE,FALSE,FALSE,FALSE,FALSE,FALSE,FALSE,FALSE
139,Stedelijk Museum Zutphen,art museum,Zutphen,https://museazutphen.nl/stichting-musea-zutphen/voor-scholen/basisonderwijs/,Mijn landschap,school,FALSE,,TRUE,"people with disabilities, visual impairment support, wheelchair access, assistance dogs",10-12 years,TRUE,FALSE,FALSE,FALSE,FALSE,FALSE,FALSE,FALSE,FALSE,FALSE,FALSE,FALSE,FALSE,FALSE,FALSE
140,Stedelijk Museum Zutphen,art museum,Zutphen,https://museazutphen.nl/stichting-musea-zutphen/voor-scholen/basisonderwijs/,In de voetsporen van Henric,school,TRUE,digital lessons,TRUE,"people with disabilities, visual impairment support, wheelchair access, assistance dogs",10-12 years,TRUE,FALSE,FALSE,FALSE,FALSE,FALSE,FALSE,FALSE,FALSE,FALSE,FALSE,FALSE,FALSE,FALSE,FALSE
141,Stedelijk Museum Zutphen,art museum,Zutphen,https://museazutphen.nl/stichting-musea-zutphen/voor-scholen/basisonderwijs/,"Ik zie mezelf, ik zie jou",school,FALSE,,TRUE,"people with disabilities, visual impairment support, wheelchair access, assistance dogs",12+ years,TRUE,FALSE,FALSE,FALSE,FALSE,FALSE,FALSE,FALSE,FALSE,FALSE,FALSE,FALSE,FALSE,FALSE,FALSE
142,Stedelijk Museum Zutphen,art museum,Zutphen,https://museazutphen.nl/stichting-musea-zutphen/voor-scholen/basisonderwijs/,Van schelp tot Schelopenkoepel,school,FALSE,,TRUE,"people with disabilities, visual impairment support, wheelchair access, assistance dogs",12-14 years,TRUE,FALSE,FALSE,FALSE,FALSE,FALSE,FALSE,FALSE,FALSE,FALSE,FALSE,FALSE,FALSE,FALSE,FALSE
143,Stedelijk Museum Zutphen,art museum,Zutphen,https://museazutphen.nl/stichting-musea-zutphen/voor-scholen/basisonderwijs/,Samen kijken = meer zien,school,FALSE,,TRUE,"people with disabilities, visual impairment support, wheelchair access, assistance dogs",4+ years,TRUE,FALSE,FALSE,FALSE,FALSE,FALSE,FALSE,FALSE,FALSE,FALSE,FALSE,FALSE,FALSE,FALSE,FALSE
144,Stedelijk Museum Zutphen,art museum,Zutphen,https://museazutphen.nl/stichting-musea-zutphen/voor-scholen/basisonderwijs/,Zoek dekking,school,FALSE,,TRUE,"people with disabilities, visual impairment support, wheelchair access, assistance dogs",12-14 years,TRUE,FALSE,FALSE,FALSE,FALSE,FALSE,FALSE,FALSE,FALSE,FALSE,FALSE,FALSE,FALSE,FALSE,FALSE
145,Stedelijk Museum Zutphen,art museum,Zutphen,https://museazutphen.nl/stichting-musea-zutphen/voor-scholen/voortgezet-onderwijs/,Loopbaanreis,school,FALSE,,TRUE,"people with disabilities, visual impairment support, wheelchair access, assistance dogs",12+ years,TRUE,FALSE,FALSE,FALSE,FALSE,FALSE,FALSE,FALSE,FALSE,FALSE,FALSE,FALSE,FALSE,FALSE,FALSE
146,Stedelijk Museum Zutphen,art museum,Zutphen,https://museazutphen.nl/stichting-musea-zutphen/voor-scholen/voortgezet-onderwijs/,Zelfstandig museumbezoek,school,FALSE,,TRUE,"people with disabilities, visual impairment support, wheelchair access, assistance dogs",12+ years,TRUE,FALSE,FALSE,FALSE,FALSE,FALSE,FALSE,FALSE,FALSE,FALSE,FALSE,FALSE,FALSE,FALSE,FALSE
147,Stedelijk Museum Zutphen,art museum,Zutphen,https://museazutphen.nl/stichting-musea-zutphen/voor-scholen/voortgezet-onderwijs/,Ronleiding op maat,school,FALSE,,TRUE,"people with disabilities, visual impairment support, wheelchair access, assistance dogs",12+ years,TRUE,FALSE,FALSE,FALSE,FALSE,FALSE,FALSE,FALSE,FALSE,FALSE,FALSE,FALSE,FALSE,FALSE,FALSE
148,Stedelijk Museum Zutphen,art museum,Zutphen,https://museazutphen.nl/agenda/tabletgame-family-challenge/,Tabletgame Family Challenge,family,TRUE,"game, app, tablet",TRUE,"people with disabilities, visual impairment support, wheelchair access, assistance dogs",7+ jaar,TRUE,FALSE,FALSE,FALSE,FALSE,FALSE,FALSE,FALSE,FALSE,FALSE,FALSE,FALSE,FALSE,FALSE,FALSE
149,Stedelijk Museum Zutphen,art museum,Zutphen,https://museazutphen.nl/museum-henriette-polak/plan-je-bezoek/,Speurtocht,family,FALSE,,TRUE,"people with disabilities, visual impairment support, wheelchair access",,TRUE,FALSE,FALSE,FALSE,FALSE,FALSE,FALSE,FALSE,FALSE,FALSE,FALSE,FALSE,FALSE,FALSE,FALSE
150,Oce Museum,technology museum,Venlo,https://www.ocemuseum.nl/het-museum/educatieprogramma-voor-het-basisonderwijs/,Educatieprogramma ,school,TRUE,multimedia tour,FALSE,,8+ years,TRUE,FALSE,FALSE,FALSE,FALSE,FALSE,FALSE,FALSE,FALSE,FALSE,FALSE,FALSE,FALSE,FALSE,FALSE
151,Oce Museum,technology museum,Venlo,https://www.ocemuseum.nl/experimenteer-op-zaterdag-3-september-met-licht-en-zwaartekracht-in-het-oce-museum/,Experimenteer met licht en zwaartekracht ,family,TRUE,multimedia tour,FALSE,,,TRUE,FALSE,FALSE,FALSE,FALSE,FALSE,FALSE,FALSE,FALSE,FALSE,FALSE,FALSE,FALSE,FALSE,FALSE
152,Markiezenhof,art museum,Bergen op Zoom,https://www.markiezenhof.nl/nl/plan-je-bezoek/kinderen-families,Puzzels voor speurneuzen,family,FALSE,,TRUE,"people with disabilities, wheelchair access, assistance dogs",4-6 years,TRUE,FALSE,FALSE,FALSE,FALSE,FALSE,FALSE,FALSE,FALSE,FALSE,FALSE,FALSE,FALSE,FALSE,FALSE
153,Markiezenhof,art museum,Bergen op Zoom,https://www.markiezenhof.nl/nl/plan-je-bezoek/kinderen-families,Op reis door het paleis,family,FALSE,,TRUE,"people with disabilities, wheelchair access, assistance dogs",4-12 years,TRUE,FALSE,FALSE,FALSE,FALSE,FALSE,FALSE,FALSE,FALSE,FALSE,FALSE,FALSE,FALSE,FALSE,FALSE
154,Markiezenhof,art museum,Bergen op Zoom,https://www.markiezenhof.nl/nl/plan-je-bezoek/kinderen-families,"Komt dat zien, komt dat zien!",family,FALSE,,TRUE,"people with disabilities, wheelchair access, assistance dogs",8-12 years,TRUE,FALSE,FALSE,FALSE,FALSE,FALSE,FALSE,FALSE,FALSE,FALSE,FALSE,FALSE,FALSE,FALSE,FALSE
155,Markiezenhof,art museum,Bergen op Zoom,https://www.markiezenhof.nl/nl/plan-je-bezoek/kinderen-families,Zeeridder Experience,family,FALSE,,TRUE,"people with disabilities, wheelchair access, assistance dogs",8-12 years,TRUE,FALSE,FALSE,FALSE,FALSE,FALSE,FALSE,FALSE,FALSE,FALSE,FALSE,FALSE,FALSE,FALSE,FALSE
156,Markiezenhof,art museum,Bergen op Zoom,https://www.markiezenhof.nl/nl/plan-je-bezoek/kinderen-families,Zeeridder Experience,school,FALSE,,TRUE,"people with disabilities, wheelchair access, assistance dogs",8-12 years,TRUE,FALSE,FALSE,FALSE,FALSE,FALSE,FALSE,FALSE,FALSE,FALSE,FALSE,FALSE,FALSE,FALSE,FALSE
157,Markiezenhof,art museum,Bergen op Zoom,https://www.markiezenhof.nl/nl/plan-je-bezoek/groepen-scholen/primair-onderwijs,Ridders en Kastelen,school,FALSE,,TRUE,"people with disabilities, wheelchair access, assistance dogs",6-10 years,TRUE,FALSE,FALSE,FALSE,FALSE,FALSE,FALSE,FALSE,FALSE,FALSE,FALSE,FALSE,FALSE,FALSE,FALSE
158,Markiezenhof,art museum,Bergen op Zoom,https://www.markiezenhof.nl/nl/plan-je-bezoek/groepen-scholen/primair-onderwijs,Waardevol of weggooien?,school,FALSE,,TRUE,"people with disabilities, wheelchair access, assistance dogs",9-12 years,TRUE,FALSE,FALSE,FALSE,FALSE,FALSE,FALSE,FALSE,FALSE,FALSE,FALSE,FALSE,FALSE,FALSE,FALSE
159,Markiezenhof,art museum,Bergen op Zoom,https://www.markiezenhof.nl/nl/plan-je-bezoek/groepen-scholen/primair-onderwijs,"Komt dat zien, komt dat zien!",school,FALSE,,TRUE,"people with disabilities, wheelchair access, assistance dogs",10-14 years,TRUE,FALSE,FALSE,FALSE,FALSE,FALSE,FALSE,FALSE,FALSE,FALSE,FALSE,FALSE,FALSE,FALSE,FALSE
160,Markiezenhof,art museum,Bergen op Zoom,https://www.markiezenhof.nl/nl/plan-je-bezoek/groepen-scholen/primair-onderwijs,Leskisten Middeleeuwen & Romeinen,school,FALSE,,TRUE,"people with disabilities, wheelchair access, assistance dogs",11-14 years,TRUE,FALSE,FALSE,FALSE,FALSE,FALSE,FALSE,FALSE,FALSE,FALSE,FALSE,FALSE,FALSE,FALSE,FALSE
161,Markiezenhof,art museum,Bergen op Zoom,https://www.markiezenhof.nl/nl/plan-je-bezoek/groepen-scholen/club-zien-opent-jouw-ogen,Club Zien opent jouw ogen!,school,TRUE,multimedia tour; tablet,TRUE,"people with disabilities, wheelchair access, assistance dogs",12+ years,TRUE,FALSE,FALSE,FALSE,FALSE,FALSE,FALSE,FALSE,FALSE,FALSE,FALSE,FALSE,FALSE,FALSE,FALSE
162,NEST,art museum,Den Haag,http://www.nestruimte.nl/education/verwend-nest,Verwend Nest,family,FALSE,,TRUE,"people with disabilities, visual impairment support, wheelchair access, assistance dogs",6-12 years,TRUE,TRUE,FALSE,FALSE,FALSE,FALSE,FALSE,FALSE,FALSE,FALSE,FALSE,FALSE,FALSE,FALSE,FALSE
163,NEST,art museum,Den Haag,http://www.nestruimte.nl/events/de-zomerspeeltuin4?year=2026&month=7,The Summer Playground #4,family,FALSE,,TRUE,"people with disabilities, visual impairment support, wheelchair access, assistance dogs",7-12 years,TRUE,TRUE,FALSE,FALSE,FALSE,FALSE,FALSE,FALSE,FALSE,FALSE,FALSE,FALSE,FALSE,FALSE,FALSE
164,NEST,art museum,Den Haag,http://www.nestruimte.nl/events/de-zomerspeeltuin2?year=2026&month=7,The Summer Playground #2,family,FALSE,,TRUE,"people with disabilities, visual impairment support, wheelchair access, assistance dogs",7-12 years,TRUE,TRUE,FALSE,FALSE,FALSE,FALSE,FALSE,FALSE,FALSE,FALSE,FALSE,FALSE,FALSE,FALSE,FALSE
165,NEST,art museum,Den Haag,http://www.nestruimte.nl/events/de-zomerspeeltuin3?year=2026&month=7,The Summer Playground #3,family,FALSE,,TRUE,"people with disabilities, visual impairment support, wheelchair access, assistance dogs",7-12 years,TRUE,TRUE,FALSE,FALSE,FALSE,FALSE,FALSE,FALSE,FALSE,FALSE,FALSE,FALSE,FALSE,FALSE,FALSE
166,NEST,art museum,Den Haag,http://www.nestruimte.nl/events/verwend-nest-kunstlab-de-betovering-2?year=2026&month=10,Verwend Nest Kunstlab,family,FALSE,,TRUE,"people with disabilities, visual impairment support, wheelchair access, assistance dogs",6-12 years,TRUE,TRUE,FALSE,FALSE,FALSE,FALSE,FALSE,FALSE,FALSE,FALSE,FALSE,FALSE,FALSE,FALSE,FALSE
167,NEST,art museum,Den Haag,http://www.nestruimte.nl/events/de-zomerspeeltuin6?year=2026&month=8,The Summer Playground #6,family,FALSE,,TRUE,"people with disabilities, visual impairment support, wheelchair access, assistance dogs",7-12 years,TRUE,TRUE,FALSE,FALSE,FALSE,FALSE,FALSE,FALSE,FALSE,FALSE,FALSE,FALSE,FALSE,FALSE,FALSE
168,NEST,art museum,Den Haag,http://www.nestruimte.nl/events/de-zomerspeeltuin?year=2026&month=7,The Summer Playground #1,family,FALSE,,TRUE,"people with disabilities, visual impairment support, wheelchair access, assistance dogs",7-12 years,TRUE,TRUE,FALSE,FALSE,FALSE,FALSE,FALSE,FALSE,FALSE,FALSE,FALSE,FALSE,FALSE,FALSE,FALSE
169,NEST,art museum,Den Haag,http://www.nestruimte.nl/events/de-zomerspeeltuin5?year=2026&month=8,The Summer Playground #5,family,FALSE,,TRUE,"people with disabilities, visual impairment support, wheelchair access, assistance dogs",7-12 years,TRUE,TRUE,FALSE,FALSE,FALSE,FALSE,FALSE,FALSE,FALSE,FALSE,FALSE,FALSE,FALSE,FALSE,FALSE
170,NEST,art museum,Den Haag,http://www.nestruimte.nl/education/jonge-haagse-stadsfotograaf,Jonge Haagse Stadsfotograaf,family,FALSE,,TRUE,"people with disabilities, visual impairment support, wheelchair access, assistance dogs",,TRUE,TRUE,FALSE,FALSE,FALSE,FALSE,FALSE,FALSE,FALSE,FALSE,FALSE,FALSE,FALSE,FALSE,FALSE
171,NEST,art museum,Den Haag,http://www.nestruimte.nl/education/verwend-nest-onderweg-1,Verwend Nest Onderweg,family,TRUE,digital lessons,TRUE,"people with disabilities, visual impairment support, wheelchair access, assistance dogs",7-16 years,TRUE,TRUE,FALSE,FALSE,FALSE,FALSE,FALSE,FALSE,FALSE,FALSE,FALSE,FALSE,FALSE,FALSE,FALSE
172,Museum Borg Verhildersum,castle,Groningen,https://www.verhildersum.nl/en/visit/family-and-children/,The Verhildersum Mystery,family,FALSE,,TRUE,wheelchair access,,TRUE,FALSE,FALSE,FALSE,FALSE,FALSE,FALSE,FALSE,FALSE,FALSE,FALSE,FALSE,FALSE,FALSE,FALSE
173,Museum Borg Verhildersum,castle,Groningen,https://www.verhildersum.nl/nl/plan-je-bezoek/onderwijs/,De Platenkoffer van Ede Staal,school,TRUE,digital lessons,TRUE,wheelchair access,11-14 years,TRUE,FALSE,FALSE,FALSE,FALSE,FALSE,FALSE,FALSE,FALSE,FALSE,FALSE,FALSE,FALSE,FALSE,FALSE
174,Museum Borg Verhildersum,castle,Groningen,https://www.verhildersum.nl/nl/plan-je-bezoek/onderwijs/,Het verhaal can Museum Borg Verhildersum online,school,TRUE,digital lessons,TRUE,wheelchair access,4+ years,TRUE,FALSE,FALSE,FALSE,FALSE,FALSE,FALSE,FALSE,FALSE,FALSE,FALSE,FALSE,FALSE,FALSE,FALSE
175,Museum Borg Verhildersum,castle,Groningen,https://www.verhildersum.nl/nl/plan-je-bezoek/onderwijs/,"Tante van de Tijd: Marie, dienstmeisje op Verhildersum",school,TRUE,video,TRUE,wheelchair access,8-10 years,TRUE,FALSE,FALSE,FALSE,FALSE,FALSE,FALSE,FALSE,FALSE,FALSE,FALSE,FALSE,FALSE,FALSE,FALSE
176,Museum Borg Verhildersum,castle,Groningen,https://www.verhildersum.nl/nl/plan-je-bezoek/onderwijs/,Speurtocht,school,FALSE,,TRUE,wheelchair access,10-13 years,TRUE,FALSE,FALSE,FALSE,FALSE,FALSE,FALSE,FALSE,FALSE,FALSE,FALSE,FALSE,FALSE,FALSE,FALSE
177,Museum Borg Verhildersum,castle,Groningen,https://www.verhildersum.nl/nl/ontdek/de-schat-van-van-starkenborgh/,De Schat van Van Starkenborgh,family,TRUE,"app, smartphone",TRUE,wheelchair access,,TRUE,FALSE,FALSE,FALSE,FALSE,FALSE,FALSE,FALSE,FALSE,FALSE,FALSE,FALSE,FALSE,FALSE,FALSE
178,Museum Borg Verhildersum,castle,Groningen,https://www.verhildersum.nl/nl/agenda/ede-staal-mijn-groningen-mien-grunnen/,Ede Stall: mijn Groningen - mien Grunnen,family,TRUE,"VR, virtual reality, game",TRUE,wheelchair access,,TRUE,TRUE,TRUE,FALSE,FALSE,FALSE,FALSE,FALSE,FALSE,FALSE,FALSE,FALSE,FALSE,FALSE,FALSE
179,Joods Historisch Kindermuseum,historical museum,Amsterdam,https://jck.nl/en/agenda/eden-and-golden-rule,Eden and the Golden Rule,family,TRUE,"app, tablet, audio",TRUE,"people with disabilities, visual impairment support, hearing impairment support, wheelchair access, assistance dogs",,TRUE,TRUE,TRUE,FALSE,FALSE,FALSE,FALSE,FALSE,FALSE,FALSE,FALSE,FALSE,FALSE,FALSE,TRUE
180,Jewish Museum,historical museum,Amsterdam,https://jck.nl/en/education/tour-jewish-museum-primary-education,Guided tour,school,TRUE,multimedia tour,TRUE,"people with disabilities, visual impairment support, hearing impairment support, wheelchair access, assistance dogs",9-12 years,TRUE,TRUE,TRUE,TRUE,FALSE,FALSE,FALSE,FALSE,FALSE,FALSE,FALSE,FALSE,FALSE,FALSE,TRUE
181,Joods Historisch Kindermuseum,historical museum,Amsterdam,https://jck.nl/en/route/route-with-young-children,An hour at Jewish Museum junior with the kids (6+),family,TRUE,multimedia tour,TRUE,"people with disabilities, visual impairment support, hearing impairment support, wheelchair access, assistance dogs",6-12 years,TRUE,TRUE,TRUE,FALSE,FALSE,FALSE,FALSE,FALSE,FALSE,FALSE,FALSE,FALSE,FALSE,FALSE,TRUE
182,Joods Historisch Kindermuseum,historical museum,Amsterdam,https://jck.nl/route/route-met-jonge-kinderen,An hour at Jewish Museum junior with the kids (10+),family,TRUE,multimedia tour,TRUE,"people with disabilities, visual impairment support, hearing impairment support, wheelchair access, assistance dogs",10+ years,TRUE,TRUE,TRUE,FALSE,FALSE,FALSE,FALSE,FALSE,FALSE,FALSE,FALSE,FALSE,FALSE,FALSE,TRUE
183,National Holocaust Museum,historical museum,Amsterdam,https://jck.nl/en/education/the-childrens-rescue,The Children's Rescue,school,FALSE,,TRUE,"people with disabilities, visual impairment support, hearing impairment support, wheelchair access, assistance dogs",10-12 years,TRUE,TRUE,FALSE,FALSE,FALSE,FALSE,FALSE,FALSE,FALSE,FALSE,FALSE,FALSE,FALSE,FALSE,FALSE
184,Hollandse Schouwburg,historical museum,Amsterdam,https://jck.nl/en/education/remember-me-primary-education,Remember Me,school,FALSE,,TRUE,"people with disabilities, visual impairment support, hearing impairment support, wheelchair access, assistance dogs",11-12 years,TRUE,TRUE,FALSE,FALSE,FALSE,FALSE,FALSE,FALSE,FALSE,FALSE,FALSE,FALSE,FALSE,FALSE,FALSE
185,Portuguese Synagogue,"historical museum, synagogue",Amsterdam,https://jck.nl/en/education/tour-portuguese-synagogue-primary-education,Guided tour,school,TRUE,multimedia tour; tablet,TRUE,"people with disabilities, visual impairment support, hearing impairment support, wheelchair access, assistance dogs",9-12 years,TRUE,TRUE,TRUE,TRUE,TRUE,FALSE,FALSE,FALSE,FALSE,FALSE,FALSE,FALSE,FALSE,FALSE,TRUE
186,Jewish Museum,historical museum,Amsterdam,https://jck.nl/en/education/walking-tour-jewish-amsterdam-primary-education,Walking tour Jewish Amsterdam,school,FALSE,,TRUE,"people with disabilities, visual impairment support, hearing impairment support, wheelchair access, assistance dogs",9-12 years,TRUE,TRUE,TRUE,TRUE,TRUE,FALSE,FALSE,FALSE,FALSE,FALSE,FALSE,FALSE,FALSE,FALSE,TRUE
187,National Holocaust Museum,historical museum,Amsterdam,https://jck.nl/en/education/tour-national-holocaust-museum,Tour National Holocaust Museum,school,FALSE,,TRUE,"people with disabilities, visual impairment support, hearing impairment support, wheelchair access, assistance dogs",12+ years,TRUE,TRUE,FALSE,FALSE,FALSE,FALSE,FALSE,FALSE,FALSE,FALSE,FALSE,FALSE,FALSE,FALSE,FALSE
188,Jewish Museum,historical museum,Amsterdam,https://jck.nl/en/education/walking-tour-holocaust-memorial-secondary-education,Walking tour National Holocaust Names Memorial,school,FALSE,,TRUE,"people with disabilities, visual impairment support, hearing impairment support, wheelchair access, assistance dogs",12+ years,TRUE,TRUE,TRUE,TRUE,TRUE,FALSE,FALSE,FALSE,FALSE,FALSE,FALSE,FALSE,FALSE,FALSE,TRUE
189,Biesbosch Museum Werkendam,natural science museum; open-air museum,Werkendam,https://www.biesboschmuseumeiland.nl/plan-je-bezoek/scholen-en-educatie/,Animal friend's path Pannekoek,school,FALSE,,TRUE,"people with disabilities, wheelchair access",6-9 years,TRUE,TRUE,FALSE,FALSE,FALSE,FALSE,FALSE,FALSE,FALSE,FALSE,FALSE,FALSE,FALSE,FALSE,FALSE
190,Biesbosch Museum Werkendam,natural science museum; open-air museum,Werkendam,https://www.biesboschmuseumeiland.nl/plan-je-bezoek/scholen-en-educatie/,Beverpad op de Pannekoek,school,FALSE,,TRUE,"people with disabilities, wheelchair access",6-11 years,TRUE,FALSE,FALSE,FALSE,FALSE,FALSE,FALSE,FALSE,FALSE,FALSE,FALSE,FALSE,FALSE,FALSE,FALSE
191,Biesbosch Museum Werkendam,natural science museum; open-air museum,Werkendam,https://www.biesboschmuseumeiland.nl/plan-je-bezoek/scholen-en-educatie/,Biesbosch Museumvaartocht,school,FALSE,,TRUE,"people with disabilities, wheelchair access",4-12 years,FALSE,TRUE,FALSE,FALSE,FALSE,FALSE,FALSE,FALSE,FALSE,FALSE,FALSE,FALSE,FALSE,FALSE,FALSE
192,Biesbosch Museum Werkendam,natural science museum; open-air museum,Werkendam,https://www.biesboschmuseumeiland.nl/plan-je-bezoek/scholen-en-educatie/,Scavenger hunt through the museum,school,TRUE,video,TRUE,"people with disabilities, wheelchair access",10-14 years,TRUE,FALSE,FALSE,FALSE,FALSE,FALSE,FALSE,FALSE,FALSE,FALSE,FALSE,FALSE,FALSE,FALSE,FALSE
193,Biesbosch Museum Werkendam,natural science museum; open-air museum,Werkendam,https://www.biesboschmuseumeiland.nl/plan-je-bezoek/scholen-en-educatie/,UV speurtocht door het museum,school,FALSE,,TRUE,"people with disabilities, wheelchair access",6-11 years,TRUE,FALSE,FALSE,FALSE,FALSE,FALSE,FALSE,FALSE,FALSE,FALSE,FALSE,FALSE,FALSE,FALSE,FALSE
194,Biesbosch Museum Werkendam,natural science museum; open-air museum,Werkendam,https://www.biesboschmuseumeiland.nl/exposities/ar-museum-tour/,AR Museum tour,family,TRUE,"AR, augmented reality, app, tablet, VR,  virtual reality",TRUE,"people with disabilities, wheelchair access",,TRUE,FALSE,FALSE,FALSE,FALSE,FALSE,FALSE,FALSE,FALSE,FALSE,FALSE,FALSE,FALSE,FALSE,FALSE
195,Biesbosch Museum Werkendam,natural science museum; open-air museum,Werkendam,https://www.biesboschmuseumeiland.nl/plan-je-bezoek/buitenmuseum/,Buitenmuseum,family,FALSE,,TRUE,"people with disabilities, wheelchair access",,TRUE,FALSE,FALSE,FALSE,FALSE,FALSE,FALSE,FALSE,FALSE,FALSE,FALSE,FALSE,FALSE,FALSE,FALSE
196,Biesbosch Museum Werkendam,natural science museum; open-air museum,Werkendam,https://www.biesboschmuseumeiland.nl/plan-je-bezoek/kinderen/,Vier je feestje,family,FALSE,,TRUE,"people with disabilities, wheelchair access",,TRUE,FALSE,FALSE,FALSE,FALSE,FALSE,FALSE,FALSE,FALSE,FALSE,FALSE,FALSE,FALSE,FALSE,FALSE
197,Historisch Museum Ede,historical museum,Ede,https://historischmuseumede.nl/educatie/schoolbezoeken/,"Wie wat bewaart, die heeft wat!",school,FALSE,,FALSE,,4+ jaar,TRUE,FALSE,FALSE,FALSE,FALSE,FALSE,FALSE,FALSE,FALSE,FALSE,FALSE,FALSE,FALSE,FALSE,FALSE
198,Historisch Museum Ede,historical museum,Ede,https://www.historischmuseumede.nl#,"EUREKA, ondergronds gevonden!'",school,FALSE,,FALSE,,10-14 years,TRUE,FALSE,FALSE,FALSE,FALSE,FALSE,FALSE,FALSE,FALSE,FALSE,FALSE,FALSE,FALSE,FALSE,FALSE
199,Historisch Museum Ede,historical museum,Ede,https://www.historischmuseumede.nl#,Van Eten naar Food,school,FALSE,,FALSE,,4-12 years,TRUE,FALSE,FALSE,FALSE,FALSE,FALSE,FALSE,FALSE,FALSE,FALSE,FALSE,FALSE,FALSE,FALSE,FALSE
200,Historisch Museum Ede,historical museum,Ede,https://www.historischmuseumede.nl#,In het kader van de Leerlijn Erfgoed,school,FALSE,,FALSE,,4-12 years,TRUE,FALSE,FALSE,FALSE,FALSE,FALSE,FALSE,FALSE,FALSE,FALSE,FALSE,FALSE,FALSE,FALSE,FALSE
201,Historisch Museum Ede,historical museum,Ede,https://www.historischmuseumede.nl#,The Flying Dutchman,school,TRUE,video,FALSE,,8+ years,TRUE,FALSE,FALSE,FALSE,FALSE,FALSE,FALSE,FALSE,FALSE,FALSE,FALSE,FALSE,FALSE,FALSE,FALSE
202,Historisch Museum Ede,historical museum,Ede,https://historischmuseumede.nl/educatie/workshops/,Workshops & activiteiten,family,TRUE,multimedia tour,FALSE,,,TRUE,FALSE,FALSE,FALSE,FALSE,FALSE,FALSE,FALSE,FALSE,FALSE,FALSE,FALSE,FALSE,FALSE,FALSE
203,Historisch Museum Ede,historical museum,Ede,https://historischmuseumede.nl/events/kinderworkshop-in-de-zomervakantie/,Kinderworkshop in de zomervakantie,family,FALSE,,FALSE,,4+ years,TRUE,FALSE,FALSE,FALSE,FALSE,FALSE,FALSE,FALSE,FALSE,FALSE,FALSE,FALSE,FALSE,FALSE,FALSE
204,Historisch Museum Ede,historical museum,Ede,https://historischmuseumede.nl/zien-en-doen/,Groeten uit Ede!,family,FALSE,,FALSE,,4-12 years,TRUE,FALSE,FALSE,FALSE,FALSE,FALSE,FALSE,FALSE,FALSE,FALSE,FALSE,FALSE,FALSE,FALSE,FALSE
205,Historisch Museum Ede,historical museum,Ede,https://historischmuseumede.nl/zien-en-doen/,Bouw je eigen trein of station!,family,FALSE,,FALSE,,4-12 years,TRUE,FALSE,FALSE,FALSE,FALSE,FALSE,FALSE,FALSE,FALSE,FALSE,FALSE,FALSE,FALSE,FALSE,FALSE
206,Maczek Memorial Breda,"military museum, memorial",Breda,https://www.maczekmemorialbreda.nl/bezoek-voor-scholen,Scholenprogramma,school,FALSE,,FALSE,,12-14 years,TRUE,FALSE,FALSE,FALSE,FALSE,FALSE,FALSE,FALSE,FALSE,FALSE,FALSE,FALSE,FALSE,FALSE,FALSE
207,Discovery Museum,science museum,Kerkrade,https://www.discoverymuseum.nl/activiteiten/ai-de-expo/,Ai: de expo,family,TRUE,"game, robot, AI",TRUE,"people with disabilities, wheelchair access, assistance dogs, stimulus-friendly",,TRUE,FALSE,FALSE,FALSE,FALSE,FALSE,FALSE,FALSE,FALSE,FALSE,FALSE,FALSE,FALSE,FALSE,FALSE
208,Discovery Museum,science museum,Kerkrade,https://www.discoverymuseum.nl/activiteiten/einstein-telescope-gravity-tour/,Einstein Telescope Gravity Tour,school,TRUE,"interactive lesson, multimedia",TRUE,"people with disabilities, wheelchair access, assistance dogs, stimulus-friendly",12+ years,TRUE,FALSE,FALSE,FALSE,FALSE,FALSE,FALSE,FALSE,FALSE,FALSE,FALSE,FALSE,FALSE,FALSE,FALSE
209,Discovery Museum,science museum,Kerkrade,https://www.discoverymuseum.nl/activiteiten/revolutie-aarde-durf-jij-het-aan/,Revolutie Aarde,family,TRUE,"interactive, multimedia",TRUE,"people with disabilities, wheelchair access, assistance dogs, stimulus-friendly",6+ years,TRUE,TRUE,TRUE,FALSE,FALSE,FALSE,FALSE,FALSE,FALSE,FALSE,FALSE,FALSE,FALSE,FALSE,FALSE
210,Discovery Museum,science museum,Kerkrade,https://www.discoverymuseum.nl/activiteiten/expeditie/,Expedition,family,TRUE,"interactive, multimedia, AR, augmented reality",TRUE,"people with disabilities, wheelchair access, assistance dogs, stimulus-friendly",,TRUE,FALSE,FALSE,FALSE,FALSE,FALSE,FALSE,FALSE,FALSE,FALSE,FALSE,FALSE,FALSE,FALSE,FALSE
211,Discovery Museum,science museum,Kerkrade,https://www.discoverymuseum.nl/einstein-telescope/einstein-telescope-gravity-tour/,Escape Game,family,TRUE,"interactive, multimedia",TRUE,"people with disabilities, wheelchair access, assistance dogs, stimulus-friendly",10+ years,TRUE,FALSE,FALSE,FALSE,FALSE,FALSE,FALSE,FALSE,FALSE,FALSE,FALSE,FALSE,FALSE,FALSE,FALSE
212,Discovery Museum,science museum,Kerkrade,https://www.discoverymuseum.nl/kinderfeestjes/,Ontdektocht Feest,family,FALSE,,TRUE,"people with disabilities, wheelchair access, assistance dogs, stimulus-friendly",5+ years,TRUE,FALSE,FALSE,FALSE,FALSE,FALSE,FALSE,FALSE,FALSE,FALSE,FALSE,FALSE,FALSE,FALSE,FALSE
213,Discovery Museum,science museum,Kerkrade,https://www.discoverymuseum.nl/kinderfeestjes/,Science Box Feest,family,FALSE,,TRUE,"people with disabilities, wheelchair access, assistance dogs, stimulus-friendly",5+ years,TRUE,FALSE,FALSE,FALSE,FALSE,FALSE,FALSE,FALSE,FALSE,FALSE,FALSE,FALSE,FALSE,FALSE,FALSE
214,Discovery Museum,science museum,Kerkrade,https://www.discoverymuseum.nl/kinderfeestjes/,"Proef(jes) feest, KNAL! Feest",family,FALSE,,TRUE,"people with disabilities, wheelchair access, assistance dogs, stimulus-friendly",,TRUE,FALSE,FALSE,FALSE,FALSE,FALSE,FALSE,FALSE,FALSE,FALSE,FALSE,FALSE,FALSE,FALSE,FALSE
215,Discovery Museum,science museum,Kerkrade,https://www.discoverymuseum.nl/activiteiten/science-labs/,Science Labs,family,FALSE,,TRUE,"people with disabilities, wheelchair access, assistance dogs, stimulus-friendly",,TRUE,FALSE,FALSE,FALSE,FALSE,FALSE,FALSE,FALSE,FALSE,FALSE,FALSE,FALSE,FALSE,FALSE,FALSE
216,Nationaal Militair Museum,military museum,Soest,https://www.nmm.nl/nl/zien-en-doen/xplore/,Xplore,family,FALSE,,TRUE,"people with disabilities, wheelchair access",,TRUE,FALSE,FALSE,FALSE,FALSE,FALSE,FALSE,FALSE,FALSE,FALSE,FALSE,FALSE,FALSE,FALSE,FALSE
217,Nationaal Militair Museum,military museum,Soest,https://www.nmm.nl/nl/bezoek/scholen/basisonderwijs/lesprogrammas/,De Klas van '45,school,TRUE,"interactive lesson, multimedia",TRUE,"people with disabilities, wheelchair access",12-14 years,TRUE,FALSE,FALSE,FALSE,FALSE,FALSE,FALSE,FALSE,FALSE,FALSE,FALSE,FALSE,FALSE,FALSE,FALSE
218,Nationaal Militair Museum,military museum,Soest,https://www.nmm.nl/nl/bezoek/scholen/basisonderwijs/lesprogrammas/,De Veteraan Vertelt,school,FALSE,,TRUE,"people with disabilities, wheelchair access",12-14 years,TRUE,FALSE,FALSE,FALSE,FALSE,FALSE,FALSE,FALSE,FALSE,FALSE,FALSE,FALSE,FALSE,FALSE,FALSE
219,Nationaal Militair Museum,military museum,Soest,https://www.nmm.nl/nl/bezoek/scholen/basisonderwijs/lesprogrammas/,Militaire Uitvindingen,school,FALSE,,TRUE,"people with disabilities, wheelchair access",10-14 years,TRUE,FALSE,FALSE,FALSE,FALSE,FALSE,FALSE,FALSE,FALSE,FALSE,FALSE,FALSE,FALSE,FALSE,FALSE
220,Nationaal Militair Museum,military museum,Soest,https://www.nmm.nl/nl/bezoek/scholen/basisonderwijs/actief/,Bootcamp Junior,school,FALSE,,FALSE,,10-14 years,TRUE,FALSE,FALSE,FALSE,FALSE,FALSE,FALSE,FALSE,FALSE,FALSE,FALSE,FALSE,FALSE,FALSE,FALSE
221,Nationaal Militair Museum,military museum,Soest,https://www.nmm.nl/nl/bezoek/scholen/basisonderwijs/actief/,Katapult Challenge,school,FALSE,,FALSE,,12-14 years,TRUE,FALSE,FALSE,FALSE,FALSE,FALSE,FALSE,FALSE,FALSE,FALSE,FALSE,FALSE,FALSE,FALSE,FALSE
222,Nationaal Militair Museum,military museum,Soest,https://www.nmm.nl/nl/bezoek/scholen/basisonderwijs/speurtochten/,Speurtocht: Van groene pet tot baret,family,FALSE,,FALSE,,5+ years,TRUE,FALSE,FALSE,FALSE,FALSE,FALSE,FALSE,FALSE,FALSE,FALSE,FALSE,FALSE,FALSE,FALSE,FALSE
223,Nationaal Militair Museum,military museum,Soest,https://www.nmm.nl/nl/bezoek/scholen/basisonderwijs/actief/,Speurtocht: Volg het spoor van een echte soldaat,family,FALSE,,FALSE,,8+ years,TRUE,FALSE,FALSE,FALSE,FALSE,FALSE,FALSE,FALSE,FALSE,FALSE,FALSE,FALSE,FALSE,FALSE,FALSE
224,Nationaal Militair Museum,military museum,Soest,https://www.nmm.nl/nl/bezoek/scholen/basisonderwijs/actief/,Technotrek,family,FALSE,,FALSE,,12+ years,TRUE,FALSE,FALSE,FALSE,FALSE,FALSE,FALSE,FALSE,FALSE,FALSE,FALSE,FALSE,FALSE,FALSE,FALSE
225,Museum Slot Loevestein,historical museum; military museum,Poederoijen,slotloevestein.nl/onderwijsmodules/themalessen/,Themales: Meddeleeuwen,school,FALSE,,TRUE,"people with disabilities, wheelchair access",4-12 years,TRUE,FALSE,FALSE,FALSE,FALSE,FALSE,FALSE,FALSE,FALSE,FALSE,FALSE,FALSE,FALSE,FALSE,FALSE
226,Museum Slot Loevestein,historical museum; military museum,Poederoijen,http://www.slotloevestein.nl/#,Themales: Hugo de Groot,school,FALSE,,TRUE,"people with disabilities, wheelchair access",4-12 years,TRUE,FALSE,FALSE,FALSE,FALSE,FALSE,FALSE,FALSE,FALSE,FALSE,FALSE,FALSE,FALSE,FALSE,FALSE
227,Museum Slot Loevestein,historical museum; military museum,Poederoijen,https://www.slotloevestein.nl/primair-onderwijs/,Themales: De Hollandse Waterlinie,school,FALSE,,TRUE,"people with disabilities, wheelchair access",4-12 years,TRUE,FALSE,FALSE,FALSE,FALSE,FALSE,FALSE,FALSE,FALSE,FALSE,FALSE,FALSE,FALSE,FALSE,FALSE
228,Museum Slot Loevestein,historical museum; military museum,Poederoijen,https://www.slotloevestein.nl/onderwijsmodules/het-stenen-huis/,Het stenen huis van Dirc Loef,school,FALSE,,TRUE,"people with disabilities, wheelchair access",4-6 years,TRUE,FALSE,FALSE,FALSE,FALSE,FALSE,FALSE,FALSE,FALSE,FALSE,FALSE,FALSE,FALSE,FALSE,FALSE
229,Museum Slot Loevestein,historical museum; military museum,Poederoijen,https://www.slotloevestein.nl/onderwijsmodules/museumles-op-visite-bij-hugo-en-maria/,Op visite bij Hugo en Maria,school,FALSE,,TRUE,"people with disabilities, wheelchair access",8-10 years,TRUE,FALSE,FALSE,FALSE,FALSE,FALSE,FALSE,FALSE,FALSE,FALSE,FALSE,FALSE,FALSE,FALSE,FALSE
230,Museum Slot Loevestein,historical museum; military museum,Poederoijen,https://www.slotloevestein.nl/onderwijsmodules/het-ware-verhaal/,Het ware verhaal,school,FALSE,,TRUE,"people with disabilities, wheelchair access",10-12 years,TRUE,FALSE,FALSE,FALSE,FALSE,FALSE,FALSE,FALSE,FALSE,FALSE,FALSE,FALSE,FALSE,FALSE,FALSE
231,Museum Slot Loevestein,historical museum; military museum,Poederoijen,https://www.slotloevestein.nl/onderwijsmodules/wie-is-hugo/,Wie is Hugo?,school,FALSE,,TRUE,"people with disabilities, wheelchair access",12-14 years,TRUE,FALSE,FALSE,FALSE,FALSE,FALSE,FALSE,FALSE,FALSE,FALSE,FALSE,FALSE,FALSE,FALSE,FALSE
232,Museum Slot Loevestein,historical museum; military museum,Poederoijen,https://www.slotloevestein.nl/onderwijsmodules/hollandse-waterlinies/,UNESCO Hollandse Waterlinies,school,FALSE,,TRUE,"people with disabilities, wheelchair access",11-14 years,TRUE,FALSE,FALSE,FALSE,FALSE,FALSE,FALSE,FALSE,FALSE,FALSE,FALSE,FALSE,FALSE,FALSE,FALSE
233,Museum Slot Loevestein,historical museum; military museum,Poederoijen,https://www.slotloevestein.nl/onderwijsmodules/historische-rondleiding/,Rondleiding door Slot Loevestein,school,FALSE,,TRUE,"people with disabilities, wheelchair access",6-14 years,TRUE,FALSE,FALSE,FALSE,FALSE,FALSE,FALSE,FALSE,FALSE,FALSE,FALSE,FALSE,FALSE,FALSE,FALSE
234,Museum Slot Loevestein,historical museum; military museum,Poederoijen,https://www.slotloevestein.nl/onderwijsmodules/speurtocht/,Help Hugo zoeken!,school,FALSE,,TRUE,"people with disabilities, wheelchair access",8-14 years,TRUE,FALSE,FALSE,FALSE,FALSE,FALSE,FALSE,FALSE,FALSE,FALSE,FALSE,FALSE,FALSE,FALSE,FALSE
235,Museum Slot Loevestein,historical museum; military museum,Poederoijen,https://www.slotloevestein.nl/onderwijsmodules/speurtocht/,Het woord is aan jou,school,FALSE,,TRUE,"people with disabilities, wheelchair access",11-14 years,TRUE,FALSE,FALSE,FALSE,FALSE,FALSE,FALSE,FALSE,FALSE,FALSE,FALSE,FALSE,FALSE,FALSE,FALSE
236,Museum Slot Loevestein,historical museum; military museum,Poederoijen,https://www.slotloevestein.nl/onderwijsmodules/oorlogsrecht/,Tentoonstellingenles: Oorlogsrecht,school,TRUE,"interactive lesson, multimedia",TRUE,"people with disabilities, wheelchair access",12+ years,TRUE,FALSE,FALSE,FALSE,FALSE,FALSE,FALSE,FALSE,FALSE,FALSE,FALSE,FALSE,FALSE,FALSE,FALSE
237,Museum Slot Loevestein,historical museum; military museum,Poederoijen,https://www.slotloevestein.nl/onderwijsmodules/tussen-de-rivieren/,Tussen de rivieren,school,FALSE,,TRUE,"people with disabilities, wheelchair access",12+ years,TRUE,FALSE,FALSE,FALSE,FALSE,FALSE,FALSE,FALSE,FALSE,FALSE,FALSE,FALSE,FALSE,FALSE,FALSE
238,Museum Slot Loevestein,historical museum; military museum,Poederoijen,https://www.slotloevestein.nl/onderwijsmodules/hoezo-opstand/,Hoezo opstand?,school,FALSE,,TRUE,"people with disabilities, wheelchair access",12+ years,TRUE,FALSE,FALSE,FALSE,FALSE,FALSE,FALSE,FALSE,FALSE,FALSE,FALSE,FALSE,FALSE,FALSE,FALSE
239,Museum Slot Loevestein,historical museum; military museum,Poederoijen,https://www.slotloevestein.nl/onderwijsmodules/tentoonstellingsles-speak-up/,Tentoonstellingenles: Speak up!,school,FALSE,,TRUE,"people with disabilities, wheelchair access",12+ years,TRUE,FALSE,FALSE,FALSE,FALSE,FALSE,FALSE,FALSE,FALSE,FALSE,FALSE,FALSE,FALSE,FALSE,FALSE
240,FENIX Migration Museum,migration museum; art museum,Rotterdam,https://www.fenix.nl/en/primary-education/,Self-guided visit,school,TRUE,audio guide,TRUE,"people with disabilities, visual impairment support, wheelchair access, assistance dogs",4+ years,TRUE,TRUE,FALSE,FALSE,FALSE,FALSE,FALSE,FALSE,FALSE,FALSE,FALSE,FALSE,FALSE,FALSE,FALSE
241,FENIX Migration Museum,migration museum; art museum,Rotterdam,https://www.fenix.nl/en/primary-education/,Self-guided school route,school,FALSE,,TRUE,"hearing impairment support, people with disabilities, wheelchair access, assistance dogs",10+ years,TRUE,TRUE,FALSE,FALSE,FALSE,FALSE,FALSE,FALSE,FALSE,FALSE,FALSE,FALSE,FALSE,FALSE,FALSE
242,Museum de Schat van Simpelveld,regional museum; monastery,Simpelveld,https://deschatvansimpelveld.nl/scholen/,Programma's primair onderwijs,school,FALSE,,TRUE,"people with disabilities, wheelchair access",4-12 years,TRUE,FALSE,FALSE,FALSE,FALSE,FALSE,FALSE,FALSE,FALSE,FALSE,FALSE,FALSE,FALSE,FALSE,FALSE
243,Rietveldpaviljoen De Zonnehof,art museum,Amersfoort,https://033rietveldpaviljoen.nl/educatie/,Programma's voor scholen,school,FALSE,,FALSE,,4+ years,TRUE,FALSE,FALSE,TRUE,FALSE,FALSE,FALSE,FALSE,FALSE,FALSE,FALSE,FALSE,FALSE,FALSE,FALSE
244,Openluchtmuseum Het Hoogeland,open-air museum,Eemsmond,https://www.hethoogeland.com/plan-uw-bezoek/scholen-educatie-kunst-en-cultuur-kinderuitje/,Brief aan de Toekomst,school,FALSE,,TRUE,"wheelchair access, stimulus-friendly, assistance dogs",6-12 years,TRUE,FALSE,FALSE,FALSE,FALSE,FALSE,FALSE,FALSE,FALSE,FALSE,FALSE,FALSE,FALSE,FALSE,FALSE
245,Openluchtmuseum Het Hoogeland,open-air museum,Eemsmond,https://www.hethoogeland.com/plan-uw-bezoek/scholen-educatie-kunst-en-cultuur-kinderuitje/,Mispoes!,school,TRUE,"interactive, robot",TRUE,"wheelchair access, stimulus-friendly, assistance dogs",6-8 years,TRUE,FALSE,FALSE,FALSE,FALSE,FALSE,FALSE,FALSE,FALSE,FALSE,FALSE,FALSE,FALSE,FALSE,FALSE
246,Openluchtmuseum Het Hoogeland,open-air museum,Eemsmond,https://www.hethoogeland.com/plan-uw-bezoek/scholen-educatie-kunst-en-cultuur-kinderuitje/,"Over de Dingen, die voorbijgaan",school,FALSE,,TRUE,"wheelchair access, stimulus-friendly, assistance dogs",8-10 years,TRUE,FALSE,FALSE,FALSE,FALSE,FALSE,FALSE,FALSE,FALSE,FALSE,FALSE,FALSE,FALSE,FALSE,FALSE
247,Openluchtmuseum Het Hoogeland,open-air museum,Eemsmond,https://www.hethoogeland.com/plan-uw-bezoek/scholen-educatie-kunst-en-cultuur-kinderuitje/,Een Dag uit Leven van Jet & Jan,school,TRUE,digital lessons,TRUE,"wheelchair access, stimulus-friendly, assistance dogs",10-12 years,TRUE,FALSE,FALSE,FALSE,FALSE,FALSE,FALSE,FALSE,FALSE,FALSE,FALSE,FALSE,FALSE,FALSE,FALSE
248,Katwijks Museum,art museum; regional museum,Katwijk,https://www.katwijksmuseum.nl/schoolprojecten/,Schoolprojecten,school,FALSE,,FALSE,,4-14 years,TRUE,TRUE,TRUE,FALSE,FALSE,FALSE,FALSE,FALSE,FALSE,FALSE,FALSE,FALSE,FALSE,FALSE,FALSE
249,Katwijks Museum,art museum; regional museum,Katwijk,https://www.katwijksmuseum.nl/schoolprojecten/,Speurtocht,family,FALSE,,FALSE,,5-13 years,TRUE,TRUE,TRUE,FALSE,FALSE,FALSE,FALSE,FALSE,FALSE,FALSE,FALSE,FALSE,FALSE,FALSE,FALSE
250,Multatuli Museum,historical museum,Amsterdam,http://www.multatuli-museum.nl/educatie,Multatuli Museum visit,school,FALSE,,FALSE,,,TRUE,FALSE,FALSE,FALSE,FALSE,FALSE,FALSE,FALSE,FALSE,FALSE,FALSE,FALSE,FALSE,FALSE,FALSE
251,Marres,art museum,Maastricht,https://marres.org/en/education/marres-extended/,Youth program Extended,family,FALSE,,TRUE,"wheelchair access, assistance dogs",14+ years,TRUE,TRUE,FALSE,FALSE,FALSE,FALSE,FALSE,FALSE,FALSE,FALSE,FALSE,FALSE,FALSE,FALSE,FALSE
252,Marres,art museum,Maastricht,https://marres.org/en/education/primary-education/,In-depth Tour,school,FALSE,,TRUE,"wheelchair access, assistance dogs",4-12 years,TRUE,TRUE,FALSE,FALSE,FALSE,FALSE,FALSE,FALSE,FALSE,FALSE,FALSE,FALSE,FALSE,FALSE,FALSE
253,Marres,art museum,Maastricht,https://marres.org/en/education/primary-education/,Workshop The Invisible Collection,school,FALSE,,TRUE,"wheelchair access, assistance dogs",9-13 years,TRUE,TRUE,FALSE,FALSE,FALSE,FALSE,FALSE,FALSE,FALSE,FALSE,FALSE,FALSE,FALSE,FALSE,FALSE
254,Marres,art museum,Maastricht,https://marres.org/en/education/primary-education/,After-school care,school,FALSE,,TRUE,"wheelchair access, assistance dogs",4-12 years,TRUE,TRUE,FALSE,FALSE,FALSE,FALSE,FALSE,FALSE,FALSE,FALSE,FALSE,FALSE,FALSE,FALSE,FALSE
255,Marres,art museum,Maastricht,https://marres.org/en/education/sensesquared/,SenseSquared,family,FALSE,,TRUE,"wheelchair access, assistance dogs",,TRUE,TRUE,FALSE,FALSE,FALSE,FALSE,FALSE,FALSE,FALSE,FALSE,FALSE,FALSE,FALSE,FALSE,FALSE
256,Marres,art museum,Maastricht,https://marres.org/en/education/secondary-education/,In-depth Tour,school,FALSE,,TRUE,"wheelchair access, assistance dogs",12+ years,TRUE,TRUE,FALSE,FALSE,FALSE,FALSE,FALSE,FALSE,FALSE,FALSE,FALSE,FALSE,FALSE,FALSE,FALSE
257,Marres,art museum,Maastricht,https://marres.org/en/education/secondary-education/,Arts and Culture Education,school,FALSE,,TRUE,"wheelchair access, assistance dogs",12+ years,TRUE,TRUE,FALSE,FALSE,FALSE,FALSE,FALSE,FALSE,FALSE,FALSE,FALSE,FALSE,FALSE,FALSE,FALSE
258,Marres,art museum,Maastricht,https://marres.org/en/education/secondary-education/,Workshop The Invisible Collection,school,TRUE,multimedia workshop,TRUE,"wheelchair access, assistance dogs",12-14 years,TRUE,TRUE,FALSE,FALSE,FALSE,FALSE,FALSE,FALSE,FALSE,FALSE,FALSE,FALSE,FALSE,FALSE,FALSE
259,Vechtstreekmuseum,regional museum; house,Maarssen,https://www.vechtstreekmuseum.nl/over-het-museum/educatie/,Educatie,school,FALSE,,TRUE,wheelchair access,11+ years,TRUE,FALSE,FALSE,FALSE,FALSE,FALSE,FALSE,FALSE,FALSE,FALSE,FALSE,FALSE,FALSE,FALSE,FALSE
260,Design Museum Den Bosch,design museum,'s-Hertogenbosch,https://designmuseum.nl/educatie/designworkout/,Designworkout,school,FALSE,,TRUE,"wheelchair access, stimulus-friendly, assistance dogs",6-12 years,TRUE,TRUE,FALSE,FALSE,FALSE,FALSE,FALSE,FALSE,FALSE,FALSE,FALSE,FALSE,FALSE,FALSE,FALSE
261,Design Museum Den Bosch,design museum,'s-Hertogenbosch,https://designmuseum.nl/educatie/interactieve-rondleiding-po/,Interactieve Rondleiding,school,FALSE,,TRUE,"wheelchair access, stimulus-friendly, assistance dogs",6-12 years,TRUE,TRUE,FALSE,FALSE,FALSE,FALSE,FALSE,FALSE,FALSE,FALSE,FALSE,FALSE,FALSE,FALSE,FALSE
262,Design Museum Den Bosch,design museum,'s-Hertogenbosch,https://designmuseum.nl/educatie/cultuursnack/,Cultuursnack,school,TRUE,digital lessons,TRUE,"wheelchair access, stimulus-friendly, assistance dogs",10-14 years,TRUE,TRUE,FALSE,FALSE,FALSE,FALSE,FALSE,FALSE,FALSE,FALSE,FALSE,FALSE,FALSE,FALSE,FALSE
263,Design Museum Den Bosch,design museum,'s-Hertogenbosch,https://designmuseum.nl/educatie/museumlessen-in-de-klas/,Museumlessen in de klas,school,FALSE,,TRUE,"wheelchair access, stimulus-friendly, assistance dogs",8-12 years,TRUE,TRUE,FALSE,FALSE,FALSE,FALSE,FALSE,FALSE,FALSE,FALSE,FALSE,FALSE,FALSE,FALSE,FALSE
264,Design Museum Den Bosch,design museum,'s-Hertogenbosch,https://designmuseum.nl/educatie/club-zien-ogenschijnlijk/,Club Zien: Ogenschijnlijk,school,TRUE,"interactive lesson, multimedia",TRUE,"wheelchair access, stimulus-friendly, assistance dogs",12+ years,TRUE,TRUE,FALSE,FALSE,FALSE,FALSE,FALSE,FALSE,FALSE,FALSE,FALSE,FALSE,FALSE,FALSE,FALSE
265,Design Museum Den Bosch,design museum,'s-Hertogenbosch,https://designmuseum.nl/educatie/club-zien-opzicht/,Club Zien: Opzicht,school,TRUE,"interactive lesson, multimedia",TRUE,"wheelchair access, stimulus-friendly, assistance dogs",12+ years,TRUE,TRUE,FALSE,FALSE,FALSE,FALSE,FALSE,FALSE,FALSE,FALSE,FALSE,FALSE,FALSE,FALSE,FALSE
266,Grote of Sint-Laurenskerk,art museum; church,Alkmaar,https://grotekerk-alkmaar.nl/specials/verhalenvangers/,VerhalenVangers,family,TRUE,audio guide,TRUE,"people with disabilities, visual impairment support, wheelchair access, assistance dogs",,TRUE,FALSE,FALSE,TRUE,FALSE,FALSE,FALSE,FALSE,FALSE,FALSE,FALSE,FALSE,FALSE,FALSE,FALSE
267,CRASH Luchtoorlog- en Verzetsmuseum '40-'45,"historical museum, military museum",Aalsmeer,https://www.crash40-45.nl/educatie/,Educatie programma PO,school,FALSE,,FALSE,,8-12 years,TRUE,FALSE,FALSE,FALSE,FALSE,FALSE,FALSE,FALSE,FALSE,FALSE,FALSE,FALSE,FALSE,FALSE,FALSE
268,CRASH Luchtoorlog- en Verzetsmuseum '40-'45,"historical museum, military museum",Aalsmeer,https://www.crash40-45.nl/educatie/,Educatie programma VO,school,FALSE,,FALSE,,12+ years,TRUE,FALSE,FALSE,FALSE,FALSE,FALSE,FALSE,FALSE,FALSE,FALSE,FALSE,FALSE,FALSE,FALSE,FALSE
269,Stadsmuseum Doetinchem,art museum; regional museum,Doetinchem,https://www.stadsmuseumdoetinchem.nl/bezoek/educatie/,De verzamelaar,school,FALSE,,TRUE,"people with disabilities, wheelchair access, assistance dogs",6-8 years,TRUE,FALSE,FALSE,FALSE,FALSE,FALSE,FALSE,FALSE,FALSE,FALSE,FALSE,FALSE,FALSE,FALSE,FALSE
270,Stadsmuseum Doetinchem,art museum; regional museum,Doetinchem,https://www.stadsmuseumdoetinchem.nl/bezoek/educatie/,Klaartje en Kees,school,FALSE,,TRUE,"people with disabilities, wheelchair access, assistance dogs",8-10 years,TRUE,FALSE,FALSE,FALSE,FALSE,FALSE,FALSE,FALSE,FALSE,FALSE,FALSE,FALSE,FALSE,FALSE,FALSE
271,Stadsmuseum Doetinchem,art museum; regional museum,Doetinchem,https://www.stadsmuseumdoetinchem.nl/bezoek/educatie/,Kunstschatten,school,FALSE,,TRUE,"people with disabilities, wheelchair access, assistance dogs",6-14 years,TRUE,FALSE,FALSE,FALSE,FALSE,FALSE,FALSE,FALSE,FALSE,FALSE,FALSE,FALSE,FALSE,FALSE,FALSE
272,Stadsmuseum Doetinchem,art museum; regional museum,Doetinchem,https://www.stadsmuseumdoetinchem.nl/bezoek/educatie/,WOII om niet te vergetten,school,FALSE,,TRUE,"people with disabilities, wheelchair access, assistance dogs",6-14 years,TRUE,FALSE,FALSE,FALSE,FALSE,FALSE,FALSE,FALSE,FALSE,FALSE,FALSE,FALSE,FALSE,FALSE,FALSE
273,Skutsjemuseum de Stripe,regional museum,Earnewâld,https://www.skutsjemuseum.nl/voor-kinderen,Voor kinderen,school,FALSE,,FALSE,,10-14 years,TRUE,FALSE,FALSE,FALSE,FALSE,FALSE,FALSE,FALSE,FALSE,FALSE,FALSE,FALSE,FALSE,FALSE,FALSE
274,Puzzelmuseum,puzzle museum,Joure,https://puzzelmuseum.nl/scholen.html,Scholenprogramma,school,FALSE,,FALSE,,,TRUE,FALSE,FALSE,FALSE,FALSE,FALSE,FALSE,FALSE,FALSE,FALSE,FALSE,FALSE,FALSE,FALSE,FALSE
275,Puzzelmuseum,puzzle museum,Joure,https://puzzelmuseum.nl/workshops.html,Workshops,family,FALSE,,FALSE,,,TRUE,FALSE,FALSE,FALSE,FALSE,FALSE,FALSE,FALSE,FALSE,FALSE,FALSE,FALSE,FALSE,FALSE,FALSE
276,Puzzelmuseum,puzzle museum,Joure,https://puzzelmuseum.nl/familiefeest.html,Familiefeest,family,FALSE,,FALSE,,,TRUE,FALSE,FALSE,FALSE,FALSE,FALSE,FALSE,FALSE,FALSE,FALSE,FALSE,FALSE,FALSE,FALSE,FALSE
277,Museum De kantfabriek,industrial museum; factory,Horst aan de Maas,https://www.museumdekantfabriek.nl/projecten/kinderworkshop-borduren-2/,Kinderworkshop borduren,family,FALSE,,FALSE,,6-13 years,TRUE,FALSE,FALSE,FALSE,FALSE,FALSE,FALSE,FALSE,FALSE,FALSE,FALSE,FALSE,FALSE,FALSE,FALSE
278,Museum De kantfabriek,industrial museum; factory,Horst aan de Maas,https://www.museumdekantfabriek.nl/ontdek-ons/cursussen-en-workshops/,Kinderfeestjes,family,FALSE,,FALSE,,,TRUE,FALSE,FALSE,FALSE,FALSE,FALSE,FALSE,FALSE,FALSE,FALSE,FALSE,FALSE,FALSE,FALSE,FALSE
279,Kasteel Hoensbroek,historical museum; castle,Heerlen,https://www.kasteelhoensbroek.nl/wat-is-er-te-doen/nieuw-versleutelde-verhalen-tentoonstelling/,Versleutelde Verhalen,family,TRUE,multimedia tour,TRUE,wheelchair access,,TRUE,FALSE,FALSE,FALSE,FALSE,FALSE,FALSE,FALSE,FALSE,FALSE,FALSE,FALSE,FALSE,FALSE,FALSE
280,Kasteel Hoensbroek,historical museum; castle,Heerlen,https://www.kasteelhoensbroek.nl/educatie/groep-1-2-ridder-hoen-en-de-waakdraak/,Ridder hoen en de waakdraak,school,TRUE,multimedia tour,TRUE,wheelchair access,4-6 years,TRUE,FALSE,FALSE,FALSE,FALSE,FALSE,FALSE,FALSE,FALSE,FALSE,FALSE,FALSE,FALSE,FALSE,FALSE
281,Kasteel Hoensbroek,historical museum; castle,Heerlen,https://www.kasteelhoensbroek.nl/educatie/groep-1-2-de-auvermoermenkes/,De auvermoermenkes,school,FALSE,,TRUE,wheelchair access,4-6 years,TRUE,FALSE,FALSE,FALSE,FALSE,FALSE,FALSE,FALSE,FALSE,FALSE,FALSE,FALSE,FALSE,FALSE,FALSE
282,Kasteel Hoensbroek,historical museum; castle,Heerlen,https://www.kasteelhoensbroek.nl/educatie/groep-2-3-knarretje-het-narretje/,Knarret je het naaretje,school,FALSE,,TRUE,wheelchair access,7-9 years,TRUE,FALSE,FALSE,FALSE,FALSE,FALSE,FALSE,FALSE,FALSE,FALSE,FALSE,FALSE,FALSE,FALSE,FALSE
283,Kasteel Hoensbroek,historical museum; castle,Heerlen,https://www.kasteelhoensbroek.nl/educatie/groep-3-4-hoe-word-je-een-page/,Hoe word je een page,school,FALSE,,TRUE,wheelchair access,8-10 years,TRUE,FALSE,FALSE,FALSE,FALSE,FALSE,FALSE,FALSE,FALSE,FALSE,FALSE,FALSE,FALSE,FALSE,FALSE
284,Kasteel Hoensbroek,historical museum; castle,Heerlen,https://www.kasteelhoensbroek.nl/educatie/groep-4-5-wies-de-wasvrouw/,Wies de wasvrouw,school,FALSE,,TRUE,wheelchair access,9-12 years,TRUE,FALSE,FALSE,FALSE,FALSE,FALSE,FALSE,FALSE,FALSE,FALSE,FALSE,FALSE,FALSE,FALSE,FALSE
285,Kasteel Hoensbroek,historical museum; castle,Heerlen,https://www.kasteelhoensbroek.nl/educatie/groep-5-6-ridder-zonder-kasteel/,Ridder zonder kasteel,school,FALSE,,TRUE,wheelchair access,10-12 years,TRUE,FALSE,FALSE,FALSE,FALSE,FALSE,FALSE,FALSE,FALSE,FALSE,FALSE,FALSE,FALSE,FALSE,FALSE
286,Kasteel Hoensbroek,historical museum; castle,Heerlen,https://www.kasteelhoensbroek.nl/educatie/groep-7-8-bokkenrijders-wat-een-bende/,Bokkenrijders: wat een bende!,school,FALSE,,TRUE,wheelchair access,12-14 years,TRUE,FALSE,FALSE,FALSE,FALSE,FALSE,FALSE,FALSE,FALSE,FALSE,FALSE,FALSE,FALSE,FALSE,FALSE
287,Kasteel Hoensbroek,historical museum; castle,Heerlen,https://www.kasteelhoensbroek.nl/educatie/educatieve-speurtocht-ontdek-het-kasteel/,Speurtocht: ontdek het kasteel,school,FALSE,,TRUE,wheelchair access,6-10 years,TRUE,FALSE,FALSE,FALSE,FALSE,FALSE,FALSE,FALSE,FALSE,FALSE,FALSE,FALSE,FALSE,FALSE,FALSE
288,Kasteel Hoensbroek,historical museum; castle,Heerlen,https://www.kasteelhoensbroek.nl/educatie/educatieve-ontdektocht-fotospel-op-de-gevoelige-plaat/,Fotospel: 'Op de gevoelige plaat',school,TRUE,photography,TRUE,wheelchair access,8-12 years,TRUE,FALSE,FALSE,FALSE,FALSE,FALSE,FALSE,FALSE,FALSE,FALSE,FALSE,FALSE,FALSE,FALSE,FALSE
289,Kasteel Hoensbroek,historical museum; castle,Heerlen,https://www.kasteelhoensbroek.nl/educatie/extra-spel-verover-je-schild/,Verover je schild!,school,FALSE,,TRUE,wheelchair access,8-12 years,TRUE,FALSE,FALSE,FALSE,FALSE,FALSE,FALSE,FALSE,FALSE,FALSE,FALSE,FALSE,FALSE,FALSE,FALSE
290,Kasteel Hoensbroek,historical museum; castle,Heerlen,https://www.kasteelhoensbroek.nl/educatie/combi-bezoek-kasteel-hoensbroek-blotevoetenpark/,Combi-bezoek Hoensbroek & Blotevoetenpark,family,FALSE,,TRUE,wheelchair access,,TRUE,FALSE,FALSE,FALSE,FALSE,FALSE,FALSE,FALSE,FALSE,FALSE,FALSE,FALSE,FALSE,FALSE,FALSE
291,Kasteel Hoensbroek,historical museum; castle,Heerlen,https://www.kasteelhoensbroek.nl/educatie/workshop-ontdek-vilten/,Workshop: Ontdek vilten,school,FALSE,,TRUE,wheelchair access,12+ years,TRUE,FALSE,FALSE,FALSE,FALSE,FALSE,FALSE,FALSE,FALSE,FALSE,FALSE,FALSE,FALSE,FALSE,FALSE
292,Kasteel Hoensbroek,historical museum; castle,Heerlen,https://www.kasteelhoensbroek.nl/wat-is-er-te-doen/kindervoorstelling-het-kasteel-in-rep-en-roer/,Kindervoorstelling: het kasteel in rep en roer,family,FALSE,,TRUE,wheelchair access,4-7 years,TRUE,FALSE,FALSE,FALSE,FALSE,FALSE,FALSE,FALSE,FALSE,FALSE,FALSE,FALSE,FALSE,FALSE,FALSE
293,Historisch Centrum Leeuwarden,historical museum,Leeuwarden,https://historischcentrumleeuwarden.nl/onderwijs/op-bezoek/bouwmeesters-van-de-odehove,Bouwmeesters van de Oldehove ,school,FALSE,,FALSE,,10+ years,TRUE,FALSE,FALSE,FALSE,FALSE,FALSE,FALSE,FALSE,FALSE,FALSE,FALSE,FALSE,FALSE,FALSE,FALSE
294,Historisch Centrum Leeuwarden,historical museum,Leeuwarden,https://historischcentrumleeuwarden.nl/onderwijs/op-bezoek/dief-in-het-archief-groep-7-en-8,Dief in het archief ,school,FALSE,,FALSE,,10-12 years,TRUE,FALSE,FALSE,FALSE,FALSE,FALSE,FALSE,FALSE,FALSE,FALSE,FALSE,FALSE,FALSE,FALSE,FALSE
295,Historisch Centrum Leeuwarden,historical museum,Leeuwarden,https://historischcentrumleeuwarden.nl/onderwijs/op-bezoek/oldehove,Beklim de Oldehove ,school,FALSE,,FALSE,,6+ years,TRUE,FALSE,FALSE,FALSE,FALSE,FALSE,FALSE,FALSE,FALSE,FALSE,FALSE,FALSE,FALSE,FALSE,FALSE
296,Pier Pander Museum,historical museum,Leeuwarden,https://historischcentrumleeuwarden.nl/onderwijs/op-bezoek/pier-pander,De kunst van Pier Pander ,school,FALSE,,FALSE,,6+ years,TRUE,FALSE,FALSE,FALSE,FALSE,FALSE,FALSE,FALSE,FALSE,FALSE,FALSE,FALSE,FALSE,FALSE,FALSE
297,Historisch Centrum Leeuwarden,historical museum,Leeuwarden,https://historischcentrumleeuwarden.nl/onderwijs/op-bezoek/spoedcursus-liwwadden,Spoedcursus Liwwadden ,school,FALSE,,FALSE,,6+ years,TRUE,TRUE,FALSE,FALSE,FALSE,FALSE,FALSE,FALSE,FALSE,FALSE,FALSE,FALSE,FALSE,FALSE,FALSE
298,Historisch Centrum Leeuwarden,historical museum,Leeuwarden,https://historischcentrumleeuwarden.nl/onderwijs/op-bezoek/workshops,Maatwerk & Workshops,school,FALSE,,FALSE,,6+ years,TRUE,TRUE,TRUE,FALSE,FALSE,FALSE,FALSE,FALSE,FALSE,FALSE,FALSE,FALSE,FALSE,FALSE,FALSE
299,Museum Boijmans Van Beuningen,art museum,Rotterdam,https://www.boijmans.nl/onderwijs/type/po-25-26/lessen-in-het-museum/depotontdekkingsreis-met-workshop,Depotontdekkingsreis met Workshop,school,TRUE,"app, smartphone",TRUE,"assistance dogs, wheelchair access",6-12 years,TRUE,TRUE,FALSE,FALSE,FALSE,FALSE,FALSE,FALSE,FALSE,FALSE,FALSE,FALSE,FALSE,FALSE,FALSE
300,Museum Boijmans Van Beuningen,art museum,Rotterdam,https://www.boijmans.nl/onderwijs/type/vo-25-26/lessen-in-het-museum/het-ontwerp-belicht,Het ontwerp belicht,school,TRUE,"app, smartphone",TRUE,"assistance dogs, wheelchair access",12+ years,TRUE,TRUE,FALSE,FALSE,FALSE,FALSE,FALSE,FALSE,FALSE,FALSE,FALSE,FALSE,FALSE,FALSE,FALSE
301,Museum Boijmans Van Beuningen,art museum,Rotterdam,https://www.boijmans.nl/onderwijs/type/vo-25-26/lessen-in-het-museum/het-depot-werkt,Het depot werkt,school,TRUE,"app, smartphone",TRUE,"assistance dogs, wheelchair access",12+ years,TRUE,TRUE,FALSE,FALSE,FALSE,FALSE,FALSE,FALSE,FALSE,FALSE,FALSE,FALSE,FALSE,FALSE,FALSE
302,Museum Boijmans Van Beuningen,art museum,Rotterdam,https://www.boijmans.nl/onderwijs/type/cultuurkaart/lessen-in-het-museum/het-depot-werkt-met-workshop,Het depot werkt met workshop,school,TRUE,"app, smartphone",TRUE,"assistance dogs, wheelchair access",12+ years,TRUE,TRUE,FALSE,FALSE,FALSE,FALSE,FALSE,FALSE,FALSE,FALSE,FALSE,FALSE,FALSE,FALSE,FALSE
303,Museum Boijmans Van Beuningen,art museum,Rotterdam,https://www.boijmans.nl/onderwijs/type/hbo-wo-25-26/lessen-in-het-museum/het-koloniale-object-spreekt-met-workshop,Het koloniale object spreekt met workshop,school,TRUE,"app, smartphone",TRUE,"assistance dogs, wheelchair access",12+ years,TRUE,TRUE,FALSE,FALSE,FALSE,FALSE,FALSE,FALSE,FALSE,FALSE,FALSE,FALSE,FALSE,FALSE,FALSE
304,Museum Boijmans Van Beuningen,art museum,Rotterdam,https://www.boijmans.nl/onderwijs/type/vo-25-26/lessen-in-het-museum/het-object-vertelt-met-workshop,Het object vertelt met workshop,school,TRUE,"app, smartphone",TRUE,"assistance dogs, wheelchair access",,TRUE,TRUE,FALSE,FALSE,FALSE,FALSE,FALSE,FALSE,FALSE,FALSE,FALSE,FALSE,FALSE,FALSE,FALSE
305,Museum Boijmans Van Beuningen,art museum,Rotterdam,https://www.boijmans.nl/onderwijs/type/po-25-26/lessen-in-het-museum/depotontdekkingsreis,Depotontdekkingsreis,school,TRUE,"app, smartphone",TRUE,"assistance dogs, wheelchair access",6-12 years,TRUE,TRUE,FALSE,FALSE,FALSE,FALSE,FALSE,FALSE,FALSE,FALSE,FALSE,FALSE,FALSE,FALSE,FALSE
306,Kunstfort bij Vijfhuizen,art museum; fort; open-air museum,Vijfhuizen,https://www.kunstfort.nl/wp-content/uploads/2023/05/2023_PO-brochure-Kunsfort.pdf,De kleine redders op het Kunstfort,school,FALSE,,TRUE,"wheelchair access, assistance dogs",6-9 years,TRUE,FALSE,FALSE,FALSE,FALSE,FALSE,FALSE,FALSE,FALSE,FALSE,FALSE,FALSE,FALSE,FALSE,FALSE
307,Kunstfort bij Vijfhuizen,art museum; fort; open-air museum,Vijfhuizen,https://www.kunstfort.nl/wp-content/uploads/2023/05/2023_PO-brochure-Kunsfort.pdf,Kunstworkshop Kunst die je brain kietelt,school,FALSE,,TRUE,"wheelchair access, assistance dogs",9-14 years,TRUE,FALSE,FALSE,FALSE,FALSE,FALSE,FALSE,FALSE,FALSE,FALSE,FALSE,FALSE,FALSE,FALSE,FALSE
308,Kunstfort bij Vijfhuizen,art museum; fort; open-air museum,Vijfhuizen,https://www.kunstfort.nl/wp-content/uploads/2023/05/2023_PO-brochure-Kunsfort.pdf,Speurneuzen op het Kunstfort,school,FALSE,,TRUE,"wheelchair access, assistance dogs",9-14 years,TRUE,FALSE,FALSE,FALSE,FALSE,FALSE,FALSE,FALSE,FALSE,FALSE,FALSE,FALSE,FALSE,FALSE,FALSE
309,Kunstfort bij Vijfhuizen,art museum; fort; open-air museum,Vijfhuizen,https://www.kunstfort.nl/wp-content/uploads/2023/05/2023_PO-brochure-Kunsfort.pdf,Speurneuzen - met leskist,school,FALSE,,TRUE,"wheelchair access, assistance dogs",9-14 years,TRUE,FALSE,FALSE,FALSE,FALSE,FALSE,FALSE,FALSE,FALSE,FALSE,FALSE,FALSE,FALSE,FALSE,FALSE
310,Kunstfort bij Vijfhuizen,art museum; fort; open-air museum,Vijfhuizen,https://www.kunstfort.nl/wp-content/uploads/2023/05/2023_PO-brochure-Kunsfort.pdf,Kaptein Morten en de Spinnenkoningin,school,FALSE,,TRUE,"wheelchair access, assistance dogs",8-10 years,TRUE,FALSE,FALSE,FALSE,FALSE,FALSE,FALSE,FALSE,FALSE,FALSE,FALSE,FALSE,FALSE,FALSE,FALSE
311,Kunstfort bij Vijfhuizen,art museum; fort; open-air museum,Vijfhuizen,https://www.kunstfort.nl/wp-content/uploads/2023/05/2023_PO-brochure-Kunsfort.pdf,Calamity,school,FALSE,,TRUE,"wheelchair access, assistance dogs",10-12 years,TRUE,FALSE,FALSE,FALSE,FALSE,FALSE,FALSE,FALSE,FALSE,FALSE,FALSE,FALSE,FALSE,FALSE,FALSE
312,Kunstfort bij Vijfhuizen,art museum; fort; open-air museum,Vijfhuizen,https://www.kunstfort.nl/wp-content/uploads/2023/05/2023_PO-brochure-Kunsfort.pdf,Zooks - Op de bres voor de natuur,school,FALSE,,TRUE,"wheelchair access, assistance dogs",12-14 years,TRUE,FALSE,FALSE,FALSE,FALSE,FALSE,FALSE,FALSE,FALSE,FALSE,FALSE,FALSE,FALSE,FALSE,FALSE
313,Kunstfort bij Vijfhuizen,art museum; fort; open-air museum,Vijfhuizen,https://www.kunstfort.nl/wp-content/uploads/2023/05/2023_PO-brochure-Kunsfort.pdf,Vlucht - Volg je schaduw op het Kunstfort,school,FALSE,,TRUE,"wheelchair access, assistance dogs",12-14 years,TRUE,FALSE,FALSE,FALSE,FALSE,FALSE,FALSE,FALSE,FALSE,FALSE,FALSE,FALSE,FALSE,FALSE,FALSE
314,Kunstfort bij Vijfhuizen,art museum; fort; open-air museum,Vijfhuizen,https://www.kunstfort.nl/wp-content/uploads/2023/05/2023_PO-brochure-Kunsfort.pdf,Kunstfort bij Vijfhuizen,school,FALSE,,TRUE,"wheelchair access, assistance dogs",6-8 years,TRUE,FALSE,FALSE,FALSE,FALSE,FALSE,FALSE,FALSE,FALSE,FALSE,FALSE,FALSE,FALSE,FALSE,FALSE
315,Kunstfort bij Vijfhuizen,art museum; fort; open-air museum,Vijfhuizen,https://www.kunstfort.nl/wp-content/uploads/2023/05/2023_PO-brochure-Kunsfort.pdf,De Vredespop is zoek!,school,FALSE,,TRUE,"wheelchair access, assistance dogs",8-10 years,TRUE,FALSE,FALSE,FALSE,FALSE,FALSE,FALSE,FALSE,FALSE,FALSE,FALSE,FALSE,FALSE,FALSE,FALSE
316,Kunstfort bij Vijfhuizen,art museum; fort; open-air museum,Vijfhuizen,https://www.kunstfort.nl/wp-content/uploads/2023/05/2023_PO-brochure-Kunsfort.pdf,Speur naar je vredesheldendier,school,FALSE,,TRUE,"wheelchair access, assistance dogs",10-12 years,TRUE,FALSE,FALSE,FALSE,FALSE,FALSE,FALSE,FALSE,FALSE,FALSE,FALSE,FALSE,FALSE,FALSE,FALSE
317,Kunstfort bij Vijfhuizen,art museum; fort; open-air museum,Vijfhuizen,https://www.kunstfort.nl/wp-content/uploads/2023/05/2023_PO-brochure-Kunsfort.pdf,Maak van het Kunstfort een vredespaleis,school,FALSE,,TRUE,"wheelchair access, assistance dogs",12-14 years,TRUE,FALSE,FALSE,FALSE,FALSE,FALSE,FALSE,FALSE,FALSE,FALSE,FALSE,FALSE,FALSE,FALSE,FALSE
318,Kunstfort bij Vijfhuizen,art museum; fort; open-air museum,Vijfhuizen,https://www.kunstfort.nl/wp-content/uploads/2023/05/2023_PO-brochure-Kunsfort.pdf,Vredesvlag in top,school,FALSE,,TRUE,"wheelchair access, assistance dogs",,TRUE,FALSE,FALSE,FALSE,FALSE,FALSE,FALSE,FALSE,FALSE,FALSE,FALSE,FALSE,FALSE,FALSE,FALSE
319,Kunstfort bij Vijfhuizen,art museum; fort; open-air museum,Vijfhuizen,https://www.kunstfort.nl/wp-content/uploads/2023/05/Kunstfort_Lesbrief_VO_2023.pdf,Rondleidingen eerste wereld-oorlog,school,FALSE,,TRUE,"wheelchair access, assistance dogs",12+ years,TRUE,FALSE,FALSE,FALSE,FALSE,FALSE,FALSE,FALSE,FALSE,FALSE,FALSE,FALSE,FALSE,FALSE,FALSE
320,Kunstfort bij Vijfhuizen,art museum; fort; open-air museum,Vijfhuizen,https://www.kunstfort.nl/wp-content/uploads/2023/05/Kunstfort_Lesbrief_VO_2023.pdf,Hijs de vlag,school,FALSE,,TRUE,"wheelchair access, assistance dogs",12+ years,TRUE,FALSE,FALSE,FALSE,FALSE,FALSE,FALSE,FALSE,FALSE,FALSE,FALSE,FALSE,FALSE,FALSE,FALSE
321,Kunstfort bij Vijfhuizen,art museum; fort; open-air museum,Vijfhuizen,https://www.kunstfort.nl/wp-content/uploads/2023/05/Kunstfort_Lesbrief_VO_2023.pdf,Cultuurdag,school,FALSE,,TRUE,"wheelchair access, assistance dogs",12+ years,TRUE,FALSE,FALSE,FALSE,FALSE,FALSE,FALSE,FALSE,FALSE,FALSE,FALSE,FALSE,FALSE,FALSE,FALSE
322,Kunstfort bij Vijfhuizen,art museum; fort; open-air museum,Vijfhuizen,https://www.kunstfort.nl/wp-content/uploads/2023/05/Kunstfort_Lesbrief_VO_2023.pdf,Art now kunstworkshop,school,FALSE,,TRUE,"wheelchair access, assistance dogs",12+ years,TRUE,FALSE,FALSE,FALSE,FALSE,FALSE,FALSE,FALSE,FALSE,FALSE,FALSE,FALSE,FALSE,FALSE,FALSE
323,Kunstfort bij Vijfhuizen,art museum; fort; open-air museum,Vijfhuizen,https://www.kunstfort.nl/wp-content/uploads/2023/05/Kunstfort_Lesbrief_VO_2023.pdf,Shoot your shot,school,TRUE,photography,TRUE,"wheelchair access, assistance dogs",12+ years,TRUE,FALSE,FALSE,FALSE,FALSE,FALSE,FALSE,FALSE,FALSE,FALSE,FALSE,FALSE,FALSE,FALSE,FALSE
324,Kunstfort bij Vijfhuizen,art museum; fort; open-air museum,Vijfhuizen,https://www.kunstfort.nl/wp-content/uploads/2023/05/Kunstfort_Lesbrief_VO_2023.pdf,Gimme shelter,school,FALSE,,TRUE,"wheelchair access, assistance dogs",12+ years,TRUE,FALSE,FALSE,FALSE,FALSE,FALSE,FALSE,FALSE,FALSE,FALSE,FALSE,FALSE,FALSE,FALSE,FALSE
325,Kunstfort bij Vijfhuizen,art museum; fort; open-air museum,Vijfhuizen,https://www.kunstfort.nl/wp-content/uploads/2023/05/Kunstfort_Lesbrief_VO_2023.pdf,Play it again,school,FALSE,,TRUE,"wheelchair access, assistance dogs",12+ years,TRUE,FALSE,FALSE,FALSE,FALSE,FALSE,FALSE,FALSE,FALSE,FALSE,FALSE,FALSE,FALSE,FALSE,FALSE
326,Kunstfort bij Vijfhuizen,art museum; fort; open-air museum,Vijfhuizen,https://www.kunstfort.nl/wp-content/uploads/2023/05/Kunstfort_Lesbrief_VO_2023.pdf,So you think you can dance,school,FALSE,,TRUE,"wheelchair access, assistance dogs",6-8 years,TRUE,FALSE,FALSE,FALSE,FALSE,FALSE,FALSE,FALSE,FALSE,FALSE,FALSE,FALSE,FALSE,FALSE,FALSE
327,Museum Asselt,regional museum; historical museum,Asselt,https://www.museumasselt.nl/educatie/,Schoolbezoek,school,TRUE,"VR, virtual reality, game",TRUE,"wheelchair access, assistance dogs",,TRUE,FALSE,FALSE,FALSE,FALSE,FALSE,FALSE,FALSE,FALSE,FALSE,FALSE,FALSE,FALSE,FALSE,FALSE
328,Internationaal Klompenmuseum,clogs museum,Eelde,http://www.klompenmuseum.nl/tour,Virtuele tour,family,TRUE,virtual tour,TRUE,wheelchair access,,TRUE,FALSE,FALSE,FALSE,FALSE,FALSE,FALSE,FALSE,FALSE,FALSE,FALSE,FALSE,FALSE,FALSE,FALSE
329,Internationaal Klompenmuseum,clogs museum,Eelde,http://www.klompenmuseum.nl/bezoeken#educatie,Schoolbezoek,school,TRUE,"movie, photography, multimedia tour",TRUE,"wheelchair access, assistance dogs",4-12 years,TRUE,FALSE,FALSE,TRUE,FALSE,FALSE,FALSE,FALSE,FALSE,FALSE,FALSE,FALSE,FALSE,FALSE,FALSE
330,Nieuwe Instituut,architecture museum; design museum,Rotterdam,https://nieuweinstituut.nl/projects/toekomstmakers,Toekomstmakers!,family,FALSE,,TRUE,"wheelchair access, assistance dogs, stimuli-friendly",6+ years,TRUE,TRUE,FALSE,FALSE,FALSE,FALSE,FALSE,FALSE,FALSE,FALSE,FALSE,FALSE,FALSE,FALSE,FALSE
331,Nieuwe Instituut,architecture museum; design museum,Rotterdam,https://nieuweinstituut.nl/projects/omleidingen/tentoonstellingen,Omleidingen doot tentoonstellingen,school,TRUE,multimedia tour,TRUE,"wheelchair access, assistance dogs, stimuli-friendly",,TRUE,FALSE,FALSE,FALSE,FALSE,FALSE,FALSE,FALSE,FALSE,FALSE,FALSE,FALSE,FALSE,FALSE,FALSE
332,Nieuwe Instituut,architecture museum; design museum,Rotterdam,https://nieuweinstituut.nl/projects/omleidingen/huis-sonneveld,Omleiding: Huis Sonneveld,school,FALSE,,TRUE,"wheelchair access, assistance dogs, stimuli-friendly",6+ years,TRUE,FALSE,FALSE,FALSE,FALSE,FALSE,FALSE,FALSE,FALSE,FALSE,FALSE,FALSE,FALSE,FALSE,FALSE
333,Nieuwe Instituut,architecture museum; design museum,Rotterdam,https://nieuweinstituut.nl/projects/omleidingen/architectuur,Omleiding: Architectuur,school,FALSE,,TRUE,"wheelchair access, assistance dogs, stimuli-friendly",6+ years,TRUE,FALSE,FALSE,FALSE,FALSE,FALSE,FALSE,FALSE,FALSE,FALSE,FALSE,FALSE,FALSE,FALSE,FALSE
334,Nieuwe Instituut,architecture museum; design museum,Rotterdam,https://nieuweinstituut.nl/projects/omleidingen/archief,Omleiding door het archief,school,FALSE,,TRUE,"wheelchair access, assistance dogs, stimuli-friendly",6+ years,TRUE,FALSE,FALSE,FALSE,FALSE,FALSE,FALSE,FALSE,FALSE,FALSE,FALSE,FALSE,FALSE,FALSE,FALSE
335,Nieuwe Instituut,architecture museum; design museum,Rotterdam,https://nieuweinstituut.nl/projects/kinderen/familiefest,FamilieFest,family,TRUE,"multimedia, game",TRUE,"wheelchair access, assistance dogs, stimuli-friendly",4-12 years,TRUE,TRUE,FALSE,FALSE,FALSE,FALSE,FALSE,FALSE,FALSE,FALSE,FALSE,FALSE,FALSE,FALSE,FALSE
336,Nieuwe Instituut,architecture museum; design museum,Rotterdam,https://nieuweinstituut.nl/projects/onderwijshttps://nieuweinstituut.nl/projects/fungi-vinder,Fungi-vinder,family,FALSE,,TRUE,"wheelchair access, assistance dogs, stimuli-friendly",,TRUE,TRUE,FALSE,FALSE,FALSE,FALSE,FALSE,FALSE,FALSE,FALSE,FALSE,FALSE,FALSE,FALSE,FALSE
337,Nieuwe Instituut,architecture museum; design museum,Rotterdam,https://nieuweinstituut.nl/projects/wie-wat-welke-wij,Wie-wat-wellke-wij,family,FALSE,,TRUE,"wheelchair access, assistance dogs, stimuli-friendly",,TRUE,TRUE,FALSE,FALSE,FALSE,FALSE,FALSE,FALSE,FALSE,FALSE,FALSE,FALSE,FALSE,FALSE,FALSE
338,Nieuwe Instituut,architecture museum; design museum,Rotterdam,https://nieuweinstituut.nhttps://nieuweinstituut.nl/projects/zoop-zoektochtl/pages/now-on-display,Zoöp zoektocht,family,FALSE,,TRUE,"wheelchair access, assistance dogs, stimuli-friendly",6+ years,TRUE,TRUE,FALSE,FALSE,FALSE,FALSE,FALSE,FALSE,FALSE,FALSE,FALSE,FALSE,FALSE,FALSE,FALSE
339,Nieuwe Instituut,architecture museum; design museum,Rotterdam,https://nieuweinstituut.nl/projects/huis-sonneveld/verhalenvangers-huis-sonneveld,Kinderaudiotour: Verhalenvangers in Huis Sonneveld,family,TRUE,audio guide,TRUE,"wheelchair access, assistance dogs, stimuli-friendly",6+ years,TRUE,TRUE,FALSE,FALSE,FALSE,FALSE,FALSE,FALSE,FALSE,FALSE,FALSE,FALSE,FALSE,FALSE,FALSE
340,Noord-Veluws Museum,art museum,Nunspeet,https://www.noord-veluws-museum.nl/educatie/,"Ik zie, ik zie, en de kleur is…",school,FALSE,,TRUE,"wheelchair access, assistance dogs",8-10 years,TRUE,FALSE,FALSE,FALSE,FALSE,FALSE,FALSE,FALSE,FALSE,FALSE,FALSE,FALSE,FALSE,FALSE,FALSE
341,Noord-Veluws Museum,art museum,Nunspeet,https://www.noord-veluws-museum.nl/educatie/,Het fotoalbum van mijn oma,school,FALSE,,TRUE,"wheelchair access, assistance dogs",10-12 years,TRUE,FALSE,FALSE,FALSE,FALSE,FALSE,FALSE,FALSE,FALSE,FALSE,FALSE,FALSE,FALSE,FALSE,FALSE
342,Noord-Veluws Museum,art museum,Nunspeet,https://www.noord-veluws-museum.nl/educatie/,Kunstenaars dorp Nunspeet kijk maar!,school,FALSE,,TRUE,"wheelchair access, assistance dogs",12-14 years,TRUE,FALSE,FALSE,FALSE,FALSE,FALSE,FALSE,FALSE,FALSE,FALSE,FALSE,FALSE,FALSE,FALSE,FALSE
343,Kasteel Doornenburg,historical museum; castle; open-air museum,Doornenburg,https://www.kasteeldoornenburg.nl/scholen/puzzelrondleiding-4-5/,Puzzel rondleiding,school,FALSE,,FALSE,,6-9 years,TRUE,FALSE,FALSE,FALSE,FALSE,FALSE,FALSE,FALSE,FALSE,FALSE,FALSE,FALSE,FALSE,FALSE,FALSE
344,Kasteel Doornenburg,historical museum; castle; open-air museum,Doornenburg,https://www.kasteeldoornenburg.nl/scholen/ontdekkingsreis-groep-6-7/,Ontdekkingsreis ,school,FALSE,,FALSE,,8-11 years,TRUE,FALSE,FALSE,FALSE,FALSE,FALSE,FALSE,FALSE,FALSE,FALSE,FALSE,FALSE,FALSE,FALSE,FALSE
345,Kasteel Doornenburg,historical museum; castle; open-air museum,Doornenburg,https://www.kasteeldoornenburg.nl/scholen/educatieve-rondleiding-4-8/,Educatieve rondleiding ,school,FALSE,,FALSE,,9-14 years,TRUE,FALSE,FALSE,FALSE,FALSE,FALSE,FALSE,FALSE,FALSE,FALSE,FALSE,FALSE,FALSE,FALSE,FALSE
346,Kasteel Doornenburg,historical museum; castle; open-air museum,Doornenburg,https://www.kasteeldoornenburg.nl/scholen/kleuterrondleiding/,Kleuter rondleiding ,school,FALSE,,FALSE,,11-13 years,TRUE,FALSE,FALSE,FALSE,FALSE,FALSE,FALSE,FALSE,FALSE,FALSE,FALSE,FALSE,FALSE,FALSE,FALSE
347,Kasteel Doornenburg,historical museum; castle; open-air museum,Doornenburg,https://www.kasteeldoornenburg.nl/plan-uw-bezoek/,Fotospeurtocht,family,TRUE,photography,FALSE,,,TRUE,FALSE,FALSE,FALSE,FALSE,FALSE,FALSE,FALSE,FALSE,FALSE,FALSE,FALSE,FALSE,FALSE,FALSE
348,Museum Sloten,historical museum,Sloten,http://www.museumsloten.nl/te-zien-te-doen/kinderen/scholen,Schoolbezoek,school,FALSE,,TRUE,wheelchair access,6+ years,TRUE,FALSE,FALSE,FALSE,FALSE,FALSE,FALSE,FALSE,FALSE,FALSE,FALSE,FALSE,FALSE,FALSE,FALSE
349,Museum Sloten,historical museum,Sloten,http://www.museumsloten.nl/te-zien-te-doen/kinderen/speurtocht,Wick de muis in het stadhuis,family,FALSE,,TRUE,wheelchair access,,TRUE,FALSE,FALSE,FALSE,FALSE,FALSE,FALSE,FALSE,FALSE,FALSE,FALSE,FALSE,FALSE,FALSE,FALSE
350,De Walvisch,windmill museum; open-air museum,Schiedam,https://www.deschiedamsemolens.nl/educatie/,Water- en cultuureducatie bij de Babbersmolen,school,FALSE,,FALSE,,9-12 years,TRUE,FALSE,FALSE,FALSE,FALSE,FALSE,FALSE,FALSE,FALSE,FALSE,FALSE,FALSE,FALSE,FALSE,FALSE
351,De Walvisch,windmill museum; open-air museum,Schiedam,https://www.deschiedamsemolens.nl/educatie/,Erfgoededucatie op Museummolen De Walvisch,school,FALSE,,FALSE,,,TRUE,FALSE,FALSE,FALSE,FALSE,FALSE,FALSE,FALSE,FALSE,FALSE,FALSE,FALSE,FALSE,FALSE,FALSE
352,De Walvisch,windmill museum; open-air museum,Schiedam,https://www.deschiedamsemolens.nl/educatie/,Doorlopende leerliijn 'Schiedam Brandersstad: jouw stad!',school,FALSE,,FALSE,,6+ years,TRUE,FALSE,FALSE,FALSE,FALSE,FALSE,FALSE,FALSE,FALSE,FALSE,FALSE,FALSE,FALSE,FALSE,FALSE
353,Museum Prinsenhof Delft,art museum,Delft,https://www.museumprinsenhofdelft.nl/onderwijs,Strijdtoneel,school,FALSE,,TRUE,"wheeclahir access, assistance dogs, sensory-friendly, visual impairment support, wheelchair access",12-14 years,TRUE,FALSE,FALSE,FALSE,FALSE,FALSE,FALSE,FALSE,FALSE,TRUE,FALSE,FALSE,FALSE,FALSE,FALSE
354,Museum Catharijneconvent,historical museum,Utrecht,https://www.catharijneconvent.nl/feest-weet-wat-je-viert/,Feest! Weet wat je viert,family,TRUE,multimedia tour,TRUE,"wheeclahir access, assistance dogs, sensory-friendly, visual impairment support, wheelchair access",4-12 years,TRUE,FALSE,FALSE,FALSE,FALSE,FALSE,FALSE,FALSE,FALSE,FALSE,FALSE,FALSE,FALSE,FALSE,FALSE
355,Museum Catharijneconvent,historical museum,Utrecht,https://www.catharijneconvent.nl/voortgezet-onderwijs-nieuw/vmbo-aanbod/vrij-om-jezelf-te-zijn/,Vrij om jezelf te zijn?,school,FALSE,,TRUE,"wheeclahir access, assistance dogs, sensory-friendly, visual impairment support, wheelchair access",12+ years,TRUE,FALSE,FALSE,FALSE,FALSE,FALSE,FALSE,FALSE,FALSE,FALSE,FALSE,FALSE,FALSE,FALSE,FALSE
356,Museum Catharijneconvent,historical museum,Utrecht,https://catharijneconvent.nl/primair-onderwijs/feest-je-mee-speciaal-onderwijs/,Feest je mee? - Speciaal onderwijs,school,TRUE,multimedia  ,TRUE,"wheeclahir access, assistance dogs, sensory-friendly, visual impairment support, wheelchair access",6+ years,TRUE,FALSE,FALSE,FALSE,FALSE,FALSE,FALSE,FALSE,FALSE,FALSE,FALSE,FALSE,FALSE,FALSE,FALSE
357,Museum Catharijneconvent,historical museum,Utrecht,https://catharijneconvent.nl/voortgezet-onderwijs-nieuw/havo-vwo/cultuur-van-de-kerk/,Kathedralen vol verhalen,school,FALSE,,TRUE,"wheeclahir access, assistance dogs, sensory-friendly, visual impairment support, wheelchair access",12+ years,TRUE,FALSE,FALSE,FALSE,FALSE,FALSE,FALSE,FALSE,FALSE,FALSE,FALSE,FALSE,FALSE,FALSE,FALSE
358,Museum Catharijneconvent,historical museum,Utrecht,https://catharijneconvent.nl/voortgezet-onderwijs-nieuw/havo-vwo/stadswandeling/,Stadswandelingen Middeleeuws Utrecht,school,FALSE,,TRUE,"wheeclahir access, assistance dogs, sensory-friendly, visual impairment support, wheelchair access",12+ years,TRUE,FALSE,FALSE,FALSE,FALSE,FALSE,FALSE,FALSE,FALSE,FALSE,FALSE,FALSE,FALSE,FALSE,FALSE
359,Museum Catharijneconvent,historical museum,Utrecht,https://catharijneconvent.nl/voortgezet-onderwijs-nieuw/havo-vwo/influencers/,'Influencers' en hervormers,school,FALSE,,TRUE,"wheeclahir access, assistance dogs, sensory-friendly, visual impairment support, wheelchair access",12+ years,TRUE,FALSE,FALSE,FALSE,FALSE,FALSE,FALSE,FALSE,FALSE,FALSE,FALSE,FALSE,FALSE,FALSE,FALSE
360,Museum Catharijneconvent,historical museum,Utrecht,https://catharijneconvent.nl/voortgezet-onderwijs-nieuw/havo-vwo/expeditie-middeleeuwen/,Op expeditie door de middeleeuwen,school,FALSE,,TRUE,"wheeclahir access, assistance dogs, sensory-friendly, visual impairment support, wheelchair access",12+ years,TRUE,FALSE,FALSE,FALSE,FALSE,FALSE,FALSE,FALSE,FALSE,FALSE,FALSE,FALSE,FALSE,FALSE,FALSE
361,Museum Catharijneconvent,historical museum,Utrecht,https://catharijneconvent.nl/primair-onderwijs/gezocht-mezelf/,Gezocht: mezelf!,school,FALSE,,TRUE,"wheeclahir access, assistance dogs, sensory-friendly, visual impairment support, wheelchair access",10-12 years,TRUE,FALSE,FALSE,FALSE,FALSE,FALSE,FALSE,FALSE,FALSE,FALSE,FALSE,FALSE,FALSE,FALSE,FALSE
362,Museum Catharijneconvent,historical museum,Utrecht,https://catharijneconvent.nl/voortgezet-onderwijs-nieuw/vmbo-aanbod/door-de-ogen-van-een-ander/,Door de ogen van een ander,school,FALSE,,TRUE,"wheeclahir access, assistance dogs, sensory-friendly, visual impairment support, wheelchair access",12+ years,TRUE,FALSE,FALSE,FALSE,FALSE,FALSE,FALSE,FALSE,FALSE,FALSE,FALSE,FALSE,FALSE,FALSE,FALSE
363,Museum Catharijneconvent,historical museum,Utrecht,https://catharijneconvent.nl/primair-onderwijs/op-visite-in-kunst/,Op visite in een kunstwerk,school,FALSE,,TRUE,"wheeclahir access, assistance dogs, sensory-friendly, visual impairment support, wheelchair access",8-11 years,TRUE,FALSE,FALSE,FALSE,FALSE,FALSE,FALSE,FALSE,FALSE,FALSE,FALSE,FALSE,FALSE,FALSE,FALSE
364,Museum Catharijneconvent,historical museum,Utrecht,https://catharijneconvent.nl/primair-onderwijs/daar-zit-muziek-in/,Daar zit muziek in!,school,TRUE,multimedia tour,TRUE,"wheeclahir access, assistance dogs, sensory-friendly, visual impairment support, wheelchair access",8-11 years,TRUE,FALSE,FALSE,FALSE,FALSE,FALSE,FALSE,FALSE,FALSE,FALSE,FALSE,FALSE,FALSE,FALSE,FALSE
365,Museum Catharijneconvent,historical museum,Utrecht,https://catharijneconvent.nl/primair-onderwijs/feest-bord/,Feest op je bord,school,FALSE,,TRUE,"wheeclahir access, assistance dogs, sensory-friendly, visual impairment support, wheelchair access",8-12 years,TRUE,FALSE,FALSE,FALSE,FALSE,FALSE,FALSE,FALSE,FALSE,FALSE,FALSE,FALSE,FALSE,FALSE,FALSE
366,Museum Catharijneconvent,historical museum,Utrecht,https://catharijneconvent.nl/primair-onderwijs/nog-%C3%A9%C3%A9n-nachtje-slapen-groep-1-en-2/,Nog één nachtje slapen!,school,FALSE,,TRUE,"wheeclahir access, assistance dogs, sensory-friendly, visual impairment support, wheelchair access",6-8 years,TRUE,FALSE,FALSE,FALSE,FALSE,FALSE,FALSE,FALSE,FALSE,FALSE,FALSE,FALSE,FALSE,FALSE,FALSE
367,Museum Catharijneconvent,historical museum,Utrecht,https://catharijneconvent.nl/primair-onderwijs/ik-en-mijn-familie/,Mijn familie & ik,school,FALSE,,TRUE,"wheeclahir access, assistance dogs, sensory-friendly, visual impairment support, wheelchair access",8-12 years,TRUE,FALSE,FALSE,FALSE,FALSE,FALSE,FALSE,FALSE,FALSE,FALSE,FALSE,FALSE,FALSE,FALSE,FALSE
368,Museum Catharijneconvent,historical museum,Utrecht,https://catharijneconvent.nl/primair-onderwijs/spiegeltje-spiegeltje/,"Spiegeltje, spiegeltje aan de wand",school,FALSE,,TRUE,"wheeclahir access, assistance dogs, sensory-friendly, visual impairment support, wheelchair access",6-8 years,TRUE,FALSE,FALSE,FALSE,FALSE,FALSE,FALSE,FALSE,FALSE,FALSE,FALSE,FALSE,FALSE,FALSE,FALSE
369,Museum Catharijneconvent,historical museum,Utrecht,https://catharijneconvent.nl/primair-onderwijs/waar-is-dat-feestje/,Waar is dat feestje?,school,FALSE,,TRUE,"wheeclahir access, assistance dogs, sensory-friendly, visual impairment support, wheelchair access",10-12 years,TRUE,FALSE,FALSE,FALSE,FALSE,FALSE,FALSE,FALSE,FALSE,FALSE,FALSE,FALSE,FALSE,FALSE,FALSE
370,Museum Catharijneconvent,historical museum,Utrecht,https://catharijneconvent.nl/primair-onderwijs/burgerschapsproject/,Burgerschaps-project 'Weet wat je zegt',school,FALSE,,TRUE,"wheeclahir access, assistance dogs, sensory-friendly, visual impairment support, wheelchair access",12+ years,TRUE,FALSE,FALSE,FALSE,FALSE,FALSE,FALSE,FALSE,FALSE,FALSE,FALSE,FALSE,FALSE,FALSE,FALSE
371,Museum Catharijneconvent,historical museum,Utrecht,https://catharijneconvent.nl/voortgezet-onderwijs-nieuw/aanbod-vmbo/geheim-van-het-klooster/,Het geheim van het klooster - Escape game,school,TRUE,game,TRUE,"wheeclahir access, assistance dogs, sensory-friendly, visual impairment support, wheelchair access",12+ years,TRUE,FALSE,FALSE,FALSE,FALSE,FALSE,FALSE,FALSE,FALSE,FALSE,FALSE,FALSE,FALSE,FALSE,FALSE
372,Museum Catharijneconvent,historical museum,Utrecht,https://catharijneconvent.nl/voortgezet-onderwijs-nieuw/vmbo-aanbod/oog-in-oog/,Oog in oog - Voorbij je eerste blik,school,TRUE,multimedia tour; tablet,TRUE,"wheeclahir access, assistance dogs, sensory-friendly, visual impairment support, wheelchair access",12+ years,TRUE,FALSE,FALSE,FALSE,FALSE,FALSE,FALSE,FALSE,FALSE,FALSE,FALSE,FALSE,FALSE,FALSE,FALSE
373,Museum Catharijneconvent,historical museum,Utrecht,https://catharijneconvent.nl/voortgezet-onderwijs-nieuw/aanbod-vmbo/workshop-miniaturen-vmbo/,De mooiste miniaturen - schilder ze zelf!,school,FALSE,,TRUE,"wheeclahir access, assistance dogs, sensory-friendly, visual impairment support, wheelchair access",12+ years,TRUE,FALSE,FALSE,FALSE,FALSE,FALSE,FALSE,FALSE,FALSE,FALSE,FALSE,FALSE,FALSE,FALSE,FALSE
374,Museum Catharijneconvent,historical museum,Utrecht,https://catharijneconvent.nl/voortgezet-onderwijs-nieuw/vmbo-aanbod/Voices-of-tolerance/,Voices of Tolerance,school,TRUE,multimedia tour,TRUE,"wheeclahir access, assistance dogs, sensory-friendly, visual impairment support, wheelchair access",12+ years,TRUE,FALSE,FALSE,FALSE,FALSE,FALSE,FALSE,FALSE,FALSE,FALSE,FALSE,FALSE,FALSE,FALSE,FALSE
375,Museum Catharijneconvent,historical museum,Utrecht,https://catharijneconvent.nl/voortgezet-onderwijs-nieuw/aanbod-vmbo/de-waarde-van-kunst/,Onbetaalbaar? - De waarde(n) van kunst,school,TRUE,"interactive lesson, multimedia",TRUE,"wheeclahir access, assistance dogs, sensory-friendly, visual impairment support, wheelchair access",12-15 years,TRUE,FALSE,FALSE,FALSE,FALSE,FALSE,FALSE,FALSE,FALSE,FALSE,FALSE,FALSE,FALSE,FALSE,FALSE
376,Museum het Oude Raadhuis Urk,art museum,Urk,http://www.museumopurk.nl/bezoek-het-museum#educatie,Educatieve wandeling,school,FALSE,,TRUE,wheelchair access,4+ years,TRUE,FALSE,FALSE,FALSE,FALSE,FALSE,FALSE,FALSE,FALSE,FALSE,FALSE,FALSE,FALSE,FALSE,FALSE
377,Haags Openbaar Vervoer Museum,transport museum,Den Haag,https://hovm.nl/museum/tourist-tram-den-haag/,Tourist Tram,family,TRUE,audio guide,TRUE,"people with disabilities, wheelchair access",,TRUE,TRUE,TRUE,TRUE,TRUE,TRUE,FALSE,TRUE,TRUE,TRUE,FALSE,FALSE,FALSE,FALSE,FALSE
378,Museum Dokkum,historical museum,Dokkum,https://www.museumdokkum.nl/exposities/kinderhoek-van-sjors/,Kinderhoek van Sjors,family,FALSE,,FALSE,,,TRUE,FALSE,FALSE,FALSE,FALSE,FALSE,FALSE,FALSE,FALSE,FALSE,FALSE,FALSE,FALSE,FALSE,FALSE
379,Museum Dokkum,historical museum,Dokkum,https://www.museumdokkum.nl/educatie/,Bonifatius en de Friezen,school,FALSE,,FALSE,,8-12 years,TRUE,FALSE,FALSE,FALSE,FALSE,FALSE,FALSE,FALSE,FALSE,FALSE,FALSE,FALSE,FALSE,FALSE,FALSE
380,Museum Dokkum,historical museum,Dokkum,https://www.museumdokkum.nl/educatie/,Archeologie voor kleuters,school,FALSE,,FALSE,,4-6 years,TRUE,FALSE,FALSE,FALSE,FALSE,FALSE,FALSE,FALSE,FALSE,FALSE,FALSE,FALSE,FALSE,FALSE,FALSE
381,Museum Dokkum,historical museum,Dokkum,https://www.museumdokkum.nl/educatie/,Museumschatjes,school,FALSE,,FALSE,,8-12 years,TRUE,FALSE,FALSE,FALSE,FALSE,FALSE,FALSE,FALSE,FALSE,FALSE,FALSE,FALSE,FALSE,FALSE,FALSE
382,Museum Dokkum,historical museum,Dokkum,https://www.museumdokkum.nl/educatie/,Vervoer per trekschuit en het dockumer lokaeltsje,school,TRUE,"digital lessons, interactive",FALSE,,8-10 years,TRUE,FALSE,FALSE,FALSE,FALSE,FALSE,FALSE,FALSE,FALSE,FALSE,FALSE,FALSE,FALSE,FALSE,FALSE
383,Museum Dokkum,historical museum,Dokkum,https://www.museumdokkum.nl/educatie/,Op stap mey Hidde en Hiske,school,FALSE,,FALSE,,10-12 years,TRUE,FALSE,FALSE,FALSE,FALSE,FALSE,FALSE,FALSE,FALSE,FALSE,FALSE,FALSE,FALSE,FALSE,FALSE
384,Internationaal Brandweermuseum Rijssen,firefighting museum,Rijssen,https://www.brandweermuseum.nl/events/speurtocht-door-het-brandweermuseum/,Speurtocht ,family,FALSE,,FALSE,,,TRUE,FALSE,FALSE,FALSE,FALSE,FALSE,FALSE,FALSE,FALSE,FALSE,FALSE,FALSE,FALSE,FALSE,FALSE
385,Internationaal Brandweermuseum Rijssen,firefighting museum,Rijssen,https://www.brandweermuseum.nl/events/educatie/,Brandbestrijding door de eeuwen,school,FALSE,,FALSE,,4-12 years,TRUE,FALSE,FALSE,FALSE,FALSE,FALSE,FALSE,FALSE,FALSE,FALSE,FALSE,FALSE,FALSE,FALSE,FALSE
386,Slot Zuylen,historical museum; palace; open-air museum,Stichtse Vecht,https://slotzuylen.nl/kinderen/,Speurtocht ,family,FALSE,,FALSE,,,TRUE,FALSE,FALSE,FALSE,FALSE,FALSE,FALSE,FALSE,FALSE,FALSE,FALSE,FALSE,FALSE,FALSE,FALSE
387,Slot Zuylen,historical museum; palace; open-air museum,Stichtse Vecht,https://slotzuylen.nl/agenda/speciale-gezinsrondleidingen-2/2026-07-08/,Gezinrondleidingen,family,FALSE,,FALSE,,6-11 years,TRUE,FALSE,FALSE,FALSE,FALSE,FALSE,FALSE,FALSE,FALSE,FALSE,FALSE,FALSE,FALSE,FALSE,FALSE
388,Medemblik steam museum,technology museum,Medemblik,https://stoommachinemuseum.nl/nsm-virtueel/,Kidtour Baggermolen,family,TRUE,"VR, virtual reality ",TRUE,wheelchair access,10-12 years,TRUE,TRUE,TRUE,FALSE,FALSE,FALSE,FALSE,FALSE,FALSE,FALSE,FALSE,FALSE,FALSE,FALSE,FALSE
389,Medemblik steam museum,technology museum,Medemblik,https://stoommachinemuseum.nl/scholen/,Stoom en Stoommachines,school,FALSE,,TRUE,wheelchair access,6+ years,TRUE,FALSE,FALSE,FALSE,FALSE,FALSE,FALSE,FALSE,FALSE,FALSE,FALSE,FALSE,FALSE,FALSE,FALSE
390,Medemblik steam museum,technology museum,Medemblik,https://stoommachinemuseum.nl/zien-doen/voor-kinderen/,Strijd tegen het Water,school,FALSE,,TRUE,wheelchair access,6+ years,TRUE,FALSE,FALSE,FALSE,FALSE,FALSE,FALSE,FALSE,FALSE,FALSE,FALSE,FALSE,FALSE,FALSE,FALSE
391,Stedelijk Museum Alkmaar,art museum,Alkmaar,https://stedelijkmuseumalkmaar.nl/onderwijs/voortgezet-onderwijs/anders-kijken-vo-2/,Anders Kijken,school,FALSE,,TRUE,"wheelchair access, assistance dogs, stimuli-friendly",6+ years,TRUE,FALSE,FALSE,FALSE,FALSE,FALSE,FALSE,FALSE,FALSE,FALSE,FALSE,FALSE,FALSE,FALSE,FALSE
392,Stedelijk Museum Alkmaar,art museum,Alkmaar,https://stedelijkmuseumalkmaar.nl/onderwijs/primair-onderwijs/natte-voeten-andere-narigheid/,Groep 6-8: Natte Voeten & Andere Narigheid,school,TRUE,multimedia tour,TRUE,"wheelchair access, assistance dogs, stimuli-friendly",8-12 years,TRUE,FALSE,FALSE,FALSE,FALSE,FALSE,FALSE,FALSE,FALSE,FALSE,FALSE,FALSE,FALSE,FALSE,FALSE
393,Stedelijk Museum Alkmaar,art museum,Alkmaar,https://stedelijkmuseumalkmaar.nl/onderwijs/primair-onderwijs/groep-1-3-help-het-doek-is-zoek/,Groep 1-3: Help! Het doek is zoek!,school,FALSE,,TRUE,"wheelchair access, assistance dogs, stimuli-friendly",4-7 years,TRUE,FALSE,FALSE,FALSE,FALSE,FALSE,FALSE,FALSE,FALSE,FALSE,FALSE,FALSE,FALSE,FALSE,FALSE
394,Stedelijk Museum Alkmaar,art museum,Alkmaar,https://stedelijkmuseumalkmaar.nl/onderwijs/primair-onderwijs/groep-1-8-anders-kijken/,Groep 1-8: Anders Kijken,school,FALSE,,TRUE,"wheelchair access, assistance dogs, stimuli-friendly",4-11 years,TRUE,FALSE,FALSE,FALSE,FALSE,FALSE,FALSE,FALSE,FALSE,FALSE,FALSE,FALSE,FALSE,FALSE,FALSE
395,Woonbootmuseum,houseboat,Amsterdam,https://www.houseboatmuseum.nl/#,Museum tour,family,TRUE,audio guide,FALSE,,,TRUE,TRUE,TRUE,TRUE,TRUE,TRUE,FALSE,FALSE,FALSE,TRUE,FALSE,FALSE,TRUE,FALSE,FALSE
396,Vlasserij-Suikermuseum,factory museum,Klundert,https://vlasserij-suikermuseum.nl,Museum tour,family,TRUE,audio guide,TRUE,wheelchair access,,TRUE,TRUE,TRUE,FALSE,FALSE,FALSE,FALSE,FALSE,FALSE,FALSE,FALSE,FALSE,FALSE,FALSE,FALSE
397,Hendrick Hamel Museum,historical museum,Gorinchem,https://hendrickhamelmuseum.nl/onderwijs/,Wat neem je mee op reis?,school,FALSE,,TRUE,"assistance dogs , wheelchair access",4-6 years,TRUE,FALSE,FALSE,FALSE,FALSE,FALSE,FALSE,FALSE,FALSE,FALSE,FALSE,FALSE,FALSE,FALSE,FALSE
398,Hendrick Hamel Museum,historical museum,Gorinchem,https://hendrickhamelmuseum.nl/onderwijs/,Hendrick en de VOC,school,FALSE,,TRUE,"assistance dogs , wheelchair access",6-12 years,TRUE,FALSE,FALSE,FALSE,FALSE,FALSE,FALSE,FALSE,FALSE,FALSE,FALSE,FALSE,FALSE,FALSE,FALSE
399,IJstijdenmuseum,archeaological museum,Buitenpost,https://www.ijstijdenmuseum.nl/voor-de-jeugd/,Klassbezoek,school,FALSE,,FALSE,,6+ years,TRUE,FALSE,FALSE,FALSE,FALSE,FALSE,FALSE,FALSE,FALSE,FALSE,FALSE,FALSE,FALSE,FALSE,FALSE
400,Museum Weesp,regional museum,Weesp,https://museumweesp.nl/altijd-te-zien/speciaal-voor-kinderen,Het grote geheim van Weesp,family,FALSE,,TRUE,"wheelchair access, assistance dogs",6-12 years,TRUE,FALSE,FALSE,FALSE,FALSE,FALSE,FALSE,FALSE,FALSE,FALSE,FALSE,FALSE,FALSE,FALSE,FALSE
401,Museum Joure,coffee museum,Joure,https://www.museumjoure.nl/educatie/,Giga gieten,school,FALSE,,TRUE,"assistance dogs, wheelchair access, stimuli-friendly, visual impairment support, hearing impairment support",6-12 years,TRUE,FALSE,FALSE,FALSE,FALSE,FALSE,FALSE,FALSE,FALSE,FALSE,FALSE,FALSE,FALSE,FALSE,FALSE
402,Museum Joure,coffee museum,Joure,https://www.museumjoure.nl/educatie/,Bisto oeral Thús,school,FALSE,,TRUE,"assistance dogs, wheelchair access, stimuli-friendly, visual impairment support, hearing impairment support",4-8 years,TRUE,FALSE,FALSE,FALSE,FALSE,FALSE,FALSE,FALSE,FALSE,FALSE,FALSE,FALSE,FALSE,FALSE,FALSE
403,Museum Joure,coffee museum,Joure,https://www.museumjoure.nl/educatie/,Eigenwij(zer)s,school,FALSE,,TRUE,"assistance dogs, wheelchair access, stimuli-friendly, visual impairment support, hearing impairment support",7-12 years,TRUE,FALSE,FALSE,FALSE,FALSE,FALSE,FALSE,FALSE,FALSE,FALSE,FALSE,FALSE,FALSE,FALSE,FALSE
404,Museum Joure,coffee museum,Joure,https://www.museumjoure.nl/educatie/,"De Drukkerij: Hiep, hiep hoera het is feest",school,FALSE,,TRUE,"assistance dogs, wheelchair access, stimuli-friendly, visual impairment support, hearing impairment support",7-12 years,TRUE,FALSE,FALSE,FALSE,FALSE,FALSE,FALSE,FALSE,FALSE,FALSE,FALSE,FALSE,FALSE,FALSE,FALSE
405,Museum Joure,coffee museum,Joure,https://www.museumjoure.nl/educatie/,De Drukkerij: Letters in Verzet,school,FALSE,,TRUE,"assistance dogs, wheelchair access, stimuli-friendly, visual impairment support, hearing impairment support",,TRUE,FALSE,FALSE,FALSE,FALSE,FALSE,FALSE,FALSE,FALSE,FALSE,FALSE,FALSE,FALSE,FALSE,FALSE
406,Museum Joure,coffee museum,Joure,https://www.museumjoure.nl/educatie/,Het Avontuur van de vlegende schotel,school,FALSE,,TRUE,"assistance dogs, wheelchair access, stimuli-friendly, visual impairment support, hearing impairment support",,TRUE,FALSE,FALSE,FALSE,FALSE,FALSE,FALSE,FALSE,FALSE,FALSE,FALSE,FALSE,FALSE,FALSE,FALSE
407,Museum Joure,coffee museum,Joure,https://www.museumjoure.nl/jonge-makersroute/,Jonge Makersroute,family,FALSE,,TRUE,"assistance dogs, wheelchair access, stimuli-friendly, visual impairment support, hearing impairment support",,TRUE,FALSE,FALSE,FALSE,FALSE,FALSE,FALSE,FALSE,FALSE,FALSE,FALSE,FALSE,FALSE,FALSE,FALSE
408,Museum Joure,coffee museum,Joure,https://www.museumjoure.nl/maakfabriek/,De Maakfabriek,family,FALSE,,TRUE,"assistance dogs, wheelchair access, stimuli-friendly, visual impairment support, hearing impairment support",4-14 years,TRUE,FALSE,FALSE,FALSE,FALSE,FALSE,FALSE,FALSE,FALSE,FALSE,FALSE,FALSE,FALSE,FALSE,FALSE
409,Oold Ark,open-air museum,Makkinga,https://www.museumenmolenmakkinga.nl/index.php/museum/educatie,Veerkieker,school,FALSE,,FALSE,,,TRUE,FALSE,FALSE,FALSE,FALSE,FALSE,FALSE,FALSE,FALSE,FALSE,FALSE,FALSE,FALSE,FALSE,FALSE
410,Oold Ark,open-air museum,Makkinga,https://www.museumenmolenmakkinga.nl/index.php/museum/activiteiten-dag-13-juni,Activeteiten Dag,family,FALSE,,FALSE,,,TRUE,FALSE,FALSE,FALSE,FALSE,FALSE,FALSE,FALSE,FALSE,FALSE,FALSE,FALSE,FALSE,FALSE,FALSE
411,Haarlemmermeermuseum Historisch Museum,historical museum,Cruquius,http://www.haarlemmermeermuseum.nl/audiotour,Audiotour,family,TRUE,"app, audio guide, smartphone",TRUE,"wheelchair access, assistance dogs",,TRUE,FALSE,FALSE,FALSE,FALSE,FALSE,FALSE,FALSE,FALSE,FALSE,FALSE,FALSE,FALSE,FALSE,FALSE
412,Haarlemmermeermuseum Historisch Museum,historical museum,Cruquius,http://www.haarlemmermeermuseum.nl/speurtocht,Speurtocht ,family,TRUE,"app, interactive, smartphone",TRUE,"wheelchair access, assistance dogs",4-12 years,TRUE,FALSE,FALSE,FALSE,FALSE,FALSE,FALSE,FALSE,FALSE,FALSE,FALSE,FALSE,FALSE,FALSE,FALSE
413,Sonnenborgh,astronomical observatory,Utrecht,https://www.sonnenborgh.nl/kinderen,Ver weg komt dichterbij,family,TRUE,multimedia tour; tablet,TRUE,"wheelchair access, assistance dogs, stimuli-friendly",,TRUE,TRUE,FALSE,FALSE,FALSE,FALSE,FALSE,FALSE,FALSE,FALSE,FALSE,FALSE,FALSE,FALSE,FALSE
414,Sonnenborgh,astronomical observatory,Utrecht,https://www.sonnenborgh.nl/kinderen,Voetzoekertjes,family,FALSE,,FALSE,"wheelchair access, assistance dogs, stimuli-friendly",3-6 years,TRUE,TRUE,FALSE,FALSE,FALSE,FALSE,FALSE,FALSE,FALSE,FALSE,FALSE,FALSE,FALSE,FALSE,FALSE
415,Sonnenborgh,astronomical observatory,Utrecht,https://www.sonnenborgh.nl/kinderen,Sterren kijken!,family,FALSE,,FALSE,"wheelchair access, assistance dogs, stimuli-friendly",,TRUE,TRUE,FALSE,FALSE,FALSE,FALSE,FALSE,FALSE,FALSE,FALSE,FALSE,FALSE,FALSE,FALSE,FALSE
416,Sonnenborgh,astronomical observatory,Utrecht,https://www.sonnenborgh.nl/primair-onderwijs/in-het-museum,Dag Sonnie!,school,FALSE,,FALSE,"wheelchair access, assistance dogs, stimuli-friendly",4-6 years,TRUE,FALSE,FALSE,FALSE,FALSE,FALSE,FALSE,FALSE,FALSE,FALSE,FALSE,FALSE,FALSE,FALSE,FALSE
417,Sonnenborgh,astronomical observatory,Utrecht,https://www.sonnenborgh.nl/primair-onderwijs/in-het-museum,Op ruimtereis,school,FALSE,,FALSE,"wheelchair access, assistance dogs, stimuli-friendly",6-8 years,TRUE,FALSE,FALSE,FALSE,FALSE,FALSE,FALSE,FALSE,FALSE,FALSE,FALSE,FALSE,FALSE,FALSE,FALSE
418,Sonnenborgh,astronomical observatory,Utrecht,https://www.sonnenborgh.nl/primair-onderwijs/in-het-museum,Stap in de schoenen van een astronoom,school,FALSE,,FALSE,"wheelchair access, assistance dogs, stimuli-friendly",8-12 years,TRUE,FALSE,FALSE,FALSE,FALSE,FALSE,FALSE,FALSE,FALSE,FALSE,FALSE,FALSE,FALSE,FALSE,FALSE
419,Sonnenborgh,astronomical observatory,Utrecht,https://www.sonnenborgh.nl/primair-onderwijs/in-het-museum,Leve(n) de planeten,school,FALSE,,FALSE,"wheelchair access, assistance dogs, stimuli-friendly",8-12 years,TRUE,FALSE,FALSE,FALSE,FALSE,FALSE,FALSE,FALSE,FALSE,FALSE,FALSE,FALSE,FALSE,FALSE,FALSE
420,Sonnenborgh,astronomical observatory,Utrecht,https://www.sonnenborgh.nl/primair-onderwijs/in-het-museum,Zweven en zwaartekracht,school,FALSE,,FALSE,"wheelchair access, assistance dogs, stimuli-friendly",8-12 years,TRUE,FALSE,FALSE,FALSE,FALSE,FALSE,FALSE,FALSE,FALSE,FALSE,FALSE,FALSE,FALSE,FALSE,FALSE
421,Sonnenborgh,astronomical observatory,Utrecht,https://www.sonnenborgh.nl/primair-onderwijs/in-het-museum,Ster in beeld,school,FALSE,,FALSE,"wheelchair access, assistance dogs, stimuli-friendly",8-12 years,TRUE,FALSE,FALSE,FALSE,FALSE,FALSE,FALSE,FALSE,FALSE,FALSE,FALSE,FALSE,FALSE,FALSE,FALSE
422,Kasteel Huize Ruurlo,"historical museum, castle",Ruurlo,https://www.museummore-kasteelruurlo.nl/basisonderwijs-en-bso/,Samen op Kunstreis,school,FALSE,,FALSE,,4-6 years,TRUE,FALSE,FALSE,FALSE,FALSE,FALSE,FALSE,FALSE,FALSE,FALSE,FALSE,FALSE,FALSE,FALSE,FALSE
423,Kasteel Huize Ruurlo,"historical museum, castle",Ruurlo,https://www.museummore-kasteelruurlo.nl/basisonderwijs-en-bso/,Minimuseum,school,FALSE,,FALSE,,6-8 years,TRUE,FALSE,FALSE,FALSE,FALSE,FALSE,FALSE,FALSE,FALSE,FALSE,FALSE,FALSE,FALSE,FALSE,FALSE
424,Kasteel Huize Ruurlo,"historical museum, castle",Ruurlo,https://www.museummore-kasteelruurlo.nl/basisonderwijs-en-bso/,Realisme in Ruurlo,school,FALSE,,FALSE,,8-10 years,TRUE,FALSE,FALSE,FALSE,FALSE,FALSE,FALSE,FALSE,FALSE,FALSE,FALSE,FALSE,FALSE,FALSE,FALSE
425,Kasteel Huize Ruurlo,"historical museum, castle",Ruurlo,https://www.museummore-kasteelruurlo.nl/basisonderwijs-en-bso/,7 eeuwen kasteel,school,FALSE,,FALSE,,10-12 years,TRUE,FALSE,FALSE,FALSE,FALSE,FALSE,FALSE,FALSE,FALSE,FALSE,FALSE,FALSE,FALSE,FALSE,FALSE
426,Kasteel Huize Ruurlo,"historical museum, castle",Ruurlo,https://www.museummore-kasteelruurlo.nl/more-voor-kinderen-en-families/#speurtochtenenkijkwijzers,Speurtochten en kijkwijzers,family,FALSE,,FALSE,,,TRUE,FALSE,FALSE,FALSE,FALSE,FALSE,FALSE,FALSE,FALSE,FALSE,FALSE,FALSE,FALSE,FALSE,FALSE
427,Kasteel Huize Ruurlo,"historical museum, castle",Ruurlo,https://www.museummore-kasteelruurlo.nl/more-voor-kinderen-en-families/#speurtochtenenkijkwijzers,Sophia's atelier: lekker self aan de slag!,family,FALSE,,FALSE,,,TRUE,FALSE,FALSE,FALSE,FALSE,FALSE,FALSE,FALSE,FALSE,FALSE,FALSE,FALSE,FALSE,FALSE,FALSE
428,Kasteel Huize Ruurlo,"historical museum, castle",Ruurlo,https://www.museummore-kasteelruurlo.nl/more-voor-kinderen-en-families/#speurtochtenenkijkwijzers,Familierondleidingen,family,FALSE,,FALSE,,,TRUE,FALSE,FALSE,FALSE,FALSE,FALSE,FALSE,FALSE,FALSE,FALSE,FALSE,FALSE,FALSE,FALSE,FALSE
429,Kasteel Huize Ruurlo,"historical museum, castle",Ruurlo,https://www.museummore-kasteelruurlo.nl/voortgezet-onderwijs/,Meningstukken en Museumstukken,school,TRUE,multimedia tour,FALSE,,12+ years,TRUE,FALSE,FALSE,FALSE,FALSE,FALSE,FALSE,FALSE,FALSE,FALSE,FALSE,FALSE,FALSE,FALSE,FALSE
430,Museum Jan Cunen,art museum,Oss,https://www.museumjancunen.nl/club-zien-ogenschijnlijk/,Club Zien: Ogenschijnlijk,school,TRUE,multimedia tour; tablet; headphones,TRUE,"wheelchair access, assistance dogs",12+ years,TRUE,FALSE,FALSE,FALSE,FALSE,FALSE,FALSE,FALSE,FALSE,FALSE,FALSE,FALSE,FALSE,FALSE,FALSE
431,Museum Jan Cunen,art museum,Oss,https://www.museumjancunen.nl/club-zien-opzicht/,Club Zien: Opzicht,school,FALSE,,TRUE,"wheelchair access, assistance dogs",12+ years,TRUE,FALSE,FALSE,FALSE,FALSE,FALSE,FALSE,FALSE,FALSE,FALSE,FALSE,FALSE,FALSE,FALSE,FALSE
432,Museum Jan Cunen,art museum,Oss,https://www.museumjancunen.nl/workshop-sjabloondruk-en-monotype/,Workshop,,FALSE,,TRUE,"wheelchair access, assistance dogs",,TRUE,FALSE,FALSE,FALSE,FALSE,FALSE,FALSE,FALSE,FALSE,FALSE,FALSE,FALSE,FALSE,FALSE,FALSE
433,Museum Jan Cunen,art museum,Oss,https://www.museumjancunen.nl/workshop-sjabloondruk-en-monotype/,Workshop sjabloondruk en monotype,school,FALSE,,TRUE,"wheelchair access, assistance dogs",12+ years,TRUE,FALSE,FALSE,FALSE,FALSE,FALSE,FALSE,FALSE,FALSE,FALSE,FALSE,FALSE,FALSE,FALSE,FALSE
434,Museum Jan Cunen,art museum,Oss,https://www.museumjancunen.nl/workshop-grafisch-vormgeven/,Workshop grafisch vormgeven,school,FALSE,,TRUE,"wheelchair access, assistance dogs",12-15 years,TRUE,FALSE,FALSE,FALSE,FALSE,FALSE,FALSE,FALSE,FALSE,FALSE,FALSE,FALSE,FALSE,FALSE,FALSE
435,Museum Jan Cunen,art museum,Oss,https://www.museumjancunen.nl/workshop-productfotografie/,Workshop productfotografie,school,TRUE,photography,TRUE,"wheelchair access, assistance dogs",12+ years,TRUE,FALSE,FALSE,FALSE,FALSE,FALSE,FALSE,FALSE,FALSE,FALSE,FALSE,FALSE,FALSE,FALSE,FALSE
436,Museum Jan Cunen,art museum,Oss,https://www.museumjancunen.nl/workshop-graffiti-stencil-art/,Workshop graffiti/stencil-art,school,FALSE,,TRUE,"wheelchair access, assistance dogs",12+ years,TRUE,FALSE,FALSE,FALSE,FALSE,FALSE,FALSE,FALSE,FALSE,FALSE,FALSE,FALSE,FALSE,FALSE,FALSE
437,Museum Jan Cunen,art museum,Oss,https://www.museumjancunen.nl/workshop-dans/,Workshop dans,school,FALSE,,TRUE,"wheelchair access, assistance dogs",12+ years,TRUE,FALSE,FALSE,FALSE,FALSE,FALSE,FALSE,FALSE,FALSE,FALSE,FALSE,FALSE,FALSE,FALSE,FALSE
438,Museum Jan Cunen,art museum,Oss,https://www.museumjancunen.nl/interactieve-museumtour/,Interactieve museumtour,school,FALSE,,TRUE,"wheelchair access, assistance dogs",12+years,TRUE,FALSE,FALSE,FALSE,FALSE,FALSE,FALSE,FALSE,FALSE,FALSE,FALSE,FALSE,FALSE,FALSE,FALSE
439,Ruurd Wiersma Museum,"art museum, house",Burdaard,https://www.ruurdwiersma.nl/ontdek/audiotour/,Audiotour,family,TRUE,"audio guide, smartphone",FALSE,,,TRUE,TRUE,FALSE,FALSE,FALSE,FALSE,FALSE,FALSE,FALSE,FALSE,FALSE,FALSE,FALSE,FALSE,FALSE
440,TENT Rotterdam,art museum,Rotterdam,https://tentrotterdam.nl/educatie/programma/kijken-met-je-neus-voelen-met-je-oren/,"Kijken met je neus, voelen met je oren",school,FALSE,,TRUE,"wheeclahir access, assistance dogs, visual impairment support, wheelchair access",6-9 years,TRUE,FALSE,FALSE,FALSE,FALSE,FALSE,FALSE,FALSE,FALSE,FALSE,FALSE,FALSE,FALSE,FALSE,FALSE
441,TENT Rotterdam,art museum,Rotterdam,https://tentrotterdam.nl/educatie/programma/dear-heart/,Dear Heart,school,FALSE,,FALSE,"wheeclahir access, assistance dogs, visual impairment support, wheelchair access",6+ years,TRUE,FALSE,FALSE,FALSE,FALSE,FALSE,FALSE,FALSE,FALSE,FALSE,FALSE,FALSE,FALSE,FALSE,FALSE
442,TENT Rotterdam,art museum,Rotterdam,https://tentrotterdam.nl/educatie/programma/100_procent_hedendaags/,100% Hedendaags,school,FALSE,,FALSE,"wheeclahir access, assistance dogs, visual impairment support, wheelchair access",12+ years,TRUE,FALSE,FALSE,FALSE,FALSE,FALSE,FALSE,FALSE,FALSE,FALSE,FALSE,FALSE,FALSE,FALSE,FALSE
443,Universiteitsmuseum,University Museum,Groningen,https://www.rug.nl/museum/whats-on/for-children/knutsel-en-experimentenzaal,Knutsel- en experimentenzaal,family,FALSE,,TRUE,wheelchair access,,TRUE,FALSE,FALSE,FALSE,FALSE,FALSE,FALSE,FALSE,FALSE,FALSE,FALSE,FALSE,FALSE,FALSE,FALSE
444,Universiteitsmuseum,University Museum,Groningen,https://www.rug.nl/museum/whats-on/for-children/verjaardagsfeestje-kinderfeestje/kinderfeestje,Kinderfeestje,family,FALSE,,TRUE,wheelchair access,6-12 years,TRUE,FALSE,FALSE,FALSE,FALSE,FALSE,FALSE,FALSE,FALSE,FALSE,FALSE,FALSE,FALSE,FALSE,FALSE
445,Universiteitsmuseum,University Museum,Groningen,https://www.rug.nl/museum/whats-on/for-children/speurtochten-voor-kinderen/speurtochten-voor-kinderen,Speuren en puzzelen,family,FALSE,,TRUE,wheelchair access,,TRUE,FALSE,FALSE,FALSE,FALSE,FALSE,FALSE,FALSE,FALSE,FALSE,FALSE,FALSE,FALSE,FALSE,FALSE
446,Universiteitsmuseum,University Museum,Groningen,https://www.rug.nl/museum/whats-on/for-children/workshops-in-het-lab,Workshops in het lab,family,FALSE,,TRUE,wheelchair access,6-12 years,TRUE,FALSE,FALSE,FALSE,FALSE,FALSE,FALSE,FALSE,FALSE,FALSE,FALSE,FALSE,FALSE,FALSE,FALSE
447,Universiteitsmuseum,University Museum,Groningen,https://www.rug.nl/museum/education/rondje-rug,Museumles: Rondje RUG in de binnenstad,school,FALSE,,TRUE,wheelchair access,9-12 years,TRUE,FALSE,FALSE,FALSE,FALSE,FALSE,FALSE,FALSE,FALSE,FALSE,FALSE,FALSE,FALSE,FALSE,FALSE
448,Universiteitsmuseum,University Museum,Groningen,https://www.rug.nl/museum/education/museumles-masterminds,Museumles 'Masterminds',school,FALSE,,TRUE,wheelchair access,6-12 years,TRUE,FALSE,FALSE,FALSE,FALSE,FALSE,FALSE,FALSE,FALSE,FALSE,FALSE,FALSE,FALSE,FALSE,FALSE
449,Universiteitsmuseum,University Museum,Groningen,https://www.rug.nl/museum/whats-on/guided-tours,Rondleidingen,school,FALSE,,TRUE,wheelchair access,6-12 years,TRUE,FALSE,FALSE,FALSE,FALSE,FALSE,FALSE,FALSE,FALSE,FALSE,FALSE,FALSE,FALSE,FALSE,FALSE
450,Universiteitsmuseum,University Museum,Groningen,https://www.rug.nl/museum/education/proefjeslab-workshop-tandpasta-maken,Proefjeslab: Workshop tandpasta maken,school,FALSE,,TRUE,wheelchair access,6+ years,TRUE,FALSE,FALSE,FALSE,FALSE,FALSE,FALSE,FALSE,FALSE,FALSE,FALSE,FALSE,FALSE,FALSE,FALSE
451,Universiteitsmuseum,University Museum,Groningen,https://www.rug.nl/museum/education/proefjeslab-workshop-badzout-maken,Proefjeslab: Workshop badzout maken,school,FALSE,,TRUE,wheelchair access,6+ years,TRUE,FALSE,FALSE,FALSE,FALSE,FALSE,FALSE,FALSE,FALSE,FALSE,FALSE,FALSE,FALSE,FALSE,FALSE
452,Universiteitsmuseum,University Museum,Groningen,https://www.rug.nl/museum/education/proefjeslab-experimenten,Proefjeslab: Experimenten,school,FALSE,,TRUE,wheelchair access,6+ years,TRUE,FALSE,FALSE,FALSE,FALSE,FALSE,FALSE,FALSE,FALSE,FALSE,FALSE,FALSE,FALSE,FALSE,FALSE
453,Universiteitsmuseum,University Museum,Groningen,https://www.rug.nl/museum/education/anatomische-les,De anatomische les,school,TRUE,"interactive lesson, multimedia",TRUE,wheelchair access,12+ years,TRUE,FALSE,FALSE,FALSE,FALSE,FALSE,FALSE,FALSE,FALSE,FALSE,FALSE,FALSE,FALSE,FALSE,FALSE
454,Universiteitsmuseum,University Museum,Groningen,https://www.rug.nl/museum/education/menselijk-lichaam,Museumles Menselijk lichaam,school,FALSE,,TRUE,wheelchair access,9-12 years,TRUE,FALSE,FALSE,FALSE,FALSE,FALSE,FALSE,FALSE,FALSE,FALSE,FALSE,FALSE,FALSE,FALSE,FALSE
455,Museum Rijswijk,art museum,Rijswijk,https://museumrijswijk.nl/rondleidingen.php,Groepsrondleidingen,family,FALSE,,TRUE,wheelchair access,,TRUE,FALSE,FALSE,FALSE,FALSE,FALSE,FALSE,FALSE,FALSE,FALSE,FALSE,FALSE,FALSE,FALSE,FALSE
456,Streekmuseum Reeuwijk,regional museum,Reeuwijk,https://www.streekmuseumreeuwijk.nl/museum/rondleidingen/,Guided tour,family,FALSE,,FALSE,,,TRUE,FALSE,FALSE,FALSE,FALSE,FALSE,FALSE,FALSE,FALSE,FALSE,FALSE,FALSE,FALSE,FALSE,FALSE